{"epochs": 77, "batch_size": 4500, "learning_rate": 0.0030356454106231123, "max_grad_norm": 2.1263997144154825}