{"number":{"0":0,"1":1,"2":2,"3":3,"4":4,"5":5,"6":6,"7":7,"8":8,"9":9,"10":10,"11":11,"12":12,"13":13,"14":14,"15":15,"16":16,"17":17,"18":18,"19":19},"value":{"0":0.1000000015,"1":0.3733333349,"2":0.2222222239,"3":0.1000000015,"4":0.1000000015,"5":0.1000000015,"6":0.2355555445,"7":0.9800000191,"8":0.0844444409,"9":0.1000000015,"10":0.9755555391,"11":0.4488888979,"12":0.9822221994,"13":0.8555555344,"14":0.982222259,"15":0.9711111784,"16":0.9799999595,"17":0.9844444394,"18":0.9599999785,"19":0.9866666794},"datetime_start":{"0":1702474788289,"1":1702475103065,"2":1702475695310,"3":1702476024353,"4":1702476382142,"5":1702476614195,"6":1702477074648,"7":1702477547118,"8":1702477805341,"9":1702477831575,"10":1702478267889,"11":1702478510045,"12":1702478694092,"13":1702478961472,"14":1702479223690,"15":1702479488861,"16":1702479740892,"17":1702479996927,"18":1702480253127,"19":1702480501980},"datetime_complete":{"0":1702475102921,"1":1702475695057,"2":1702476024215,"3":1702476381997,"4":1702476614050,"5":1702477074499,"6":1702477546981,"7":1702477805180,"8":1702477831443,"9":1702478267743,"10":1702478509913,"11":1702478693944,"12":1702478961313,"13":1702479223542,"14":1702479488720,"15":1702479740750,"16":1702479996769,"17":1702480252982,"18":1702480501835,"19":1702480776824},"duration":{"0":314632,"1":591991,"2":328904,"3":357643,"4":231908,"5":460303,"6":472333,"7":258061,"8":26101,"9":436168,"10":242024,"11":183899,"12":267220,"13":262070,"14":265029,"15":251888,"16":255877,"17":256055,"18":248707,"19":274843},"params_batch_size":{"0":256,"1":512,"2":512,"3":4500,"4":512,"5":4096,"6":256,"7":4500,"8":256,"9":4096,"10":4500,"11":4500,"12":4500,"13":4500,"14":4500,"15":4500,"16":4500,"17":4500,"18":4500,"19":4500},"params_epochs":{"0":75,"1":142,"2":87,"3":103,"4":61,"5":133,"6":120,"7":72,"8":2,"9":125,"10":67,"11":50,"12":74,"13":73,"14":74,"15":70,"16":71,"17":71,"18":69,"19":77},"params_learning_rate":{"0":0.01574189,"1":0.0000066904,"2":0.0051410966,"3":0.0622002598,"4":0.0285708008,"5":0.0433504539,"6":0.0000042471,"7":0.0043000016,"8":0.0000004957,"9":0.0210511805,"10":0.0026725865,"11":0.009822399,"12":0.0017162401,"13":0.0060538316,"14":0.0023521953,"15":0.001365975,"16":0.0023539984,"17":0.0021782066,"18":0.0010791019,"19":0.0030356454},"params_max_grad_norm":{"0":6.0909271151,"1":5.34261303,"2":2.1568030652,"3":8.1222940115,"4":2.7360438197,"5":8.9693080342,"6":8.3216275897,"7":2.147413679,"8":8.6584135736,"9":4.8277062666,"10":1.1221943436,"11":1.6122618724,"12":1.064119469,"13":0.8306601539,"14":2.139008428,"15":1.865819633,"16":1.680524318,"17":1.7285574059,"18":0.5913222612,"19":2.1263997144},"state":{"0":"COMPLETE","1":"COMPLETE","2":"COMPLETE","3":"COMPLETE","4":"COMPLETE","5":"COMPLETE","6":"COMPLETE","7":"COMPLETE","8":"COMPLETE","9":"COMPLETE","10":"COMPLETE","11":"COMPLETE","12":"COMPLETE","13":"COMPLETE","14":"COMPLETE","15":"COMPLETE","16":"COMPLETE","17":"COMPLETE","18":"COMPLETE","19":"COMPLETE"}}