{"epochs": 71, "learning_rate": 0.0035978607056167274, "max_grad_norm": 6.422907946819707}