{"number":{"0":0,"1":1,"2":2,"3":3,"4":4,"5":5,"6":6,"7":7,"8":8,"9":9,"10":10,"11":11,"12":12,"13":13,"14":14,"15":15,"16":16,"17":17,"18":18,"19":19},"value":{"0":0.4133333564,"1":0.0955555588,"2":0.8066667318,"3":0.0399999991,"4":0.1333333403,"5":0.1333333254,"6":0.0977777839,"7":0.113333337,"8":0.9355555773,"9":0.9044444561,"10":0.928888917,"11":0.9288887978,"12":0.9355555773,"13":0.2844444513,"14":0.9222221971,"15":0.928888917,"16":0.9222221971,"17":0.9333333373,"18":0.9377777576,"19":0.9177778363},"datetime_start":{"0":1703005408711,"1":1703005747641,"2":1703006237451,"3":1703006295260,"4":1703006874979,"5":1703007553400,"6":1703007711719,"7":1703008069675,"8":1703008192358,"9":1703008570687,"10":1703008993554,"11":1703009148589,"12":1703009568746,"13":1703009919216,"14":1703009933420,"15":1703010232677,"16":1703010623493,"17":1703010814055,"18":1703011421645,"19":1703011717527},"datetime_complete":{"0":1703005747483,"1":1703006237318,"2":1703006295131,"3":1703006874812,"4":1703007553266,"5":1703007711570,"6":1703008069507,"7":1703008192190,"8":1703008570546,"9":1703008993397,"10":1703009148423,"11":1703009568617,"12":1703009919065,"13":1703009933282,"14":1703010232543,"15":1703010623328,"16":1703010813903,"17":1703011421514,"18":1703011717368,"19":1703012188100},"duration":{"0":338772,"1":489677,"2":57679,"3":579551,"4":678287,"5":158170,"6":357788,"7":122514,"8":378187,"9":422709,"10":154868,"11":420027,"12":350319,"13":14065,"14":299123,"15":390650,"16":190410,"17":607458,"18":295722,"19":470572},"params_epochs":{"0":75,"1":120,"2":12,"3":142,"4":167,"5":37,"6":87,"7":28,"8":92,"9":103,"10":36,"11":102,"12":85,"13":1,"14":72,"15":95,"16":45,"17":149,"18":71,"19":115},"params_learning_rate":{"0":0.0506157689,"1":0.0000008632,"2":0.01574189,"3":0.0000001329,"4":0.0000018795,"5":0.0000066904,"6":0.0000055895,"7":0.0000056607,"8":0.0051410966,"9":0.0003584986,"10":0.0022590792,"11":0.0018155568,"12":0.0014434274,"13":0.0093441641,"14":0.0014182656,"15":0.0017073418,"16":0.0010628503,"17":0.0025027022,"18":0.0035978607,"19":0.0034747845},"params_max_grad_norm":{"0":7.3735406298,"1":1.7287462993,"2":6.0909271151,"3":9.7051165512,"4":1.9818846786,"5":5.34261303,"6":6.1961583683,"7":3.7903460643,"8":2.1568030652,"9":0.6552140447,"10":1.6185579814,"11":0.2,"12":2.6766154332,"13":3.0664187547,"14":1.2600347851,"15":1.501324915,"16":0.2,"17":1.6532171457,"18":6.4229079468,"19":3.9084713629},"state":{"0":"COMPLETE","1":"COMPLETE","2":"COMPLETE","3":"COMPLETE","4":"COMPLETE","5":"COMPLETE","6":"COMPLETE","7":"COMPLETE","8":"COMPLETE","9":"COMPLETE","10":"COMPLETE","11":"COMPLETE","12":"COMPLETE","13":"COMPLETE","14":"COMPLETE","15":"COMPLETE","16":"COMPLETE","17":"COMPLETE","18":"COMPLETE","19":"COMPLETE"}}