{"epochs": 77, "batch_size": 4500, "learning_rate": 0.0034493610590152603, "max_grad_norm": 0.9580270090998269}