{"number":{"0":0,"1":1,"2":2,"3":3,"4":4,"5":5,"6":6,"7":7,"8":8,"9":9,"10":10,"11":11,"12":12,"13":13,"14":14,"15":15,"16":16,"17":17,"18":18,"19":19,"20":20,"21":21,"22":22,"23":23,"24":24,"25":25,"26":26,"27":27,"28":28,"29":29,"30":30,"31":31,"32":32,"33":33,"34":34,"35":35,"36":36,"37":37,"38":38,"39":39,"40":40,"41":41,"42":42,"43":43,"44":44,"45":45,"46":46,"47":47,"48":48,"49":49},"value":{"0":0.12444444,"1":0.4600000381,"2":0.8955555558,"3":0.1111111194,"4":0.0955555588,"5":0.1955555528,"6":0.3799999952,"7":0.9333333373,"8":0.1577777863,"9":0.8822221756,"10":0.9311110973,"11":0.9377778172,"12":0.9155555367,"13":0.9311110973,"14":0.908888936,"15":0.9355555773,"16":0.9377777576,"17":0.9399999976,"18":0.9377777576,"19":0.9333333373,"20":0.9355555177,"21":0.9377777576,"22":0.9377777576,"23":0.9355555177,"24":0.9422222376,"25":0.9422222376,"26":0.9333333373,"27":0.9355555177,"28":0.9511110783,"29":0.9377778172,"30":0.9399999976,"31":0.9444444776,"32":0.9377777576,"33":0.944444418,"34":0.939999938,"35":0.9333332777,"36":0.944444418,"37":0.9333333373,"38":0.9355555773,"39":0.9355555177,"40":0.9399999976,"41":0.9355555773,"42":0.9355555177,"43":0.9355555773,"44":0.9488888979,"45":0.9377777576,"46":0.9311111569,"47":0.9333333373,"48":0.9377777576,"49":0.9333332777},"datetime_start":{"0":1702566772524,"1":1702567181893,"2":1702567845729,"3":1702568256765,"4":1702568685347,"5":1702568976750,"6":1702569520065,"7":1702570132583,"8":1702570437310,"9":1702570460020,"10":1702570970727,"11":1702571370367,"12":1702571683488,"13":1702572164042,"14":1702572398280,"15":1702572891610,"16":1702573232640,"17":1702573550909,"18":1702573868262,"19":1702574188118,"20":1702574504676,"21":1702574825072,"22":1702575137553,"23":1702575451646,"24":1702575763802,"25":1702576080977,"26":1702576406557,"27":1702576806150,"28":1702577131359,"29":1702577456292,"30":1702577769433,"31":1702578074698,"32":1702578387837,"33":1702578697005,"34":1702579009412,"35":1702579326907,"36":1702579638667,"37":1702579951914,"38":1702580267980,"39":1702580585020,"40":1702580901763,"41":1702581231737,"42":1702581552769,"43":1702581874811,"44":1702582197474,"45":1702582519200,"46":1702582841399,"47":1702583161541,"48":1702583479212,"49":1702583795704},"datetime_complete":{"0":1702567181757,"1":1702567845464,"2":1702568256615,"3":1702568685205,"4":1702568976610,"5":1702569519908,"6":1702570132439,"7":1702570437158,"8":1702570459875,"9":1702570970555,"10":1702571370073,"11":1702571683353,"12":1702572163889,"13":1702572398148,"14":1702572891454,"15":1702573232475,"16":1702573550716,"17":1702573868130,"18":1702574187988,"19":1702574504528,"20":1702574824897,"21":1702575137371,"22":1702575451476,"23":1702575763672,"24":1702576080834,"25":1702576406423,"26":1702576806006,"27":1702577131222,"28":1702577456153,"29":1702577769262,"30":1702578074527,"31":1702578387682,"32":1702578696871,"33":1702579009258,"34":1702579326744,"35":1702579638471,"36":1702579951758,"37":1702580267821,"38":1702580584853,"39":1702580901591,"40":1702581231562,"41":1702581552600,"42":1702581874672,"43":1702582197341,"44":1702582519058,"45":1702582841265,"46":1702583161381,"47":1702583479043,"48":1702583795568,"49":1702584116775},"duration":{"0":409233,"1":663571,"2":410886,"3":428440,"4":291262,"5":543157,"6":612373,"7":304574,"8":22564,"9":510535,"10":399346,"11":312986,"12":480401,"13":234106,"14":493173,"15":340864,"16":318076,"17":317221,"18":319725,"19":316410,"20":320221,"21":312298,"22":313922,"23":312025,"24":317031,"25":325446,"26":399449,"27":325071,"28":324794,"29":312970,"30":305094,"31":312984,"32":309034,"33":312252,"34":317331,"35":311564,"36":313090,"37":315906,"38":316873,"39":316570,"40":329799,"41":320863,"42":321902,"43":322530,"44":321584,"45":322065,"46":319981,"47":317501,"48":316356,"49":321071},"params_batch_size":{"0":256,"1":512,"2":512,"3":4500,"4":512,"5":4096,"6":256,"7":4500,"8":256,"9":4096,"10":4500,"11":4500,"12":512,"13":4500,"14":4096,"15":4500,"16":4500,"17":4500,"18":4500,"19":4500,"20":4500,"21":4500,"22":4500,"23":4500,"24":4500,"25":4500,"26":4500,"27":4500,"28":4500,"29":4500,"30":4500,"31":4500,"32":4500,"33":4500,"34":4500,"35":4500,"36":4500,"37":4500,"38":4500,"39":4500,"40":4500,"41":4500,"42":4500,"43":4500,"44":4500,"45":4500,"46":4500,"47":4500,"48":4500,"49":4500},"params_epochs":{"0":75,"1":142,"2":87,"3":103,"4":61,"5":133,"6":120,"7":72,"8":2,"9":125,"10":66,"11":74,"12":102,"13":55,"14":121,"15":81,"16":75,"17":75,"18":76,"19":75,"20":76,"21":74,"22":74,"23":74,"24":75,"25":77,"26":95,"27":77,"28":77,"29":74,"30":72,"31":74,"32":73,"33":74,"34":75,"35":74,"36":74,"37":75,"38":75,"39":75,"40":78,"41":76,"42":76,"43":76,"44":76,"45":76,"46":76,"47":75,"48":75,"49":76},"params_learning_rate":{"0":0.01574189,"1":0.0000066904,"2":0.0051410966,"3":0.0622002598,"4":0.0285708008,"5":0.0433504539,"6":0.0000042471,"7":0.0043000016,"8":0.0000004957,"9":0.0210511805,"10":0.0022904198,"11":0.0025806759,"12":0.0019256492,"13":0.003500496,"14":0.0139442041,"15":0.0053409344,"16":0.0037892379,"17":0.0034958565,"18":0.00350798,"19":0.0035382067,"20":0.0033679306,"21":0.0032867947,"22":0.0032967319,"23":0.0033155947,"24":0.0032122498,"25":0.0033114681,"26":0.003323056,"27":0.0034413338,"28":0.0034493611,"29":0.003390326,"30":0.0032819005,"31":0.003438096,"32":0.0034808042,"33":0.0035098895,"34":0.0035327718,"35":0.0035121208,"36":0.0034812756,"37":0.0034760344,"38":0.0034815502,"39":0.0034643459,"40":0.0030697112,"41":0.0035386919,"42":0.0035765474,"43":0.0036684768,"44":0.0037568842,"45":0.0033507871,"46":0.0032323213,"47":0.0030912851,"48":0.0029067687,"49":0.0030292372},"params_max_grad_norm":{"0":6.0909271151,"1":5.34261303,"2":2.1568030652,"3":8.1222940115,"4":2.7360438197,"5":8.9693080342,"6":8.3216275897,"7":2.147413679,"8":8.6584135736,"9":4.8277062666,"10":0.7825667918,"11":1.2031441801,"12":1.8248819717,"13":1.4439230422,"14":2.6294611154,"15":0.2,"16":0.8963203901,"17":0.992641929,"18":0.910871692,"19":0.9543067634,"20":1.0528761846,"21":1.1021869664,"22":1.0882744364,"23":1.0794196443,"24":1.1188980672,"25":1.0324912104,"26":0.7727550991,"27":1.0227466053,"28":0.9580270091,"29":0.9533933887,"30":0.954815179,"31":0.8776636774,"32":0.4909698808,"33":0.9618827745,"34":0.9751995512,"35":0.9601968555,"36":0.9480705594,"37":0.929839832,"38":0.9074731869,"39":0.8550105003,"40":0.7307945593,"41":0.8150291799,"42":0.7106617024,"43":0.6349885402,"44":0.4978841726,"45":0.4068965885,"46":0.8560783745,"47":0.7814719843,"48":0.8649346373,"49":0.8673300064},"state":{"0":"COMPLETE","1":"COMPLETE","2":"COMPLETE","3":"COMPLETE","4":"COMPLETE","5":"COMPLETE","6":"COMPLETE","7":"COMPLETE","8":"COMPLETE","9":"COMPLETE","10":"COMPLETE","11":"COMPLETE","12":"COMPLETE","13":"COMPLETE","14":"COMPLETE","15":"COMPLETE","16":"COMPLETE","17":"COMPLETE","18":"COMPLETE","19":"COMPLETE","20":"COMPLETE","21":"COMPLETE","22":"COMPLETE","23":"COMPLETE","24":"COMPLETE","25":"COMPLETE","26":"COMPLETE","27":"COMPLETE","28":"COMPLETE","29":"COMPLETE","30":"COMPLETE","31":"COMPLETE","32":"COMPLETE","33":"COMPLETE","34":"COMPLETE","35":"COMPLETE","36":"COMPLETE","37":"COMPLETE","38":"COMPLETE","39":"COMPLETE","40":"COMPLETE","41":"COMPLETE","42":"COMPLETE","43":"COMPLETE","44":"COMPLETE","45":"COMPLETE","46":"COMPLETE","47":"COMPLETE","48":"COMPLETE","49":"COMPLETE"}}