{"number":{"0":0,"1":1,"2":2,"3":3,"4":4,"5":5,"6":6,"7":7,"8":8,"9":9,"10":10,"11":11,"12":12,"13":13,"14":14,"15":15,"16":16,"17":17,"18":18,"19":19},"value":{"0":0.366306901,"1":0.7665218115,"2":0.3735026717,"3":0.3707513511,"4":0.4563598037,"5":0.366306901,"6":0.7232508659,"7":0.3735026717,"8":0.3707513511,"9":0.3766772747,"10":0.7955946922,"11":0.7955946922,"12":0.0666666701,"13":0.7422125936,"14":0.7978539467,"15":0.7978539467,"16":0.7978539467,"17":0.7978539467,"18":0.7978539467,"19":0.783460021},"datetime_start":{"0":1727170325141,"1":1727170537779,"2":1727170650220,"3":1727170765826,"4":1727170877192,"5":1727170989457,"6":1727171099207,"7":1727171217112,"8":1727171333001,"9":1727171446227,"10":1727171561712,"11":1727171673306,"12":1727171784200,"13":1727171894950,"14":1727172017681,"15":1727172129954,"16":1727172243626,"17":1727172358126,"18":1727172471409,"19":1727172584852},"datetime_complete":{"0":1727170537643,"1":1727170650048,"2":1727170765700,"3":1727170877058,"4":1727170989329,"5":1727171099061,"6":1727171216973,"7":1727171332867,"8":1727171446086,"9":1727171561571,"10":1727171673162,"11":1727171784066,"12":1727171894810,"13":1727172017548,"14":1727172129824,"15":1727172243475,"16":1727172357996,"17":1727172471277,"18":1727172584714,"19":1727172699890},"duration":{"0":212501,"1":112269,"2":115480,"3":111231,"4":112137,"5":109603,"6":117765,"7":115755,"8":113085,"9":115343,"10":111449,"11":110759,"12":110609,"13":122597,"14":112143,"15":113521,"16":114370,"17":113151,"18":113305,"19":115038},"params_batch_size":{"0":2584,"1":1698,"2":584,"3":2372,"4":1974,"5":2633,"6":726,"7":653,"8":1512,"9":925,"10":2708,"11":2708,"12":2708,"13":192,"14":2128,"15":2151,"16":2158,"17":2174,"18":2216,"19":2303},"params_learning_rate":{"0":0.0000176702,"1":0.0024658329,"2":0.0000008632,"3":0.0000002231,"4":0.0004042873,"5":0.0000001329,"6":0.0098777003,"7":0.000001233,"8":0.0000066904,"9":0.0000390544,"10":0.0042881613,"11":0.0043101897,"12":0.1,"13":0.0042962112,"14":0.0044628865,"15":0.004435992,"16":0.004367675,"17":0.0042829649,"18":0.0041643194,"19":0.0039961586},"state":{"0":"COMPLETE","1":"COMPLETE","2":"COMPLETE","3":"COMPLETE","4":"COMPLETE","5":"COMPLETE","6":"COMPLETE","7":"COMPLETE","8":"COMPLETE","9":"COMPLETE","10":"COMPLETE","11":"COMPLETE","12":"COMPLETE","13":"COMPLETE","14":"COMPLETE","15":"COMPLETE","16":"COMPLETE","17":"COMPLETE","18":"COMPLETE","19":"COMPLETE"}}