{"epochs": 66, "batch_size": 4500, "learning_rate": 0.0023579695207351986, "max_grad_norm": 0.5815589429894399}