{"number":{"0":0,"1":1,"2":2,"3":3,"4":4,"5":5,"6":6,"7":7,"8":8,"9":9,"10":10,"11":11,"12":12,"13":13,"14":14,"15":15,"16":16,"17":17,"18":18,"19":19},"value":{"0":0.5222222805,"1":0.1733333468,"2":0.9177778363,"3":0.355555594,"4":0.3377777934,"5":0.5044444799,"6":0.1155555546,"7":0.9355555773,"8":0.0222222228,"9":0.8577777743,"10":0.9577777386,"11":0.9488888979,"12":0.9377777576,"13":0.9333333969,"14":0.9311110973,"15":0.9400000572,"16":0.9533333778,"17":0.9399999976,"18":0.9488888979,"19":0.9511111379},"datetime_start":{"0":1702474794226,"1":1702475024633,"2":1702475406266,"3":1702475697386,"4":1702475958544,"5":1702476129977,"6":1702476463776,"7":1702476805502,"8":1702476993417,"9":1702477016267,"10":1702477330094,"11":1702477505025,"12":1702477802929,"13":1702478066593,"14":1702478339980,"15":1702478705359,"16":1702478886365,"17":1702479058463,"18":1702479380317,"19":1702479693349},"datetime_complete":{"0":1702475024478,"1":1702475406098,"2":1702475695071,"3":1702475958412,"4":1702476129823,"5":1702476463621,"6":1702476805344,"7":1702476993212,"8":1702477016111,"9":1702477329920,"10":1702477504862,"11":1702477802790,"12":1702478066371,"13":1702478339780,"14":1702478705133,"15":1702478886192,"16":1702479058241,"17":1702479380136,"18":1702479693194,"19":1702479923010},"duration":{"0":230251,"1":381465,"2":288805,"3":261025,"4":171279,"5":333643,"6":341568,"7":187710,"8":22694,"9":313652,"10":174767,"11":297765,"12":263442,"13":273187,"14":365152,"15":180832,"16":171875,"17":321672,"18":312877,"19":229661},"params_batch_size":{"0":256,"1":512,"2":512,"3":4500,"4":512,"5":4096,"6":256,"7":4500,"8":256,"9":4096,"10":4500,"11":512,"12":512,"13":512,"14":512,"15":4500,"16":4500,"17":512,"18":4500,"19":4500},"params_epochs":{"0":75,"1":142,"2":87,"3":103,"4":61,"5":133,"6":120,"7":72,"8":2,"9":125,"10":66,"11":109,"12":96,"13":99,"14":135,"15":68,"16":65,"17":118,"18":124,"19":89},"params_learning_rate":{"0":0.01574189,"1":0.0000066904,"2":0.0051410966,"3":0.0622002598,"4":0.0285708008,"5":0.0433504539,"6":0.0000042471,"7":0.0043000016,"8":0.0000004957,"9":0.0210511805,"10":0.0023579695,"11":0.0016238056,"12":0.0016185911,"13":0.0024701052,"14":0.0035038127,"15":0.0020251174,"16":0.0036370498,"17":0.0019682122,"18":0.0028369698,"19":0.0028149428},"params_max_grad_norm":{"0":6.0909271151,"1":5.34261303,"2":2.1568030652,"3":8.1222940115,"4":2.7360438197,"5":8.9693080342,"6":8.3216275897,"7":2.147413679,"8":8.6584135736,"9":4.8277062666,"10":0.581558943,"11":1.2272443436,"12":2.8115308712,"13":1.5252968667,"14":2.8446431835,"15":1.488214807,"16":0.554535678,"17":2.1887346035,"18":0.2,"19":0.4490621195},"state":{"0":"COMPLETE","1":"COMPLETE","2":"COMPLETE","3":"COMPLETE","4":"COMPLETE","5":"COMPLETE","6":"COMPLETE","7":"COMPLETE","8":"COMPLETE","9":"COMPLETE","10":"COMPLETE","11":"COMPLETE","12":"COMPLETE","13":"COMPLETE","14":"COMPLETE","15":"COMPLETE","16":"COMPLETE","17":"COMPLETE","18":"COMPLETE","19":"COMPLETE"}}