{"epochs": 72, "batch_size": 4500, "learning_rate": 0.004300001586162603, "max_grad_norm": 2.14741367903489}