{"number":{"0":0,"1":1,"2":2,"3":3,"4":4,"5":5,"6":6,"7":7,"8":8,"9":9,"10":10,"11":11,"12":12,"13":13,"14":14,"15":15,"16":16,"17":17,"18":18,"19":19},"value":{"0":0.0085000005,"1":0.0125000002,"2":0.0219999999,"3":0.0130000003,"4":0.0089999996,"5":0.0094999997,"6":0.0049999999,"7":0.0679999962,"8":0.0090000005,"9":0.0044999998,"10":0.0450000018,"11":0.0529999994,"12":0.0480000004,"13":0.0459999964,"14":0.0060000001,"15":0.0549999997,"16":0.0529999994,"17":0.049999997,"18":0.0335000008,"19":0.0600000024},"datetime_start":{"0":1702474788185,"1":1702475598725,"2":1702477064421,"3":1702477913861,"4":1702478783432,"5":1702479386728,"6":1702480481778,"7":1702481751774,"8":1702482359780,"9":1702482401406,"10":1702483428757,"11":1702484001375,"12":1702484639439,"13":1702485594037,"14":1702486093730,"15":1702486700927,"16":1702487333469,"17":1702487971370,"18":1702488594811,"19":1702489225537},"datetime_complete":{"0":1702475598557,"1":1702477064255,"2":1702477913695,"3":1702478783301,"4":1702479386575,"5":1702480481631,"6":1702481751602,"7":1702482359626,"8":1702482401243,"9":1702483428537,"10":1702484001229,"11":1702484639283,"12":1702485593894,"13":1702486093578,"14":1702486700747,"15":1702487333298,"16":1702487971164,"17":1702488594660,"18":1702489225358,"19":1702489931090},"duration":{"0":810372,"1":1465530,"2":849274,"3":869440,"4":603143,"5":1094903,"6":1269823,"7":607852,"8":41462,"9":1027131,"10":572471,"11":637907,"12":954455,"13":499540,"14":607017,"15":632370,"16":637694,"17":623290,"18":630546,"19":705553},"params_batch_size":{"0":256,"1":512,"2":512,"3":4500,"4":512,"5":4096,"6":256,"7":4500,"8":256,"9":4096,"10":4500,"11":4500,"12":4500,"13":4500,"14":4500,"15":4500,"16":4500,"17":4500,"18":4500,"19":4500},"params_epochs":{"0":75,"1":142,"2":87,"3":103,"4":61,"5":133,"6":120,"7":72,"8":2,"9":125,"10":67,"11":75,"12":113,"13":58,"14":71,"15":68,"16":75,"17":73,"18":74,"19":83},"params_learning_rate":{"0":0.01574189,"1":0.0000066904,"2":0.0051410966,"3":0.0622002598,"4":0.0285708008,"5":0.0433504539,"6":0.0000042471,"7":0.0043000016,"8":0.0000004957,"9":0.0210511805,"10":0.0026925708,"11":0.0069774892,"12":0.0053337807,"13":0.0026852707,"14":0.0901393027,"15":0.0059324944,"16":0.0050164706,"17":0.0050820145,"18":0.0049376475,"19":0.0036405985},"params_max_grad_norm":{"0":6.0909271151,"1":5.34261303,"2":2.1568030652,"3":8.1222940115,"4":2.7360438197,"5":8.9693080342,"6":8.3216275897,"7":2.147413679,"8":8.6584135736,"9":4.8277062666,"10":1.0904000014,"11":3.2629780682,"12":2.2070142953,"13":2.6531699213,"14":1.8452571927,"15":1.7921245164,"16":2.3644806633,"17":2.3025852919,"18":2.348516633,"19":2.45169709},"state":{"0":"COMPLETE","1":"COMPLETE","2":"COMPLETE","3":"COMPLETE","4":"COMPLETE","5":"COMPLETE","6":"COMPLETE","7":"COMPLETE","8":"COMPLETE","9":"COMPLETE","10":"COMPLETE","11":"COMPLETE","12":"COMPLETE","13":"COMPLETE","14":"COMPLETE","15":"COMPLETE","16":"COMPLETE","17":"COMPLETE","18":"COMPLETE","19":"COMPLETE"}}