{"epochs": 53, "batch_size": 4500, "learning_rate": 0.0033198020498880192, "max_grad_norm": 1.611442012077284}