{"number":{"0":0,"1":1,"2":2,"3":3,"4":4,"5":5,"6":6,"7":7,"8":8,"9":9,"10":10,"11":11,"12":12,"13":13,"14":14,"15":15,"16":16,"17":17,"18":18,"19":19},"value":{"0":0.2911111116,"1":0.1577777863,"2":0.8111111522,"3":0.3888888955,"4":0.3000000119,"5":0.3955555558,"6":0.1222222224,"7":0.9066666961,"8":0.0844444484,"9":0.7088888884,"10":0.9155555964,"11":0.908888936,"12":0.8911111355,"13":0.9111111164,"14":0.9044444561,"15":0.8955555558,"16":0.6622222066,"17":0.9155555964,"18":0.9066666365,"19":0.9177777767},"datetime_start":{"0":1702474788309,"1":1702475028476,"2":1702475377529,"3":1702475593580,"4":1702475901625,"5":1702476056759,"6":1702476315392,"7":1702476657065,"8":1702476944103,"9":1702476963181,"10":1702477205328,"11":1702477347029,"12":1702477486818,"13":1702477624019,"14":1702477773630,"15":1702478056312,"16":1702478211626,"17":1702478469799,"18":1702478574293,"19":1702478696283},"datetime_complete":{"0":1702475028346,"1":1702475377398,"2":1702475593448,"3":1702475901490,"4":1702476056612,"5":1702476315260,"6":1702476656911,"7":1702476943932,"8":1702476963042,"9":1702477205173,"10":1702477346876,"11":1702477486674,"12":1702477623885,"13":1702477773497,"14":1702478056160,"15":1702478211476,"16":1702478469630,"17":1702478574151,"18":1702478696142,"19":1702478810327},"duration":{"0":240037,"1":348922,"2":215919,"3":307910,"4":154987,"5":258501,"6":341519,"7":286866,"8":18938,"9":241991,"10":141548,"11":139645,"12":137067,"13":149478,"14":282530,"15":155163,"16":258004,"17":104352,"18":121849,"19":114043},"params_batch_size":{"0":256,"1":512,"2":512,"3":4500,"4":512,"5":4096,"6":256,"7":4500,"8":256,"9":4096,"10":4500,"11":4500,"12":4500,"13":4500,"14":512,"15":4500,"16":512,"17":4500,"18":4500,"19":4500},"params_epochs":{"0":75,"1":142,"2":87,"3":103,"4":61,"5":133,"6":120,"7":72,"8":2,"9":125,"10":69,"11":67,"12":66,"13":73,"14":113,"15":75,"16":103,"17":49,"18":58,"19":53},"params_learning_rate":{"0":0.01574189,"1":0.0000066904,"2":0.0051410966,"3":0.0622002598,"4":0.0285708008,"5":0.0433504539,"6":0.0000042471,"7":0.0043000016,"8":0.0000004957,"9":0.0210511805,"10":0.0028159064,"11":0.0022079873,"12":0.0070501532,"13":0.002089159,"14":0.0014791619,"15":0.0032192263,"16":0.0095789859,"17":0.0027008678,"18":0.0021725498,"19":0.003319802},"params_max_grad_norm":{"0":6.0909271151,"1":5.34261303,"2":2.1568030652,"3":8.1222940115,"4":2.7360438197,"5":8.9693080342,"6":8.3216275897,"7":2.147413679,"8":8.6584135736,"9":4.8277062666,"10":0.8426622682,"11":1.6444404875,"12":1.2337559004,"13":1.2381131333,"14":0.8990962044,"15":1.2422173728,"16":0.2,"17":1.0630762215,"18":0.7113917168,"19":1.6114420121},"state":{"0":"COMPLETE","1":"COMPLETE","2":"COMPLETE","3":"COMPLETE","4":"COMPLETE","5":"COMPLETE","6":"COMPLETE","7":"COMPLETE","8":"COMPLETE","9":"COMPLETE","10":"COMPLETE","11":"COMPLETE","12":"COMPLETE","13":"COMPLETE","14":"COMPLETE","15":"COMPLETE","16":"COMPLETE","17":"COMPLETE","18":"COMPLETE","19":"COMPLETE"}}