{"epochs": 50, "learning_rate": 0.003247595430103258, "max_grad_norm": 0.4157010966133913}