{"number":{"0":0,"1":1,"2":2,"3":3,"4":4,"5":5,"6":6,"7":7,"8":8,"9":9,"10":10,"11":11,"12":12,"13":13,"14":14,"15":15,"16":16,"17":17,"18":18,"19":19},"value":{"0":0.6755555868,"1":0.1022222266,"2":0.9266666174,"3":0.1155555621,"4":0.1044444442,"5":0.1022222191,"6":0.0733333379,"7":0.0866666734,"8":0.928888917,"9":0.8822221756,"10":0.9466667175,"11":0.9466666579,"12":0.9422222376,"13":0.9466666579,"14":0.555555582,"15":0.9377778172,"16":0.9377777576,"17":0.9488888979,"18":0.944444418,"19":0.9511110783},"datetime_start":{"0":1703004980440,"1":1703005198352,"2":1703005508051,"3":1703005553022,"4":1703005916953,"5":1703006342806,"6":1703006450653,"7":1703006679853,"8":1703006764490,"9":1703007007116,"10":1703007276603,"11":1703007322932,"12":1703007504251,"13":1703007640240,"14":1703007855022,"15":1703007874915,"16":1703008028240,"17":1703008201613,"18":1703008374656,"19":1703008482103},"datetime_complete":{"0":1703005198203,"1":1703005507902,"2":1703005552871,"3":1703005916820,"4":1703006342675,"5":1703006450499,"6":1703006679678,"7":1703006764338,"8":1703007006900,"9":1703007276455,"10":1703007322727,"11":1703007504088,"12":1703007640070,"13":1703007854851,"14":1703007874757,"15":1703008028055,"16":1703008201414,"17":1703008374499,"18":1703008481934,"19":1703008621135},"duration":{"0":217762,"1":309550,"2":44819,"3":363798,"4":425721,"5":107693,"6":229024,"7":84484,"8":242410,"9":269338,"10":46124,"11":181156,"12":135819,"13":214611,"14":19735,"15":153140,"16":173174,"17":172886,"18":107278,"19":139032},"params_epochs":{"0":75,"1":120,"2":12,"3":142,"4":167,"5":37,"6":87,"7":28,"8":92,"9":103,"10":12,"11":67,"12":49,"13":81,"14":1,"15":56,"16":64,"17":64,"18":37,"19":50},"params_learning_rate":{"0":0.0506157689,"1":0.0000008632,"2":0.01574189,"3":0.0000001329,"4":0.0000018795,"5":0.0000066904,"6":0.0000055895,"7":0.0000056607,"8":0.0051410966,"9":0.0003584986,"10":0.0034535459,"11":0.0019027647,"12":0.0026607709,"13":0.0016124741,"14":0.0059698521,"15":0.0053358987,"16":0.0027295878,"17":0.0026889911,"18":0.0120545731,"19":0.0032475954},"params_max_grad_norm":{"0":7.3735406298,"1":1.7287462993,"2":6.0909271151,"3":9.7051165512,"4":1.9818846786,"5":5.34261303,"6":6.1961583683,"7":3.7903460643,"8":2.1568030652,"9":0.6552140447,"10":2.9804003303,"11":0.2,"12":5.2403733301,"13":2.2510143918,"14":5.5190128864,"15":1.9783498077,"16":2.2577863707,"17":2.1667447168,"18":0.2,"19":0.4157010966},"state":{"0":"COMPLETE","1":"COMPLETE","2":"COMPLETE","3":"COMPLETE","4":"COMPLETE","5":"COMPLETE","6":"COMPLETE","7":"COMPLETE","8":"COMPLETE","9":"COMPLETE","10":"COMPLETE","11":"COMPLETE","12":"COMPLETE","13":"COMPLETE","14":"COMPLETE","15":"COMPLETE","16":"COMPLETE","17":"COMPLETE","18":"COMPLETE","19":"COMPLETE"}}