{"epochs": 123, "batch_size": 256, "learning_rate": 0.0005622872527588097, "max_grad_norm": 6.969981879540453}