{"number":{"0":0,"1":1,"2":2,"3":3,"4":4,"5":5,"6":6,"7":7,"8":8,"9":9,"10":10,"11":11,"12":12,"13":13,"14":14,"15":15,"16":16,"17":17,"18":18,"19":19},"value":{"0":0.0179999992,"1":0.0065000001,"2":0.0105000008,"3":0.0069999998,"4":0.0060000001,"5":0.0085000005,"6":0.0180000011,"7":0.0159999989,"8":0.0135000004,"9":0.0154999997,"10":0.0274999999,"11":0.0329999998,"12":0.029500002,"13":0.0234999992,"14":0.0175000001,"15":0.0245000012,"16":0.0260000005,"17":0.0264999997,"18":0.0384999998,"19":0.0410000011},"datetime_start":{"0":1702474788702,"1":1702475695256,"2":1702477189326,"3":1702478110255,"4":1702479056941,"5":1702479707169,"6":1702480906972,"7":1702482289105,"8":1702482961124,"9":1702483007274,"10":1702484136708,"11":1702485267502,"12":1702486663839,"13":1702488302592,"14":1702489904183,"15":1702491140461,"16":1702492833476,"17":1702494337151,"18":1702495829647,"19":1702497287420},"datetime_complete":{"0":1702475695060,"1":1702477189191,"2":1702478110073,"3":1702479056799,"4":1702479707018,"5":1702480906809,"6":1702482288974,"7":1702482960984,"8":1702483007098,"9":1702484136575,"10":1702485267365,"11":1702486663702,"12":1702488302432,"13":1702489904035,"14":1702491140326,"15":1702492833339,"16":1702494336997,"17":1702495829467,"18":1702497287175,"19":1702498713586},"duration":{"0":906358,"1":1493934,"2":920747,"3":946544,"4":650076,"5":1199640,"6":1382002,"7":671879,"8":45974,"9":1129301,"10":1130657,"11":1396200,"12":1638593,"13":1601442,"14":1236142,"15":1692878,"16":1503520,"17":1492315,"18":1457527,"19":1426166},"params_batch_size":{"0":256,"1":512,"2":512,"3":4500,"4":512,"5":4096,"6":256,"7":4500,"8":256,"9":4096,"10":256,"11":256,"12":256,"13":256,"14":256,"15":256,"16":256,"17":256,"18":256,"19":256},"params_epochs":{"0":75,"1":142,"2":87,"3":103,"4":61,"5":133,"6":120,"7":72,"8":2,"9":125,"10":98,"11":121,"12":142,"13":138,"14":107,"15":147,"16":130,"17":129,"18":126,"19":123},"params_learning_rate":{"0":0.01574189,"1":0.0000066904,"2":0.0051410966,"3":0.0622002598,"4":0.0285708008,"5":0.0433504539,"6":0.0000042471,"7":0.0043000016,"8":0.0000004957,"9":0.0210511805,"10":0.0002643162,"11":0.0002908837,"12":0.0003207623,"13":0.0006316007,"14":0.0001037404,"15":0.0006119924,"16":0.0004568704,"17":0.0004346743,"18":0.000426802,"19":0.0005622873},"params_max_grad_norm":{"0":6.0909271151,"1":5.34261303,"2":2.1568030652,"3":8.1222940115,"4":2.7360438197,"5":8.9693080342,"6":8.3216275897,"7":2.147413679,"8":8.6584135736,"9":4.8277062666,"10":7.1941420339,"11":6.5605856593,"12":5.9723591521,"13":7.364047357,"14":5.8588055904,"15":6.4899814409,"16":6.9235958799,"17":6.841884621,"18":6.7840002191,"19":6.9699818795},"state":{"0":"COMPLETE","1":"COMPLETE","2":"COMPLETE","3":"COMPLETE","4":"COMPLETE","5":"COMPLETE","6":"COMPLETE","7":"COMPLETE","8":"COMPLETE","9":"COMPLETE","10":"COMPLETE","11":"COMPLETE","12":"COMPLETE","13":"COMPLETE","14":"COMPLETE","15":"COMPLETE","16":"COMPLETE","17":"COMPLETE","18":"COMPLETE","19":"COMPLETE"}}