{"epochs": 73, "batch_size": 4500, "learning_rate": 0.0024971955935219636, "max_grad_norm": 1.9758543037894902}