{"number":{"0":0,"1":1,"2":2,"3":3,"4":4,"5":5,"6":6,"7":7,"8":8,"9":9,"10":10,"11":11,"12":12,"13":13,"14":14,"15":15,"16":16,"17":17,"18":18,"19":19,"20":20,"21":21,"22":22,"23":23,"24":24,"25":25,"26":26,"27":27,"28":28,"29":29,"30":30,"31":31,"32":32,"33":33,"34":34,"35":35,"36":36,"37":37,"38":38,"39":39,"40":40,"41":41,"42":42,"43":43,"44":44,"45":45,"46":46,"47":47,"48":48,"49":49},"value":{"0":0.1000000015,"1":0.3733333349,"2":0.2222222239,"3":0.1000000015,"4":0.1000000015,"5":0.1000000015,"6":0.2355555445,"7":0.9800000191,"8":0.0844444409,"9":0.1000000015,"10":0.9755555391,"11":0.4488888979,"12":0.9822221994,"13":0.8555555344,"14":0.982222259,"15":0.9711111784,"16":0.9799999595,"17":0.9844444394,"18":0.9599999785,"19":0.9866666794,"20":0.982222259,"21":0.9888888597,"22":0.9777778387,"23":0.982222259,"24":0.982222259,"25":0.9844443798,"26":0.9822221994,"27":0.9911111593,"28":0.9866666198,"29":0.9822221994,"30":0.9822221994,"31":0.9733332992,"32":0.9866666794,"33":0.9777777195,"34":0.9755555391,"35":0.9777778387,"36":0.9711111188,"37":0.9777778387,"38":0.9755555391,"39":0.9800000191,"40":0.9733333588,"41":0.9822221994,"42":0.9800000191,"43":0.942222178,"44":0.9599999785,"45":0.9777777791,"46":0.9777777791,"47":0.9733332992,"48":0.9800000191,"49":0.9711110592},"datetime_start":{"0":1702564941953,"1":1702565256353,"2":1702565800455,"3":1702566140577,"4":1702566511412,"5":1702566751575,"6":1702567230743,"7":1702567718439,"8":1702567984341,"9":1702568010600,"10":1702568463009,"11":1702568714100,"12":1702568905481,"13":1702569180588,"14":1702569452703,"15":1702569727891,"16":1702569988887,"17":1702570253597,"18":1702570518655,"19":1702570776421,"20":1702571061785,"21":1702571372887,"22":1702571642759,"23":1702571914536,"24":1702572185588,"25":1702572457368,"26":1702572738842,"27":1702573021980,"28":1702573294157,"29":1702573565280,"30":1702573836855,"31":1702574116928,"32":1702574395991,"33":1702574671057,"34":1702574946235,"35":1702575219163,"36":1702575511605,"37":1702575800865,"38":1702576083123,"39":1702576362028,"40":1702576640913,"41":1702576919294,"42":1702577201736,"43":1702577486949,"44":1702577888015,"45":1702578237821,"46":1702578530642,"47":1702578816030,"48":1702579112866,"49":1702579398451},"datetime_complete":{"0":1702565256175,"1":1702565800307,"2":1702566140400,"3":1702566511231,"4":1702566751426,"5":1702567230552,"6":1702567718288,"7":1702567984191,"8":1702568010442,"9":1702568462867,"10":1702568713966,"11":1702568905345,"12":1702569180437,"13":1702569452562,"14":1702569727747,"15":1702569988756,"16":1702570253453,"17":1702570518510,"18":1702570776250,"19":1702571061640,"20":1702571370073,"21":1702571642609,"22":1702571914384,"23":1702572185433,"24":1702572457234,"25":1702572738693,"26":1702573021808,"27":1702573294006,"28":1702573565127,"29":1702573836711,"30":1702574116784,"31":1702574395845,"32":1702574670886,"33":1702574946057,"34":1702575219011,"35":1702575511461,"36":1702575800696,"37":1702576082963,"38":1702576361861,"39":1702576640775,"40":1702576919162,"41":1702577201591,"42":1702577486786,"43":1702577887881,"44":1702578237623,"45":1702578530499,"46":1702578815885,"47":1702579112713,"48":1702579398276,"49":1702579705461},"duration":{"0":314222,"1":543954,"2":339944,"3":370653,"4":240014,"5":478977,"6":487544,"7":265751,"8":26101,"9":452267,"10":250957,"11":191245,"12":274955,"13":271973,"14":275043,"15":260865,"16":264565,"17":264913,"18":257594,"19":285219,"20":308288,"21":269721,"22":271624,"23":270896,"24":271645,"25":281325,"26":282966,"27":272025,"28":270970,"29":271431,"30":279928,"31":278917,"32":274894,"33":274999,"34":272776,"35":292298,"36":289090,"37":282098,"38":278737,"39":278747,"40":278248,"41":282296,"42":285049,"43":400932,"44":349608,"45":292677,"46":285243,"47":296682,"48":285410,"49":307009},"params_batch_size":{"0":256,"1":512,"2":512,"3":4500,"4":512,"5":4096,"6":256,"7":4500,"8":256,"9":4096,"10":4500,"11":4500,"12":4500,"13":4500,"14":4500,"15":4500,"16":4500,"17":4500,"18":4500,"19":4500,"20":4500,"21":4500,"22":4500,"23":4500,"24":4500,"25":4500,"26":4500,"27":4500,"28":4500,"29":4500,"30":4500,"31":4500,"32":4500,"33":4500,"34":4500,"35":4500,"36":4500,"37":4500,"38":4500,"39":4500,"40":4500,"41":4500,"42":4500,"43":4500,"44":4500,"45":4500,"46":4500,"47":4500,"48":4500,"49":4500},"params_epochs":{"0":75,"1":142,"2":87,"3":103,"4":61,"5":133,"6":120,"7":72,"8":2,"9":125,"10":67,"11":50,"12":74,"13":73,"14":74,"15":70,"16":71,"17":71,"18":69,"19":77,"20":73,"21":73,"22":73,"23":73,"24":73,"25":73,"26":73,"27":73,"28":73,"29":73,"30":75,"31":75,"32":74,"33":74,"34":73,"35":79,"36":78,"37":76,"38":75,"39":75,"40":75,"41":76,"42":77,"43":110,"44":95,"45":79,"46":77,"47":80,"48":77,"49":83},"params_learning_rate":{"0":0.01574189,"1":0.0000066904,"2":0.0051410966,"3":0.0622002598,"4":0.0285708008,"5":0.0433504539,"6":0.0000042471,"7":0.0043000016,"8":0.0000004957,"9":0.0210511805,"10":0.0026725865,"11":0.009822399,"12":0.0017162401,"13":0.0060538316,"14":0.0023521953,"15":0.001365975,"16":0.0023539984,"17":0.0021782066,"18":0.0010791019,"19":0.0030356454,"20":0.0025538877,"21":0.0025275435,"22":0.0024930972,"23":0.0026277289,"24":0.0024813884,"25":0.0024932435,"26":0.002475537,"27":0.0024971956,"28":0.0023163064,"29":0.0023124568,"30":0.0021404913,"31":0.0021501354,"32":0.0023744626,"33":0.0023732351,"34":0.0023595828,"35":0.0017128848,"36":0.0025552023,"37":0.001858739,"38":0.0019247224,"39":0.0018202099,"40":0.0018169605,"41":0.0018073745,"42":0.0016643621,"43":0.0003199799,"44":0.0007264353,"45":0.0014479211,"46":0.0016067857,"47":0.0014632835,"48":0.0016559126,"49":0.0011449491},"params_max_grad_norm":{"0":6.0909271151,"1":5.34261303,"2":2.1568030652,"3":8.1222940115,"4":2.7360438197,"5":8.9693080342,"6":8.3216275897,"7":2.147413679,"8":8.6584135736,"9":4.8277062666,"10":1.1221943436,"11":1.6122618724,"12":1.064119469,"13":0.8306601539,"14":2.139008428,"15":1.865819633,"16":1.680524318,"17":1.7285574059,"18":0.5913222612,"19":2.1263997144,"20":2.0031541756,"21":1.9868964916,"22":1.9434807122,"23":2.1084255512,"24":1.9506643645,"25":1.9716192581,"26":1.9452303188,"27":1.9758543038,"28":1.7583817457,"29":1.683102136,"30":1.9423550535,"31":1.9506021783,"32":2.0107719501,"33":2.0245335119,"34":1.730327438,"35":2.5283145698,"36":2.7464885378,"37":1.5705356114,"38":1.7074087603,"39":1.6496382439,"40":1.6546775648,"41":1.6614975641,"42":1.5222964708,"43":1.7347452444,"44":1.5845442674,"45":1.5676033827,"46":1.6717496329,"47":1.7896025356,"48":1.6549367056,"49":2.0051139319},"state":{"0":"COMPLETE","1":"COMPLETE","2":"COMPLETE","3":"COMPLETE","4":"COMPLETE","5":"COMPLETE","6":"COMPLETE","7":"COMPLETE","8":"COMPLETE","9":"COMPLETE","10":"COMPLETE","11":"COMPLETE","12":"COMPLETE","13":"COMPLETE","14":"COMPLETE","15":"COMPLETE","16":"COMPLETE","17":"COMPLETE","18":"COMPLETE","19":"COMPLETE","20":"COMPLETE","21":"COMPLETE","22":"COMPLETE","23":"COMPLETE","24":"COMPLETE","25":"COMPLETE","26":"COMPLETE","27":"COMPLETE","28":"COMPLETE","29":"COMPLETE","30":"COMPLETE","31":"COMPLETE","32":"COMPLETE","33":"COMPLETE","34":"COMPLETE","35":"COMPLETE","36":"COMPLETE","37":"COMPLETE","38":"COMPLETE","39":"COMPLETE","40":"COMPLETE","41":"COMPLETE","42":"COMPLETE","43":"COMPLETE","44":"COMPLETE","45":"COMPLETE","46":"COMPLETE","47":"COMPLETE","48":"COMPLETE","49":"COMPLETE"}}