{"number":{"0":0,"1":1,"2":2,"3":3,"4":4,"5":5,"6":6,"7":7,"8":8,"9":9,"10":10,"11":11,"12":12,"13":13,"14":14,"15":15,"16":16,"17":17,"18":18,"19":19,"20":20,"21":21,"22":22,"23":23,"24":24,"25":25,"26":26,"27":27,"28":28,"29":29,"30":30,"31":31,"32":32,"33":33,"34":34,"35":35,"36":36,"37":37,"38":38,"39":39,"40":40,"41":41,"42":42,"43":43,"44":44,"45":45,"46":46,"47":47,"48":48,"49":49},"value":{"0":0.7866666317,"1":0.3244444728,"2":0.9622222781,"3":0.6866666675,"4":0.722222209,"5":0.7688888907,"6":0.2155555487,"7":0.9711111188,"8":0.0222222228,"9":0.928888917,"10":0.9799999595,"11":0.982222259,"12":0.9800000191,"13":0.9777777791,"14":0.9822221994,"15":0.9644444585,"16":0.9711111188,"17":0.9711110592,"18":0.9777777791,"19":0.9688888788,"20":0.9600000381,"21":0.9688888788,"22":0.9711111188,"23":0.9711110592,"24":0.9711111188,"25":0.9733333588,"26":0.9688888788,"27":0.9733332992,"28":0.9688888788,"29":0.9711110592,"30":0.9666666985,"31":0.9666666985,"32":0.9755555391,"33":0.9800000191,"34":0.9688888788,"35":0.9711111188,"36":0.9800000191,"37":0.9777777195,"38":0.9799999595,"39":0.984444499,"40":0.9866666794,"41":0.9755555987,"42":0.9844443798,"43":0.982222259,"44":0.9888888597,"45":0.9800000191,"46":0.9866666794,"47":0.9777777791,"48":0.9866666794,"49":0.9866666794},"datetime_start":{"0":1702564941796,"1":1702565177506,"2":1702565561043,"3":1702565802343,"4":1702566065258,"5":1702566238449,"6":1702566574663,"7":1702566919427,"8":1702567108501,"9":1702567131587,"10":1702567447833,"11":1702567785997,"12":1702568004641,"13":1702568287117,"14":1702568539583,"15":1702568816419,"16":1702568963920,"17":1702569161339,"18":1702569260299,"19":1702569440654,"20":1702569607026,"21":1702569849246,"22":1702569993295,"23":1702570070337,"24":1702570206969,"25":1702570335927,"26":1702570442620,"27":1702570530627,"28":1702570662594,"29":1702570803526,"30":1702570940226,"31":1702571080527,"32":1702571219709,"33":1702571521099,"34":1702571779017,"35":1702572078121,"36":1702572325044,"37":1702572819379,"38":1702573199611,"39":1702573561987,"40":1702573924667,"41":1702574294937,"42":1702574697795,"43":1702575044803,"44":1702575435504,"45":1702575810597,"46":1702576231862,"47":1702576617283,"48":1702576989199,"49":1702577353413},"datetime_complete":{"0":1702565177377,"1":1702565560875,"2":1702565802192,"3":1702566065116,"4":1702566238287,"5":1702566574527,"6":1702566919279,"7":1702567108362,"8":1702567131444,"9":1702567447704,"10":1702567785860,"11":1702568004493,"12":1702568286962,"13":1702568539367,"14":1702568816242,"15":1702568963747,"16":1702569161179,"17":1702569260127,"18":1702569440490,"19":1702569606850,"20":1702569849069,"21":1702569993150,"22":1702570070179,"23":1702570206840,"24":1702570335790,"25":1702570442489,"26":1702570530487,"27":1702570662452,"28":1702570803369,"29":1702570940097,"30":1702571080385,"31":1702571219543,"32":1702571520937,"33":1702571778857,"34":1702572077966,"35":1702572324885,"36":1702572819228,"37":1702573199463,"38":1702573561842,"39":1702573924497,"40":1702574294806,"41":1702574697650,"42":1702575044646,"43":1702575435326,"44":1702575810463,"45":1702576231708,"46":1702576617135,"47":1702576989054,"48":1702577353266,"49":1702577738399},"duration":{"0":235580,"1":383369,"2":241148,"3":262773,"4":173029,"5":336077,"6":344615,"7":188935,"8":22943,"9":316117,"10":338027,"11":218495,"12":282321,"13":252250,"14":276659,"15":147328,"16":197259,"17":98788,"18":180190,"19":166195,"20":242043,"21":143904,"22":76884,"23":136502,"24":128820,"25":106561,"26":87866,"27":131825,"28":140775,"29":136570,"30":140159,"31":139016,"32":301228,"33":257757,"34":298949,"35":246763,"36":494184,"37":380084,"38":362231,"39":362509,"40":370139,"41":402713,"42":346851,"43":390523,"44":374958,"45":421110,"46":385273,"47":371770,"48":364066,"49":384986},"params_batch_size":{"0":256,"1":512,"2":512,"3":4500,"4":512,"5":4096,"6":256,"7":4500,"8":256,"9":4096,"10":512,"11":512,"12":512,"13":512,"14":512,"15":4500,"16":4500,"17":4500,"18":4500,"19":4500,"20":4500,"21":4500,"22":4500,"23":4500,"24":4500,"25":4500,"26":4500,"27":4500,"28":4500,"29":4500,"30":4500,"31":4500,"32":4500,"33":4096,"34":4096,"35":4096,"36":4096,"37":4096,"38":4096,"39":4096,"40":4096,"41":4096,"42":4096,"43":4096,"44":4096,"45":4096,"46":4096,"47":4096,"48":4096,"49":4096},"params_epochs":{"0":75,"1":142,"2":87,"3":103,"4":61,"5":133,"6":120,"7":72,"8":2,"9":125,"10":124,"11":78,"12":102,"13":91,"14":100,"15":54,"16":75,"17":34,"18":68,"19":62,"20":94,"21":53,"22":25,"23":50,"24":47,"25":38,"26":30,"27":48,"28":52,"29":50,"30":52,"31":51,"32":58,"33":101,"34":118,"35":95,"36":200,"37":152,"38":144,"39":144,"40":148,"41":162,"42":138,"43":156,"44":150,"45":169,"46":154,"47":149,"48":145,"49":154},"params_learning_rate":{"0":0.01574189,"1":0.0000066904,"2":0.0051410966,"3":0.0622002598,"4":0.0285708008,"5":0.0433504539,"6":0.0000042471,"7":0.0043000016,"8":0.0000004957,"9":0.0210511805,"10":0.0033448637,"11":0.0014341017,"12":0.0021537093,"13":0.003037627,"14":0.002293299,"15":0.0009525021,"16":0.0033059816,"17":0.0027810993,"18":0.0018595798,"19":0.0021163685,"20":0.0010199515,"21":0.0021372278,"22":0.0017460604,"23":0.0024675474,"24":0.0024343079,"25":0.0025156622,"26":0.0026696594,"27":0.0023487372,"28":0.0023760587,"29":0.0024046906,"30":0.0024224764,"31":0.0024582104,"32":0.0024370618,"33":0.0029530474,"34":0.0108551116,"35":0.0039516168,"36":0.0025884479,"37":0.0033898417,"38":0.0023996688,"39":0.0025620977,"40":0.0022651423,"41":0.0012674163,"42":0.0035834085,"43":0.0032745349,"44":0.0034316431,"45":0.0032716325,"46":0.0031429528,"47":0.0033715202,"48":0.0034436816,"49":0.0031585414},"params_max_grad_norm":{"0":6.0909271151,"1":5.34261303,"2":2.1568030652,"3":8.1222940115,"4":2.7360438197,"5":8.9693080342,"6":8.3216275897,"7":2.147413679,"8":8.6584135736,"9":4.8277062666,"10":0.2,"11":0.2,"12":0.9189693883,"13":0.2,"14":0.3774907971,"15":0.2,"16":0.2,"17":1.1012913937,"18":1.4336676849,"19":1.0874483102,"20":1.8946163494,"21":1.0524714357,"22":1.6821577691,"23":0.8166788689,"24":0.6619116393,"25":0.2,"26":0.2,"27":0.2867298669,"28":0.2,"29":0.4423419397,"30":0.5161789758,"31":0.2,"32":0.5966052421,"33":0.2,"34":0.2,"35":1.9890495081,"36":1.1858965215,"37":0.407439675,"38":0.2679958011,"39":0.2611383837,"40":0.2,"41":0.2,"42":0.2,"43":0.2,"44":0.2,"45":0.2,"46":0.2,"47":0.2,"48":0.2,"49":0.2},"state":{"0":"COMPLETE","1":"COMPLETE","2":"COMPLETE","3":"COMPLETE","4":"COMPLETE","5":"COMPLETE","6":"COMPLETE","7":"COMPLETE","8":"COMPLETE","9":"COMPLETE","10":"COMPLETE","11":"COMPLETE","12":"COMPLETE","13":"COMPLETE","14":"COMPLETE","15":"COMPLETE","16":"COMPLETE","17":"COMPLETE","18":"COMPLETE","19":"COMPLETE","20":"COMPLETE","21":"COMPLETE","22":"COMPLETE","23":"COMPLETE","24":"COMPLETE","25":"COMPLETE","26":"COMPLETE","27":"COMPLETE","28":"COMPLETE","29":"COMPLETE","30":"COMPLETE","31":"COMPLETE","32":"COMPLETE","33":"COMPLETE","34":"COMPLETE","35":"COMPLETE","36":"COMPLETE","37":"COMPLETE","38":"COMPLETE","39":"COMPLETE","40":"COMPLETE","41":"COMPLETE","42":"COMPLETE","43":"COMPLETE","44":"COMPLETE","45":"COMPLETE","46":"COMPLETE","47":"COMPLETE","48":"COMPLETE","49":"COMPLETE"}}