{"epochs": 54, "learning_rate": 0.0032839202966685323, "max_grad_norm": 5.2045735135669915}