{"number":{"0":0,"1":1,"2":2,"3":3,"4":4,"5":5,"6":6,"7":7,"8":8,"9":9,"10":10,"11":11,"12":12,"13":13,"14":14,"15":15,"16":16,"17":17,"18":18,"19":19},"value":{"0":0.5044444799,"1":0.0666666627,"2":0.7822222114,"3":0.1266666651,"4":0.1088888943,"5":0.0866666585,"6":0.0755555555,"7":0.0933333337,"8":0.8911111355,"9":0.8488889337,"10":0.9066666961,"11":0.2222222239,"12":0.908888936,"13":0.8999999762,"14":0.911111176,"15":0.8333333135,"16":0.9111111164,"17":0.8866666555,"18":0.8844444752,"19":0.8822222352},"datetime_start":{"0":1703005407812,"1":1703005586157,"2":1703005824459,"3":1703005856309,"4":1703006135092,"5":1703006461630,"6":1703006541122,"7":1703006714874,"8":1703006777354,"9":1703006960820,"10":1703007166140,"11":1703007241368,"12":1703007253146,"13":1703007405337,"14":1703007566339,"15":1703007678494,"16":1703007747385,"17":1703007889023,"18":1703007919913,"19":1703008221085},"datetime_complete":{"0":1703005586006,"1":1703005824329,"2":1703005856181,"3":1703006134948,"4":1703006461462,"5":1703006540981,"6":1703006714745,"7":1703006777223,"8":1703006960675,"9":1703007166001,"10":1703007241190,"11":1703007252983,"12":1703007405199,"13":1703007566208,"14":1703007678354,"15":1703007747217,"16":1703007888891,"17":1703007919773,"18":1703008220923,"19":1703008380886},"duration":{"0":178194,"1":238171,"2":31721,"3":278639,"4":326369,"5":79350,"6":173622,"7":62348,"8":183321,"9":205181,"10":75049,"11":11615,"12":152052,"13":160871,"14":112015,"15":68723,"16":141506,"17":30749,"18":301010,"19":159800},"params_epochs":{"0":75,"1":120,"2":12,"3":142,"4":167,"5":37,"6":87,"7":28,"8":92,"9":103,"10":34,"11":1,"12":75,"13":80,"14":54,"15":31,"16":69,"17":11,"18":153,"19":79},"params_learning_rate":{"0":0.0506157689,"1":0.0000008632,"2":0.01574189,"3":0.0000001329,"4":0.0000018795,"5":0.0000066904,"6":0.0000055895,"7":0.0000056607,"8":0.0051410966,"9":0.0003584986,"10":0.0023233292,"11":0.0136572063,"12":0.0014127888,"13":0.0015018304,"14":0.0032839203,"15":0.0007469011,"16":0.0027050766,"17":0.0045598521,"18":0.0024304258,"19":0.0060661544},"params_max_grad_norm":{"0":7.3735406298,"1":1.7287462993,"2":6.0909271151,"3":9.7051165512,"4":1.9818846786,"5":5.34261303,"6":6.1961583683,"7":3.7903460643,"8":2.1568030652,"9":0.6552140447,"10":1.3075662136,"11":1.4935455985,"12":2.4749867707,"13":0.5292571675,"14":5.2045735136,"15":1.2103815947,"16":2.7865931976,"17":7.8749429158,"18":2.4017752143,"19":6.7327699964},"state":{"0":"COMPLETE","1":"COMPLETE","2":"COMPLETE","3":"COMPLETE","4":"COMPLETE","5":"COMPLETE","6":"COMPLETE","7":"COMPLETE","8":"COMPLETE","9":"COMPLETE","10":"COMPLETE","11":"COMPLETE","12":"COMPLETE","13":"COMPLETE","14":"COMPLETE","15":"COMPLETE","16":"COMPLETE","17":"COMPLETE","18":"COMPLETE","19":"COMPLETE"}}