{"number":{"0":0,"1":1,"2":2,"3":3,"4":4,"5":5,"6":6,"7":7,"8":8,"9":9,"10":10,"11":11,"12":12,"13":13,"14":14,"15":15,"16":16,"17":17,"18":18,"19":19},"value":{"0":0.366306901,"1":0.7914713621,"2":0.3735026717,"3":0.3707513511,"4":0.4891640246,"5":0.366306901,"6":0.704385519,"7":0.3735026717,"8":0.3707513511,"9":0.3766772747,"10":0.7731066942,"11":0.7455154061,"12":0.7699321508,"13":0.7786313295,"14":0.0644444451,"15":0.7786313295,"16":0.7764090896,"17":0.7932255268,"18":0.7722996473,"19":0.7976700068},"datetime_start":{"0":1727170325359,"1":1727170537765,"2":1727170650526,"3":1727170766757,"4":1727170878473,"5":1727170991041,"6":1727171104053,"7":1727171220161,"8":1727171335868,"9":1727171449626,"10":1727171563904,"11":1727171674954,"12":1727171801596,"13":1727171913381,"14":1727172028085,"15":1727172139459,"16":1727172253814,"17":1727172367760,"18":1727172479073,"19":1727172590527},"datetime_complete":{"0":1727170537612,"1":1727170650393,"2":1727170766597,"3":1727170878315,"4":1727170990912,"5":1727171103908,"6":1727171220038,"7":1727171335738,"8":1727171449438,"9":1727171563771,"10":1727171674792,"11":1727171801455,"12":1727171913195,"13":1727172027953,"14":1727172139324,"15":1727172253688,"16":1727172367632,"17":1727172478946,"18":1727172590395,"19":1727172703271},"duration":{"0":212253,"1":112627,"2":116071,"3":111557,"4":112439,"5":112867,"6":115985,"7":115577,"8":113570,"9":114144,"10":110888,"11":126501,"12":111598,"13":114571,"14":111238,"15":114229,"16":113817,"17":111186,"18":111322,"19":112743},"params_batch_size":{"0":2584,"1":1698,"2":584,"3":2372,"4":1974,"5":2633,"6":726,"7":653,"8":1512,"9":925,"10":2708,"11":192,"12":2708,"13":1655,"14":2708,"15":1629,"16":1650,"17":2708,"18":2708,"19":2708},"params_learning_rate":{"0":0.0000176702,"1":0.0024658329,"2":0.0000008632,"3":0.0000002231,"4":0.0004042873,"5":0.0000001329,"6":0.0098777003,"7":0.000001233,"8":0.0000066904,"9":0.0000390544,"10":0.0036531899,"11":0.0032198935,"12":0.0037986765,"13":0.003676131,"14":0.1,"15":0.0037796872,"16":0.0037675377,"17":0.002661863,"18":0.002180416,"19":0.0025383565},"state":{"0":"COMPLETE","1":"COMPLETE","2":"COMPLETE","3":"COMPLETE","4":"COMPLETE","5":"COMPLETE","6":"COMPLETE","7":"COMPLETE","8":"COMPLETE","9":"COMPLETE","10":"COMPLETE","11":"COMPLETE","12":"COMPLETE","13":"COMPLETE","14":"COMPLETE","15":"COMPLETE","16":"COMPLETE","17":"COMPLETE","18":"COMPLETE","19":"COMPLETE"}}