{"epochs": 77, "batch_size": 4500, "learning_rate": 0.002738767945638317, "max_grad_norm": 0.5234209316436119}