{"number":{"0":0,"1":1,"2":2,"3":3,"4":4,"5":5,"6":6,"7":7,"8":8,"9":9,"10":10,"11":11,"12":12,"13":13,"14":14,"15":15,"16":16,"17":17,"18":18,"19":19,"20":20,"21":21,"22":22,"23":23,"24":24,"25":25,"26":26,"27":27,"28":28,"29":29,"30":30,"31":31,"32":32,"33":33,"34":34,"35":35,"36":36,"37":37,"38":38,"39":39,"40":40,"41":41,"42":42,"43":43,"44":44,"45":45,"46":46,"47":47,"48":48,"49":49},"value":{"0":0.5222222805,"1":0.1733333468,"2":0.9177778363,"3":0.355555594,"4":0.3377777934,"5":0.5044444799,"6":0.1155555546,"7":0.9355555773,"8":0.0222222228,"9":0.8577777743,"10":0.9577777386,"11":0.9488888979,"12":0.9377777576,"13":0.9333333969,"14":0.9311110973,"15":0.9400000572,"16":0.9533333778,"17":0.9399999976,"18":0.9488888979,"19":0.9511111379,"20":0.9511110783,"21":0.9533333182,"22":0.9466667175,"23":0.9466667175,"24":0.9488888979,"25":0.9511110783,"26":0.9488888979,"27":0.9488888979,"28":0.9555555582,"29":0.9599999785,"30":0.9466667175,"31":0.9422222376,"32":0.9466667175,"33":0.9555555582,"34":0.9555555582,"35":0.9422222376,"36":0.9466666579,"37":0.9622222185,"38":0.9511111379,"39":0.9466666579,"40":0.9511111379,"41":0.9466666579,"42":0.9577778578,"43":0.9422222376,"44":0.9466667175,"45":0.9555555582,"46":0.9555555582,"47":0.9533333182,"48":0.9533333182,"49":0.944444418},"datetime_start":{"0":1702564579313,"1":1702564813449,"2":1702565195849,"3":1702565435944,"4":1702565697731,"5":1702565870278,"6":1702566203156,"7":1702566545862,"8":1702566734370,"9":1702566757159,"10":1702567071951,"11":1702567245386,"12":1702567543638,"13":1702567807961,"14":1702568080837,"15":1702568446472,"16":1702568641284,"17":1702568816610,"18":1702569138389,"19":1702569451131,"20":1702569680714,"21":1702569858207,"22":1702570053318,"23":1702570234595,"24":1702570440331,"25":1702570623094,"26":1702570791815,"27":1702570914076,"28":1702571140699,"29":1702571370513,"30":1702571599227,"31":1702571847258,"32":1702572055178,"33":1702572263286,"34":1702572471722,"35":1702572679996,"36":1702572885445,"37":1702573092969,"38":1702573292789,"39":1702573498998,"40":1702573705512,"41":1702573912350,"42":1702574120318,"43":1702574330286,"44":1702574537118,"45":1702574744015,"46":1702574954077,"47":1702575166354,"48":1702575377764,"49":1702575585068},"datetime_complete":{"0":1702564813286,"1":1702565195701,"2":1702565435763,"3":1702565697506,"4":1702565870117,"5":1702566202924,"6":1702566545693,"7":1702566734181,"8":1702566757031,"9":1702567071815,"10":1702567245230,"11":1702567543492,"12":1702567807808,"13":1702568080697,"14":1702568446329,"15":1702568641127,"16":1702568816462,"17":1702569138240,"18":1702569450993,"19":1702569680573,"20":1702569858046,"21":1702570053183,"22":1702570234413,"23":1702570440131,"24":1702570622945,"25":1702570791656,"26":1702570913897,"27":1702571140500,"28":1702571370089,"29":1702571599013,"30":1702571847062,"31":1702572054985,"32":1702572263094,"33":1702572471500,"34":1702572679839,"35":1702572885241,"36":1702573092831,"37":1702573292534,"38":1702573498773,"39":1702573705359,"40":1702573912198,"41":1702574120170,"42":1702574330133,"43":1702574536963,"44":1702574743787,"45":1702574953946,"46":1702575166222,"47":1702575377615,"48":1702575584831,"49":1702575792738},"duration":{"0":233973,"1":382251,"2":239913,"3":261561,"4":172386,"5":332645,"6":342537,"7":188318,"8":22661,"9":314656,"10":173278,"11":298105,"12":264170,"13":272736,"14":365492,"15":194655,"16":175178,"17":321629,"18":312604,"19":229442,"20":177332,"21":194975,"22":181094,"23":205536,"24":182613,"25":168561,"26":122081,"27":226423,"28":229390,"29":228499,"30":247835,"31":207726,"32":207915,"33":208213,"34":208116,"35":205245,"36":207386,"37":199565,"38":205984,"39":206360,"40":206686,"41":207820,"42":209814,"43":206677,"44":206668,"45":209931,"46":212145,"47":211260,"48":207066,"49":207670},"params_batch_size":{"0":256,"1":512,"2":512,"3":4500,"4":512,"5":4096,"6":256,"7":4500,"8":256,"9":4096,"10":4500,"11":512,"12":512,"13":512,"14":512,"15":4500,"16":4500,"17":512,"18":4500,"19":4500,"20":4500,"21":4500,"22":4500,"23":4500,"24":4500,"25":4500,"26":4500,"27":4500,"28":4500,"29":4500,"30":4500,"31":4500,"32":4500,"33":4500,"34":4500,"35":4500,"36":4500,"37":4500,"38":4500,"39":4500,"40":4500,"41":4500,"42":4500,"43":4500,"44":4500,"45":4500,"46":4500,"47":4500,"48":4500,"49":4500},"params_epochs":{"0":75,"1":142,"2":87,"3":103,"4":61,"5":133,"6":120,"7":72,"8":2,"9":125,"10":66,"11":109,"12":96,"13":99,"14":135,"15":68,"16":65,"17":118,"18":124,"19":89,"20":67,"21":74,"22":69,"23":79,"24":70,"25":64,"26":44,"27":88,"28":85,"29":89,"30":97,"31":80,"32":80,"33":80,"34":80,"35":79,"36":80,"37":77,"38":79,"39":79,"40":80,"41":80,"42":81,"43":80,"44":80,"45":81,"46":82,"47":82,"48":80,"49":80},"params_learning_rate":{"0":0.01574189,"1":0.0000066904,"2":0.0051410966,"3":0.0622002598,"4":0.0285708008,"5":0.0433504539,"6":0.0000042471,"7":0.0043000016,"8":0.0000004957,"9":0.0210511805,"10":0.0023579695,"11":0.0016238056,"12":0.0016185911,"13":0.0024701052,"14":0.0035038127,"15":0.0020251174,"16":0.0036370498,"17":0.0019682122,"18":0.0028369698,"19":0.0028149428,"20":0.0026686361,"21":0.0028514232,"22":0.0027759122,"23":0.0025640244,"24":0.0028509241,"25":0.0026999829,"26":0.002097094,"27":0.0032010423,"28":0.0030791919,"29":0.0030202464,"30":0.0029545252,"31":0.0029983737,"32":0.0028811098,"33":0.0029579776,"34":0.0029195842,"35":0.0029031562,"36":0.0029278084,"37":0.0027387679,"38":0.0028095823,"39":0.0028127429,"40":0.0028684058,"41":0.0028697501,"42":0.0028981572,"43":0.0028582898,"44":0.0028984432,"45":0.0028664781,"46":0.0028194221,"47":0.0028077804,"48":0.0028454835,"49":0.0027978849},"params_max_grad_norm":{"0":6.0909271151,"1":5.34261303,"2":2.1568030652,"3":8.1222940115,"4":2.7360438197,"5":8.9693080342,"6":8.3216275897,"7":2.147413679,"8":8.6584135736,"9":4.8277062666,"10":0.581558943,"11":1.2272443436,"12":2.8115308712,"13":1.5252968667,"14":2.8446431835,"15":1.488214807,"16":0.554535678,"17":2.1887346035,"18":0.2,"19":0.4490621195,"20":0.2,"21":0.6388678076,"22":0.5374435799,"23":0.2,"24":0.4818979271,"25":0.4003575811,"26":0.2,"27":0.5273741426,"28":0.5665632574,"29":0.6109174388,"30":0.7796680864,"31":0.4409131481,"32":0.5113592585,"33":0.5167370887,"34":0.5050717584,"35":0.5118381621,"36":0.5001612061,"37":0.5234209316,"38":0.5467122987,"39":0.5343489671,"40":0.5592874952,"41":0.5339108777,"42":0.5145940074,"43":0.5228269854,"44":0.4966133948,"45":0.462091838,"46":0.4152334591,"47":0.4834469537,"48":0.4541598234,"49":0.4044108659},"state":{"0":"COMPLETE","1":"COMPLETE","2":"COMPLETE","3":"COMPLETE","4":"COMPLETE","5":"COMPLETE","6":"COMPLETE","7":"COMPLETE","8":"COMPLETE","9":"COMPLETE","10":"COMPLETE","11":"COMPLETE","12":"COMPLETE","13":"COMPLETE","14":"COMPLETE","15":"COMPLETE","16":"COMPLETE","17":"COMPLETE","18":"COMPLETE","19":"COMPLETE","20":"COMPLETE","21":"COMPLETE","22":"COMPLETE","23":"COMPLETE","24":"COMPLETE","25":"COMPLETE","26":"COMPLETE","27":"COMPLETE","28":"COMPLETE","29":"COMPLETE","30":"COMPLETE","31":"COMPLETE","32":"COMPLETE","33":"COMPLETE","34":"COMPLETE","35":"COMPLETE","36":"COMPLETE","37":"COMPLETE","38":"COMPLETE","39":"COMPLETE","40":"COMPLETE","41":"COMPLETE","42":"COMPLETE","43":"COMPLETE","44":"COMPLETE","45":"COMPLETE","46":"COMPLETE","47":"COMPLETE","48":"COMPLETE","49":"COMPLETE"}}