{"epochs": 67, "batch_size": 4500, "learning_rate": 0.0026579467062829995, "max_grad_norm": 1.0338172374473784}