{"number":{"0":0,"1":1,"2":2,"3":3,"4":4,"5":5,"6":6,"7":7,"8":8,"9":9,"10":10,"11":11,"12":12,"13":13,"14":14,"15":15,"16":16,"17":17,"18":18,"19":19},"value":{"0":0.1177777871,"1":0.1111111194,"2":0.6000000238,"3":0.1022222191,"4":0.1088888943,"5":0.1199999973,"6":0.086666666,"7":0.777777791,"8":0.1533333361,"9":0.5400000215,"10":0.7911111116,"11":0.7799999714,"12":0.777777791,"13":0.7799999714,"14":0.7866666913,"15":0.7866667509,"16":0.7888888717,"17":0.782222271,"18":0.7888889313,"19":0.7888889313},"datetime_start":{"0":1702474788189,"1":1702475193545,"2":1702475851167,"3":1702476257404,"4":1702476683002,"5":1702477085325,"6":1702477623569,"7":1702478229070,"8":1702478529133,"9":1702478548624,"10":1702479056119,"11":1702479338067,"12":1702479642970,"13":1702479900409,"14":1702480288286,"15":1702480624173,"16":1702480932637,"17":1702481268228,"18":1702481569045,"19":1702481858726},"datetime_complete":{"0":1702475193411,"1":1702475851018,"2":1702476257251,"3":1702476682834,"4":1702477085193,"5":1702477623425,"6":1702478228936,"7":1702478529000,"8":1702478548481,"9":1702479055986,"10":1702479337934,"11":1702479642815,"12":1702479900270,"13":1702480288120,"14":1702480623999,"15":1702480932503,"16":1702481268078,"17":1702481568868,"18":1702481858565,"19":1702482143966},"duration":{"0":405221,"1":657473,"2":406084,"3":425429,"4":402191,"5":538100,"6":605366,"7":299929,"8":19347,"9":507361,"10":281814,"11":304747,"12":257299,"13":387711,"14":335712,"15":308330,"16":335440,"17":300640,"18":289520,"19":285239},"params_batch_size":{"0":256,"1":512,"2":512,"3":4500,"4":512,"5":4096,"6":256,"7":4500,"8":256,"9":4096,"10":4500,"11":4500,"12":4500,"13":4500,"14":4500,"15":4500,"16":4500,"17":4500,"18":4500,"19":4500},"params_epochs":{"0":75,"1":142,"2":87,"3":103,"4":61,"5":133,"6":120,"7":72,"8":2,"9":125,"10":67,"11":73,"12":61,"13":91,"14":80,"15":74,"16":72,"17":72,"18":69,"19":68},"params_learning_rate":{"0":0.01574189,"1":0.0000066904,"2":0.0051410966,"3":0.0622002598,"4":0.0285708008,"5":0.0433504539,"6":0.0000042471,"7":0.0043000016,"8":0.0000004957,"9":0.0210511805,"10":0.0026579467,"11":0.0024618062,"12":0.0040571822,"13":0.0052026546,"14":0.0036161606,"15":0.0033210245,"16":0.0032468581,"17":0.0032777393,"18":0.002824991,"19":0.0028091642},"params_max_grad_norm":{"0":6.0909271151,"1":5.34261303,"2":2.1568030652,"3":8.1222940115,"4":2.7360438197,"5":8.9693080342,"6":8.3216275897,"7":2.147413679,"8":8.6584135736,"9":4.8277062666,"10":1.0338172374,"11":1.3630958028,"12":1.3096830628,"13":0.3254633373,"14":0.8961127314,"15":0.6779480372,"16":0.8620613988,"17":0.8538924291,"18":0.6919101034,"19":0.7321056346},"state":{"0":"COMPLETE","1":"COMPLETE","2":"COMPLETE","3":"COMPLETE","4":"COMPLETE","5":"COMPLETE","6":"COMPLETE","7":"COMPLETE","8":"COMPLETE","9":"COMPLETE","10":"COMPLETE","11":"COMPLETE","12":"COMPLETE","13":"COMPLETE","14":"COMPLETE","15":"COMPLETE","16":"COMPLETE","17":"COMPLETE","18":"COMPLETE","19":"COMPLETE"}}