{"epochs": 76, "batch_size": 4500, "learning_rate": 0.0045036000168196914, "max_grad_norm": 1.6629043923251876}