{"number":{"0":0,"1":1,"2":2,"3":3,"4":4,"5":5,"6":6,"7":7,"8":8,"9":9,"10":10,"11":11,"12":12,"13":13,"14":14,"15":15,"16":16,"17":17,"18":18,"19":19},"value":{"0":0.0250000004,"1":0.0115,"2":0.5789999962,"3":0.0040000002,"4":0.0235000011,"5":0.0240000002,"6":0.0250000004,"7":0.7354999781,"8":0.0060000001,"9":0.4439999759,"10":0.7005000114,"11":0.7220000029,"12":0.7354999781,"13":0.7210000157,"14":0.7285000086,"15":0.7204999924,"16":0.7434999943,"17":0.7285000086,"18":0.7319999933,"19":0.7285000086},"datetime_start":{"0":1702474812461,"1":1702475695331,"2":1702477012475,"3":1702477829398,"4":1702478632484,"5":1702479211911,"6":1702480213955,"7":1702481472980,"8":1702482045013,"9":1702482081869,"10":1702483026787,"11":1702483560717,"12":1702484142141,"13":1702484639468,"14":1702485302893,"15":1702485876585,"16":1702486381294,"17":1702486976089,"18":1702487613720,"19":1702488197718},"datetime_complete":{"0":1702475695055,"1":1702477012339,"2":1702477829256,"3":1702478632310,"4":1702479211777,"5":1702480213777,"6":1702481472851,"7":1702482044874,"8":1702482081742,"9":1702483026659,"10":1702483560586,"11":1702484141999,"12":1702484639309,"13":1702485302746,"14":1702485876448,"15":1702486381148,"16":1702486975959,"17":1702487613589,"18":1702488197569,"19":1702488793243},"duration":{"0":882593,"1":1317007,"2":816781,"3":802912,"4":579292,"5":1001866,"6":1258895,"7":571894,"8":36729,"9":944789,"10":533799,"11":581282,"12":497168,"13":663277,"14":573554,"15":504563,"16":594664,"17":637499,"18":583848,"19":595525},"params_batch_size":{"0":256,"1":512,"2":512,"3":4500,"4":512,"5":4096,"6":256,"7":4500,"8":256,"9":4096,"10":4500,"11":4500,"12":4500,"13":4500,"14":4500,"15":4500,"16":4500,"17":4500,"18":4500,"19":4500},"params_epochs":{"0":75,"1":142,"2":87,"3":103,"4":61,"5":133,"6":120,"7":72,"8":2,"9":125,"10":67,"11":74,"12":63,"13":85,"14":73,"15":63,"16":76,"17":81,"18":74,"19":75},"params_learning_rate":{"0":0.01574189,"1":0.0000066904,"2":0.0051410966,"3":0.0622002598,"4":0.0285708008,"5":0.0433504539,"6":0.0000042471,"7":0.0043000016,"8":0.0000004957,"9":0.0210511805,"10":0.0026416337,"11":0.003115016,"12":0.00475967,"13":0.0060427964,"14":0.0046196343,"15":0.0046681591,"16":0.0045036,"17":0.0043941959,"18":0.0045848357,"19":0.0045803915},"params_max_grad_norm":{"0":6.0909271151,"1":5.34261303,"2":2.1568030652,"3":8.1222940115,"4":2.7360438197,"5":8.9693080342,"6":8.3216275897,"7":2.147413679,"8":8.6584135736,"9":4.8277062666,"10":1.0202321301,"11":1.8749877243,"12":1.7550689609,"13":1.0845997773,"14":1.6155066762,"15":1.9549846286,"16":1.6629043923,"17":1.663219,"18":1.5832126634,"19":1.6215459273},"state":{"0":"COMPLETE","1":"COMPLETE","2":"COMPLETE","3":"COMPLETE","4":"COMPLETE","5":"COMPLETE","6":"COMPLETE","7":"COMPLETE","8":"COMPLETE","9":"COMPLETE","10":"COMPLETE","11":"COMPLETE","12":"COMPLETE","13":"COMPLETE","14":"COMPLETE","15":"COMPLETE","16":"COMPLETE","17":"COMPLETE","18":"COMPLETE","19":"COMPLETE"}}