{"epochs": 111, "learning_rate": 0.0053906117422581135, "max_grad_norm": 0.3957140590407308}