{"number":{"0":0,"1":1,"2":2,"3":3,"4":4,"5":5,"6":6,"7":7,"8":8,"9":9,"10":10,"11":11,"12":12,"13":13,"14":14,"15":15,"16":16,"17":17,"18":18,"19":19},"value":{"0":0.1533333361,"1":0.0866666585,"2":0.7577777505,"3":0.0399999991,"4":0.0955555514,"5":0.1244444549,"6":0.0844444484,"7":0.0911111161,"8":0.7622222304,"9":0.5333333015,"10":0.7755555511,"11":0.1688888967,"12":0.6733333468,"13":0.777777791,"14":0.7400000095,"15":0.5444444418,"16":0.7688888907,"17":0.7688888907,"18":0.7133333683,"19":0.7799999714},"datetime_start":{"0":1703005407742,"1":1703005740389,"2":1703006230105,"3":1703006287996,"4":1703006865640,"5":1703007545749,"6":1703007703300,"7":1703008059978,"8":1703008181658,"9":1703008559433,"10":1703008981121,"11":1703009035311,"12":1703009049966,"13":1703009231824,"14":1703009394661,"15":1703009696768,"16":1703009723233,"17":1703009989005,"18":1703010246347,"19":1703010409546},"datetime_complete":{"0":1703005740258,"1":1703006229964,"2":1703006287843,"3":1703006865498,"4":1703007545607,"5":1703007703153,"6":1703008059835,"7":1703008181507,"8":1703008559282,"9":1703008980964,"10":1703009035153,"11":1703009049788,"12":1703009231680,"13":1703009394528,"14":1703009696607,"15":1703009723102,"16":1703009988857,"17":1703010246219,"18":1703010409412,"19":1703010862502},"duration":{"0":332516,"1":489574,"2":57738,"3":577501,"4":679966,"5":157403,"6":356535,"7":121528,"8":377624,"9":421530,"10":54031,"11":14477,"12":181714,"13":162704,"14":301946,"15":26334,"16":265624,"17":257213,"18":163064,"19":452956},"params_epochs":{"0":75,"1":120,"2":12,"3":142,"4":167,"5":37,"6":87,"7":28,"8":92,"9":103,"10":11,"11":1,"12":43,"13":38,"14":73,"15":4,"16":64,"17":62,"18":38,"19":111},"params_learning_rate":{"0":0.0506157689,"1":0.0000008632,"2":0.01574189,"3":0.0000001329,"4":0.0000018795,"5":0.0000066904,"6":0.0000055895,"7":0.0000056607,"8":0.0051410966,"9":0.0003584986,"10":0.0070649514,"11":0.0042878572,"12":0.0200124879,"13":0.0054770705,"14":0.0109278125,"15":0.0202539949,"16":0.0053453754,"17":0.0043763212,"18":0.0117983985,"19":0.0053906117},"params_max_grad_norm":{"0":7.3735406298,"1":1.7287462993,"2":6.0909271151,"3":9.7051165512,"4":1.9818846786,"5":5.34261303,"6":6.1961583683,"7":3.7903460643,"8":2.1568030652,"9":0.6552140447,"10":3.6113662432,"11":5.6035915932,"12":1.6520555704,"13":1.0373075744,"14":0.3062905747,"15":1.2008194837,"16":1.8778538567,"17":1.6021841357,"18":3.5936606199,"19":0.395714059},"state":{"0":"COMPLETE","1":"COMPLETE","2":"COMPLETE","3":"COMPLETE","4":"COMPLETE","5":"COMPLETE","6":"COMPLETE","7":"COMPLETE","8":"COMPLETE","9":"COMPLETE","10":"COMPLETE","11":"COMPLETE","12":"COMPLETE","13":"COMPLETE","14":"COMPLETE","15":"COMPLETE","16":"COMPLETE","17":"COMPLETE","18":"COMPLETE","19":"COMPLETE"}}