{"epochs": 79, "batch_size": 45000, "learning_rate": 0.002674178731303174, "max_grad_norm": 1.4093663017144948}