{"number":{"0":0,"1":1,"2":2,"3":3,"4":4,"5":5,"6":6,"7":7,"8":8,"9":9,"10":10,"11":11,"12":12,"13":13,"14":14,"15":15,"16":16,"17":17,"18":18,"19":19},"value":{"0":0.0142000001,"1":0.0133999996,"2":0.0105999997,"3":0.017599998,"4":0.0083999997,"5":0.7683999538,"6":0.0143999998,"7":0.6402000189,"8":0.0461999997,"9":0.0981999934,"10":0.77760005,"11":0.7797999978,"12":0.7766000032,"13":0.7757999897,"14":0.7768000364,"15":0.77700001,"16":0.7757999897,"17":0.7769999504,"18":0.7756000161,"19":0.7815999985},"datetime_start":{"0":1702474816121,"1":1702482222221,"2":1702494370761,"3":1702501128936,"4":1702505630770,"5":1702515709883,"6":1702521452971,"7":1702521686023,"8":1702526611595,"9":1702534294748,"10":1702537921269,"11":1702543390229,"12":1702549111201,"13":1702554678559,"14":1702562292071,"15":1702568792497,"16":1702574801935,"17":1702580710892,"18":1702586510355,"19":1702592334133},"datetime_complete":{"0":1702482222091,"1":1702494370613,"2":1702501128759,"3":1702505630584,"4":1702515709687,"5":1702521452797,"6":1702521685879,"7":1702526611451,"8":1702534294603,"9":1702537921136,"10":1702543390096,"11":1702549111056,"12":1702554678412,"13":1702562291923,"14":1702568792352,"15":1702574801763,"16":1702580710719,"17":1702586510191,"18":1702592333922,"19":1702598106522},"duration":{"0":7405969,"1":12148391,"2":6757997,"3":4501648,"4":10078916,"5":5742913,"6":232907,"7":4925427,"8":7683008,"9":3626388,"10":5468826,"11":5720827,"12":5567211,"13":7613364,"14":6500281,"15":6009266,"16":5908784,"17":5799298,"18":5823567,"19":5772389},"params_batch_size":{"0":256,"1":32768,"2":45000,"3":16384,"4":512,"5":45000,"6":32768,"7":2048,"8":32768,"9":2048,"10":45000,"11":45000,"12":45000,"13":45000,"14":45000,"15":45000,"16":45000,"17":45000,"18":45000,"19":45000},"params_epochs":{"0":75,"1":167,"2":92,"3":61,"4":110,"5":78,"6":2,"7":63,"8":105,"9":46,"10":75,"11":78,"12":76,"13":104,"14":89,"15":82,"16":81,"17":80,"18":80,"19":79},"params_learning_rate":{"0":0.0000001329,"1":0.0000056607,"2":0.0622002598,"3":0.0000074177,"4":0.0000001868,"5":0.0043000016,"6":0.0000096691,"7":0.0042247701,"8":0.0000289933,"9":0.0226649096,"10":0.0026178526,"11":0.0025361707,"12":0.0032317956,"13":0.002986294,"14":0.002806226,"15":0.0026868997,"16":0.0026895577,"17":0.0026776602,"18":0.002672353,"19":0.0026741787},"params_max_grad_norm":{"0":9.7051165512,"1":3.7903460643,"2":8.1222940115,"3":5.2966666075,"4":3.3882372415,"5":2.147413679,"6":0.8228718328,"7":5.0391968444,"8":7.6044011577,"9":5.4855539708,"10":0.9472950581,"11":1.7769913291,"12":1.4214913469,"13":0.8747734221,"14":1.4463519648,"15":1.3424335525,"16":1.3892775173,"17":1.408111677,"18":1.4023589344,"19":1.4093663017},"state":{"0":"COMPLETE","1":"COMPLETE","2":"COMPLETE","3":"COMPLETE","4":"COMPLETE","5":"COMPLETE","6":"COMPLETE","7":"COMPLETE","8":"COMPLETE","9":"COMPLETE","10":"COMPLETE","11":"COMPLETE","12":"COMPLETE","13":"COMPLETE","14":"COMPLETE","15":"COMPLETE","16":"COMPLETE","17":"COMPLETE","18":"COMPLETE","19":"COMPLETE"}}