{"epochs": 90, "batch_size": 512, "learning_rate": 0.003173039960859209, "max_grad_norm": 3.0911084426084035}