{"number":{"0":0,"1":1,"2":2,"3":3,"4":4,"5":5,"6":6,"7":7,"8":8,"9":9,"10":10,"11":11,"12":12,"13":13,"14":14,"15":15,"16":16,"17":17,"18":18,"19":19,"20":20,"21":21,"22":22,"23":23,"24":24,"25":25,"26":26,"27":27,"28":28,"29":29,"30":30,"31":31,"32":32,"33":33,"34":34,"35":35,"36":36,"37":37,"38":38,"39":39,"40":40,"41":41,"42":42,"43":43,"44":44,"45":45,"46":46,"47":47,"48":48,"49":49},"value":{"0":0.0060000001,"1":0.0125000002,"2":0.5279999971,"3":0.0095000006,"4":0.0135000004,"5":0.0109999999,"6":0.0049999999,"7":0.4380000234,"8":0.0090000005,"9":0.1079999954,"10":0.4819999933,"11":0.5130000114,"12":0.5500000119,"13":0.5500000119,"14":0.5559999943,"15":0.5419999957,"16":0.5059999824,"17":0.5515000224,"18":0.5519999862,"19":0.5634999871,"20":0.5625,"21":0.5694999695,"22":0.5735000372,"23":0.5460000038,"24":0.5514999628,"25":0.5669999719,"26":0.5575000048,"27":0.5779999495,"28":0.5609999895,"29":0.5644999743,"30":0.5625,"31":0.5514999628,"32":0.57099998,"33":0.5609999895,"34":0.5784999728,"35":0.5614999533,"36":0.5364999771,"37":0.5690000057,"38":0.5590000153,"39":0.5664999485,"40":0.5715000033,"41":0.565500021,"42":0.565500021,"43":0.5789999962,"44":0.5644999743,"45":0.5620000362,"46":0.5584999323,"47":0.5529999733,"48":0.57099998,"49":0.5654999614},"datetime_start":{"0":1702564941845,"1":1702565746586,"2":1702567107460,"3":1702567947436,"4":1702568810209,"5":1702569404638,"6":1702570487932,"7":1702571747924,"8":1702572360653,"9":1702572403081,"10":1702573424645,"11":1702574530282,"12":1702575493746,"13":1702576452404,"14":1702577511372,"15":1702578437671,"16":1702579363631,"17":1702580377530,"18":1702581212733,"19":1702582072845,"20":1702582956848,"21":1702583838337,"22":1702584723341,"23":1702585595159,"24":1702586465049,"25":1702587356239,"26":1702588218752,"27":1702589068107,"28":1702589938840,"29":1702590811520,"30":1702591681515,"31":1702592556485,"32":1702593430814,"33":1702594350311,"34":1702595223080,"35":1702596097493,"36":1702596967465,"37":1702597835913,"38":1702598708059,"39":1702599574985,"40":1702600445759,"41":1702601319718,"42":1702602191873,"43":1702603058289,"44":1702603930715,"45":1702604804303,"46":1702605676220,"47":1702606547521,"48":1702607427931,"49":1702608300153},"datetime_complete":{"0":1702565746438,"1":1702567107280,"2":1702567947288,"3":1702568810012,"4":1702569404472,"5":1702570487786,"6":1702571747753,"7":1702572360425,"8":1702572402885,"9":1702573424513,"10":1702574530127,"11":1702575493592,"12":1702576452248,"13":1702577511160,"14":1702578437484,"15":1702579363462,"16":1702580377312,"17":1702581212572,"18":1702582072642,"19":1702582956676,"20":1702583838176,"21":1702584723208,"22":1702585595024,"23":1702586464916,"24":1702587356079,"25":1702588218602,"26":1702589067922,"27":1702589938677,"28":1702590811360,"29":1702591681310,"30":1702592556309,"31":1702593430662,"32":1702594341881,"33":1702595222868,"34":1702596097309,"35":1702596967280,"36":1702597835724,"37":1702598707887,"38":1702599574772,"39":1702600445621,"40":1702601319547,"41":1702602191699,"42":1702603058112,"43":1702603930554,"44":1702604804135,"45":1702605676079,"46":1702606547190,"47":1702607427797,"48":1702608299993,"49":1702609176693},"duration":{"0":804592,"1":1360694,"2":839827,"3":862576,"4":594262,"5":1083148,"6":1259820,"7":612501,"8":42232,"9":1021431,"10":1105482,"11":963309,"12":958502,"13":1058756,"14":926112,"15":925791,"16":1013681,"17":835042,"18":859908,"19":883830,"20":881328,"21":884871,"22":871682,"23":869757,"24":891029,"25":862363,"26":849170,"27":870570,"28":872520,"29":869789,"30":874794,"31":874176,"32":911066,"33":872557,"34":874229,"35":869786,"36":868258,"37":871974,"38":866713,"39":870636,"40":873788,"41":871981,"42":866238,"43":872264,"44":873420,"45":871775,"46":870970,"47":880275,"48":872061,"49":876539},"params_batch_size":{"0":256,"1":512,"2":512,"3":4500,"4":512,"5":4096,"6":256,"7":4500,"8":256,"9":4096,"10":512,"11":512,"12":512,"13":512,"14":512,"15":512,"16":512,"17":512,"18":512,"19":512,"20":512,"21":512,"22":512,"23":512,"24":512,"25":512,"26":512,"27":512,"28":512,"29":512,"30":512,"31":512,"32":512,"33":512,"34":512,"35":512,"36":512,"37":512,"38":512,"39":512,"40":512,"41":512,"42":512,"43":512,"44":512,"45":512,"46":512,"47":512,"48":512,"49":512},"params_epochs":{"0":75,"1":142,"2":87,"3":103,"4":61,"5":133,"6":120,"7":72,"8":2,"9":125,"10":115,"11":99,"12":99,"13":109,"14":96,"15":96,"16":105,"17":86,"18":89,"19":91,"20":91,"21":91,"22":90,"23":90,"24":92,"25":89,"26":88,"27":90,"28":90,"29":90,"30":90,"31":90,"32":90,"33":90,"34":90,"35":90,"36":90,"37":90,"38":90,"39":90,"40":90,"41":90,"42":90,"43":90,"44":90,"45":90,"46":90,"47":90,"48":90,"49":90},"params_learning_rate":{"0":0.01574189,"1":0.0000066904,"2":0.0051410966,"3":0.0622002598,"4":0.0285708008,"5":0.0433504539,"6":0.0000042471,"7":0.0043000016,"8":0.0000004957,"9":0.0210511805,"10":0.0014180312,"11":0.0017510452,"12":0.003260091,"13":0.0034497388,"14":0.0031632386,"15":0.00317317,"16":0.0042542452,"17":0.0030017922,"18":0.0030239458,"19":0.0030614772,"20":0.0031323,"21":0.0032441537,"22":0.0033515663,"23":0.0033580481,"24":0.0031867213,"25":0.0032105012,"26":0.0032347625,"27":0.0032061794,"28":0.0031903053,"29":0.0031936118,"30":0.0032024033,"31":0.0032083704,"32":0.0031978114,"33":0.0031966645,"34":0.0032030054,"35":0.0032015522,"36":0.0031995685,"37":0.0031737267,"38":0.0031640337,"39":0.0031734164,"40":0.0031759153,"41":0.0031724097,"42":0.0031698295,"43":0.00317304,"44":0.0031553602,"45":0.0031584329,"46":0.0031608991,"47":0.0031686634,"48":0.003175727,"49":0.0031741932},"params_max_grad_norm":{"0":6.0909271151,"1":5.34261303,"2":2.1568030652,"3":8.1222940115,"4":2.7360438197,"5":8.9693080342,"6":8.3216275897,"7":2.147413679,"8":8.6584135736,"9":4.8277062666,"10":0.6719369375,"11":2.3084054838,"12":1.3305386288,"13":2.2107827292,"14":1.9536404748,"15":1.9986350159,"16":1.7219513793,"17":2.1913664571,"18":2.2164207806,"19":2.2971272907,"20":2.6874442457,"21":3.2657771193,"22":3.9540467629,"23":4.1806005427,"24":3.0661468032,"25":3.0866370936,"26":3.0886258947,"27":3.0928429025,"28":3.0789869532,"29":3.067019817,"30":3.0707213305,"31":3.0660508106,"32":3.0858136849,"33":3.076339478,"34":3.0794674863,"35":3.0663368872,"36":3.0672991103,"37":3.1019883846,"38":3.113280401,"39":3.1113562247,"40":3.100744473,"41":3.0962790009,"42":3.0978887445,"43":3.0911084426,"44":3.0940722912,"45":3.0905145609,"46":3.0864409553,"47":3.0842852968,"48":3.0889518512,"49":3.084839216},"state":{"0":"COMPLETE","1":"COMPLETE","2":"COMPLETE","3":"COMPLETE","4":"COMPLETE","5":"COMPLETE","6":"COMPLETE","7":"COMPLETE","8":"COMPLETE","9":"COMPLETE","10":"COMPLETE","11":"COMPLETE","12":"COMPLETE","13":"COMPLETE","14":"COMPLETE","15":"COMPLETE","16":"COMPLETE","17":"COMPLETE","18":"COMPLETE","19":"COMPLETE","20":"COMPLETE","21":"COMPLETE","22":"COMPLETE","23":"COMPLETE","24":"COMPLETE","25":"COMPLETE","26":"COMPLETE","27":"COMPLETE","28":"COMPLETE","29":"COMPLETE","30":"COMPLETE","31":"COMPLETE","32":"COMPLETE","33":"COMPLETE","34":"COMPLETE","35":"COMPLETE","36":"COMPLETE","37":"COMPLETE","38":"COMPLETE","39":"COMPLETE","40":"COMPLETE","41":"COMPLETE","42":"COMPLETE","43":"COMPLETE","44":"COMPLETE","45":"COMPLETE","46":"COMPLETE","47":"COMPLETE","48":"COMPLETE","49":"COMPLETE"}}