{"epochs": 115, "batch_size": 1024, "sample_rate": null, "learning_rate": 0.00044184415211997183, "noise_multiplier": null, "max_grad_norm": 5.721990826776591, "target_epsilon": 2.0, "privacy": true}