{"epochs": 136, "batch_size": 2048, "sample_rate": null, "learning_rate": 0.0009184742750076101, "noise_multiplier": null, "max_grad_norm": 1.4764168712329984, "target_epsilon": 2.0, "privacy": true}