{"epochs": 84, "batch_size": 4500, "learning_rate": 0.0035643596665990585, "max_grad_norm": 1.6203776900436555}