{"number":{"0":0,"1":1,"2":2,"3":3,"4":4,"5":5,"6":6,"7":7,"8":8,"9":9,"10":10,"11":11,"12":12,"13":13,"14":14,"15":15,"16":16,"17":17,"18":18,"19":19,"20":20,"21":21,"22":22,"23":23,"24":24,"25":25,"26":26,"27":27,"28":28,"29":29,"30":30,"31":31,"32":32,"33":33,"34":34,"35":35,"36":36,"37":37,"38":38,"39":39,"40":40,"41":41,"42":42,"43":43,"44":44,"45":45,"46":46,"47":47,"48":48,"49":49},"value":{"0":0.1155555546,"1":0.1177777871,"2":0.7622222304,"3":0.1266666651,"4":0.1511111259,"5":0.1088888869,"6":0.075555563,"7":0.8644444942,"8":0.0199999996,"9":0.6800000072,"10":0.8488888741,"11":0.868888855,"12":0.8222222328,"13":0.8622222543,"14":0.8577778339,"15":0.8777778149,"16":0.855555594,"17":0.8822221756,"18":0.8666666746,"19":0.8577777743,"20":0.8733333349,"21":0.8711111546,"22":0.8644444942,"23":0.8777777553,"24":0.853333354,"25":0.8622222543,"26":0.8711111546,"27":0.8622222543,"28":0.8777778149,"29":0.871111095,"30":0.8555555344,"31":0.8466666937,"32":0.8711111546,"33":0.8511110544,"34":0.8822222352,"35":0.8755555153,"36":0.8666666746,"37":0.866666615,"38":0.8600000143,"39":0.868888855,"40":0.8755555749,"41":0.8622221947,"42":0.8755555153,"43":0.8666666746,"44":0.8577777743,"45":0.8733333349,"46":0.8866667151,"47":0.871111095,"48":0.8755555749,"49":0.853333354},"datetime_start":{"0":1702564368545,"1":1702564607568,"2":1702564999117,"3":1702565244200,"4":1702565512224,"5":1702565688352,"6":1702566031060,"7":1702566381171,"8":1702566573691,"9":1702566595361,"10":1702566917820,"11":1702567100775,"12":1702567290785,"13":1702567450499,"14":1702567756306,"15":1702567937213,"16":1702568169185,"17":1702568393820,"18":1702568616637,"19":1702568861965,"20":1702569086308,"21":1702569313416,"22":1702569542497,"23":1702569771295,"24":1702570001794,"25":1702570232150,"26":1702570459906,"27":1702570690048,"28":1702570920116,"29":1702571151643,"30":1702571384359,"31":1702571619313,"32":1702571846942,"33":1702572082131,"34":1702572321761,"35":1702572549290,"36":1702572769491,"37":1702572989493,"38":1702573209464,"39":1702573429289,"40":1702573648627,"41":1702573870677,"42":1702574093429,"43":1702574315061,"44":1702574535662,"45":1702574756867,"46":1702574978678,"47":1702575201172,"48":1702575420257,"49":1702575641140},"datetime_complete":{"0":1702564607443,"1":1702564998923,"2":1702565244000,"3":1702565512053,"4":1702565688180,"5":1702566030878,"6":1702566380998,"7":1702566573467,"8":1702566595185,"9":1702566917669,"10":1702567100611,"11":1702567290601,"12":1702567450351,"13":1702567756173,"14":1702567937029,"15":1702568169035,"16":1702568393653,"17":1702568616411,"18":1702568861777,"19":1702569086174,"20":1702569313245,"21":1702569542357,"22":1702569771162,"23":1702570001641,"24":1702570231995,"25":1702570459746,"26":1702570689917,"27":1702570919986,"28":1702571151486,"29":1702571384204,"30":1702571619146,"31":1702571846774,"32":1702572081978,"33":1702572321599,"34":1702572549124,"35":1702572769356,"36":1702572989334,"37":1702573209307,"38":1702573429093,"39":1702573648495,"40":1702573870518,"41":1702574093296,"42":1702574314879,"43":1702574535501,"44":1702574756718,"45":1702574978534,"46":1702575200994,"47":1702575420086,"48":1702575640989,"49":1702575861542},"duration":{"0":238898,"1":391354,"2":244882,"3":267852,"4":175956,"5":342526,"6":349938,"7":192296,"8":21493,"9":322307,"10":182791,"11":189826,"12":159566,"13":305674,"14":180723,"15":231821,"16":224467,"17":222591,"18":245140,"19":224209,"20":226937,"21":228940,"22":228665,"23":230346,"24":230201,"25":227596,"26":230011,"27":229938,"28":231370,"29":232560,"30":234787,"31":227460,"32":235036,"33":239467,"34":227362,"35":220065,"36":219842,"37":219813,"38":219629,"39":219206,"40":221891,"41":222619,"42":221450,"43":220440,"44":221056,"45":221667,"46":222315,"47":218913,"48":220732,"49":220401},"params_batch_size":{"0":256,"1":512,"2":512,"3":4500,"4":512,"5":4096,"6":256,"7":4500,"8":256,"9":4096,"10":4500,"11":4500,"12":4500,"13":512,"14":4500,"15":4500,"16":4500,"17":4500,"18":4500,"19":4500,"20":4500,"21":4500,"22":4500,"23":4500,"24":4500,"25":4500,"26":4500,"27":4500,"28":4500,"29":4500,"30":4500,"31":4500,"32":4500,"33":4500,"34":4500,"35":4500,"36":4500,"37":4500,"38":4500,"39":4500,"40":4500,"41":4500,"42":4500,"43":4500,"44":4500,"45":4500,"46":4500,"47":4500,"48":4500,"49":4500},"params_epochs":{"0":75,"1":142,"2":87,"3":103,"4":61,"5":133,"6":120,"7":72,"8":2,"9":125,"10":68,"11":71,"12":58,"13":109,"14":67,"15":88,"16":85,"17":84,"18":93,"19":85,"20":86,"21":86,"22":87,"23":87,"24":87,"25":86,"26":87,"27":87,"28":88,"29":88,"30":89,"31":86,"32":89,"33":91,"34":84,"35":83,"36":83,"37":83,"38":83,"39":83,"40":84,"41":84,"42":84,"43":83,"44":84,"45":84,"46":84,"47":83,"48":83,"49":83},"params_learning_rate":{"0":0.01574189,"1":0.0000066904,"2":0.0051410966,"3":0.0622002598,"4":0.0285708008,"5":0.0433504539,"6":0.0000042471,"7":0.0043000016,"8":0.0000004957,"9":0.0210511805,"10":0.0026036464,"11":0.0029063547,"12":0.0016970941,"13":0.0014745346,"14":0.0036539986,"15":0.0027410308,"16":0.0028262285,"17":0.0030554156,"18":0.0039216772,"19":0.0030520498,"20":0.0032404906,"21":0.0032383187,"22":0.0032287056,"23":0.0032182859,"24":0.0031943756,"25":0.0032626958,"26":0.0032514027,"27":0.0032413751,"28":0.0032440698,"29":0.0031982274,"30":0.0031648885,"31":0.0033760929,"32":0.0030943133,"33":0.0029706235,"34":0.0035023501,"35":0.00370704,"36":0.0038511653,"37":0.0037025061,"38":0.0036643048,"39":0.0035663372,"40":0.0035764596,"41":0.0036183094,"42":0.0035735979,"43":0.003599103,"44":0.0036045921,"45":0.0035462989,"46":0.0035643597,"47":0.0036008984,"48":0.003610281,"49":0.0036292084},"params_max_grad_norm":{"0":6.0909271151,"1":5.34261303,"2":2.1568030652,"3":8.1222940115,"4":2.7360438197,"5":8.9693080342,"6":8.3216275897,"7":2.147413679,"8":8.6584135736,"9":4.8277062666,"10":0.9569105579,"11":1.6723981502,"12":2.5552139873,"13":1.3736133089,"14":1.6764696233,"15":1.7668065526,"16":1.8473511835,"17":1.6157821844,"18":1.2510133749,"19":1.5716603095,"20":1.5958320792,"21":1.6028684294,"22":1.6006558387,"23":1.5765647299,"24":1.5884136533,"25":1.5611823829,"26":1.5580036694,"27":1.5543448121,"28":1.541744015,"29":1.5446866056,"30":1.5368251572,"31":1.571089555,"32":1.5055611533,"33":1.4585738827,"34":1.6141828719,"35":1.6240717702,"36":1.6113394446,"37":1.6248065181,"38":1.6260497872,"39":1.6270344027,"40":1.6265085289,"41":1.635559607,"42":1.6248350912,"43":1.6380528067,"44":1.6304934703,"45":1.6159255922,"46":1.62037769,"47":1.6278241308,"48":1.6300506643,"49":1.6340773898},"state":{"0":"COMPLETE","1":"COMPLETE","2":"COMPLETE","3":"COMPLETE","4":"COMPLETE","5":"COMPLETE","6":"COMPLETE","7":"COMPLETE","8":"COMPLETE","9":"COMPLETE","10":"COMPLETE","11":"COMPLETE","12":"COMPLETE","13":"COMPLETE","14":"COMPLETE","15":"COMPLETE","16":"COMPLETE","17":"COMPLETE","18":"COMPLETE","19":"COMPLETE","20":"COMPLETE","21":"COMPLETE","22":"COMPLETE","23":"COMPLETE","24":"COMPLETE","25":"COMPLETE","26":"COMPLETE","27":"COMPLETE","28":"COMPLETE","29":"COMPLETE","30":"COMPLETE","31":"COMPLETE","32":"COMPLETE","33":"COMPLETE","34":"COMPLETE","35":"COMPLETE","36":"COMPLETE","37":"COMPLETE","38":"COMPLETE","39":"COMPLETE","40":"COMPLETE","41":"COMPLETE","42":"COMPLETE","43":"COMPLETE","44":"COMPLETE","45":"COMPLETE","46":"COMPLETE","47":"COMPLETE","48":"COMPLETE","49":"COMPLETE"}}