{"epochs": 91, "batch_size": 512, "learning_rate": 0.003061477175729221, "max_grad_norm": 2.297127290651979}