{"number":{"0":0,"1":1,"2":2,"3":3,"4":4,"5":5,"6":6,"7":7,"8":8,"9":9,"10":10,"11":11,"12":12,"13":13,"14":14,"15":15,"16":16,"17":17,"18":18,"19":19},"value":{"0":0.0060000001,"1":0.0125000002,"2":0.5279999971,"3":0.0095000006,"4":0.0135000004,"5":0.0109999999,"6":0.0049999999,"7":0.4380000234,"8":0.0090000005,"9":0.1079999954,"10":0.4819999933,"11":0.5130000114,"12":0.5500000119,"13":0.5500000119,"14":0.5559999943,"15":0.5419999957,"16":0.5059999824,"17":0.5515000224,"18":0.5519999862,"19":0.5634999871},"datetime_start":{"0":1702474788365,"1":1702475582715,"2":1702476932074,"3":1702477766717,"4":1702478619229,"5":1702479211957,"6":1702480286431,"7":1702481538912,"8":1702482144158,"9":1702482186148,"10":1702483188561,"11":1702484298420,"12":1702485250472,"13":1702486202532,"14":1702487333293,"15":1702488252987,"16":1702489171898,"17":1702490177709,"18":1702491006015,"19":1702491872250},"datetime_complete":{"0":1702475582583,"1":1702476931893,"2":1702477766494,"3":1702478619052,"4":1702479211784,"5":1702480286243,"6":1702481538780,"7":1702482144014,"8":1702482185997,"9":1702483188415,"10":1702484298252,"11":1702485250289,"12":1702486202362,"13":1702487333151,"14":1702488252844,"15":1702489171677,"16":1702490177553,"17":1702491005878,"18":1702491872104,"19":1702492746882},"duration":{"0":794217,"1":1349178,"2":834420,"3":852334,"4":592555,"5":1074286,"6":1252348,"7":605102,"8":41838,"9":1002266,"10":1109691,"11":951869,"12":951889,"13":1130618,"14":919550,"15":918689,"16":1005654,"17":828169,"18":866088,"19":874632},"params_batch_size":{"0":256,"1":512,"2":512,"3":4500,"4":512,"5":4096,"6":256,"7":4500,"8":256,"9":4096,"10":512,"11":512,"12":512,"13":512,"14":512,"15":512,"16":512,"17":512,"18":512,"19":512},"params_epochs":{"0":75,"1":142,"2":87,"3":103,"4":61,"5":133,"6":120,"7":72,"8":2,"9":125,"10":115,"11":99,"12":99,"13":109,"14":96,"15":96,"16":105,"17":86,"18":89,"19":91},"params_learning_rate":{"0":0.01574189,"1":0.0000066904,"2":0.0051410966,"3":0.0622002598,"4":0.0285708008,"5":0.0433504539,"6":0.0000042471,"7":0.0043000016,"8":0.0000004957,"9":0.0210511805,"10":0.0014180312,"11":0.0017510452,"12":0.003260091,"13":0.0034497388,"14":0.0031632386,"15":0.00317317,"16":0.0042542452,"17":0.0030017922,"18":0.0030239458,"19":0.0030614772},"params_max_grad_norm":{"0":6.0909271151,"1":5.34261303,"2":2.1568030652,"3":8.1222940115,"4":2.7360438197,"5":8.9693080342,"6":8.3216275897,"7":2.147413679,"8":8.6584135736,"9":4.8277062666,"10":0.6719369375,"11":2.3084054838,"12":1.3305386288,"13":2.2107827292,"14":1.9536404748,"15":1.9986350159,"16":1.7219513793,"17":2.1913664571,"18":2.2164207806,"19":2.2971272907},"state":{"0":"COMPLETE","1":"COMPLETE","2":"COMPLETE","3":"COMPLETE","4":"COMPLETE","5":"COMPLETE","6":"COMPLETE","7":"COMPLETE","8":"COMPLETE","9":"COMPLETE","10":"COMPLETE","11":"COMPLETE","12":"COMPLETE","13":"COMPLETE","14":"COMPLETE","15":"COMPLETE","16":"COMPLETE","17":"COMPLETE","18":"COMPLETE","19":"COMPLETE"}}