{"epochs": 51, "batch_size": 45000, "learning_rate": 0.0029741602239981824, "max_grad_norm": 1.7319463809183828}