{"number":{"0":0,"1":1,"2":2,"3":3,"4":4,"5":5,"6":6,"7":7,"8":8,"9":9,"10":10,"11":11,"12":12,"13":13,"14":14,"15":15,"16":16,"17":17,"18":18,"19":19},"value":{"0":0.0157999992,"1":0.0313999988,"2":0.0099999998,"3":0.0344000012,"4":0.0114000002,"5":0.82099998,"6":0.0143999998,"7":0.7494000196,"8":0.2287999839,"9":0.4916000366,"10":0.8259999752,"11":0.8208000064,"12":0.8212000132,"13":0.8266000152,"14":0.8241999745,"15":0.8226000071,"16":0.8236000538,"17":0.8253999352,"18":0.8245999813,"19":0.8259999752},"datetime_start":{"0":1702474815151,"1":1702482345035,"2":1702494800444,"3":1702501571502,"4":1702506144631,"5":1702516252442,"6":1702521996616,"7":1702522222453,"8":1702527178518,"9":1702534863413,"10":1702538473151,"11":1702543965556,"12":1702549619284,"13":1702555254175,"14":1702558994938,"15":1702563867622,"16":1702570685027,"17":1702575517927,"18":1702580639668,"19":1702585682796},"datetime_complete":{"0":1702482344887,"1":1702494800297,"2":1702501571330,"3":1702506144463,"4":1702516252266,"5":1702521996485,"6":1702522222321,"7":1702527178357,"8":1702534863267,"9":1702538472996,"10":1702543965420,"11":1702549619151,"12":1702555254022,"13":1702558994808,"14":1702563867492,"15":1702570684880,"16":1702575517754,"17":1702580639447,"18":1702585682661,"19":1702590808149},"duration":{"0":7529735,"1":12455261,"2":6770885,"3":4572960,"4":10107635,"5":5744042,"6":225705,"7":4955904,"8":7684748,"9":3609583,"10":5492269,"11":5653595,"12":5634737,"13":3740633,"14":4872553,"15":6817257,"16":4832726,"17":5121520,"18":5042993,"19":5125352},"params_batch_size":{"0":256,"1":32768,"2":45000,"3":16384,"4":512,"5":45000,"6":32768,"7":2048,"8":32768,"9":2048,"10":45000,"11":45000,"12":45000,"13":45000,"14":45000,"15":2048,"16":45000,"17":45000,"18":45000,"19":45000},"params_epochs":{"0":75,"1":167,"2":92,"3":61,"4":110,"5":78,"6":2,"7":63,"8":105,"9":46,"10":75,"11":77,"12":77,"13":51,"14":66,"15":87,"16":66,"17":69,"18":68,"19":69},"params_learning_rate":{"0":0.0000001329,"1":0.0000056607,"2":0.0622002598,"3":0.0000074177,"4":0.0000001868,"5":0.0043000016,"6":0.0000096691,"7":0.0042247701,"8":0.0000289933,"9":0.0226649096,"10":0.00264534,"11":0.001653247,"12":0.0046182064,"13":0.0029741602,"14":0.0027687956,"15":0.0004025393,"16":0.002670769,"17":0.0026446557,"18":0.0026377342,"19":0.0026342741},"params_max_grad_norm":{"0":9.7051165512,"1":3.7903460643,"2":8.1222940115,"3":5.2966666075,"4":3.3882372415,"5":2.147413679,"6":0.8228718328,"7":5.0391968444,"8":7.6044011577,"9":5.4855539708,"10":0.9089220351,"11":1.6074437568,"12":1.349462672,"13":1.7319463809,"14":1.5047032925,"15":4.390659478,"16":1.2980518637,"17":1.2689746162,"18":1.2771916801,"19":1.2720029186},"state":{"0":"COMPLETE","1":"COMPLETE","2":"COMPLETE","3":"COMPLETE","4":"COMPLETE","5":"COMPLETE","6":"COMPLETE","7":"COMPLETE","8":"COMPLETE","9":"COMPLETE","10":"COMPLETE","11":"COMPLETE","12":"COMPLETE","13":"COMPLETE","14":"COMPLETE","15":"COMPLETE","16":"COMPLETE","17":"COMPLETE","18":"COMPLETE","19":"COMPLETE"}}