{"epochs": 77, "batch_size": 4500, "learning_rate": 0.003629309746935068, "max_grad_norm": 1.8329431310525408}