{"number":{"0":0,"1":1,"2":2,"3":3,"4":4,"5":5,"6":6,"7":7,"8":8,"9":9,"10":10,"11":11,"12":12,"13":13,"14":14,"15":15,"16":16,"17":17,"18":18,"19":19},"value":{"0":0.0094999997,"1":0.0144999996,"2":0.2024999857,"3":0.0109999999,"4":0.0160000008,"5":0.0185000002,"6":0.0020000001,"7":0.2800000012,"8":0.0040000002,"9":0.1484999955,"10":0.2545000017,"11":0.2740000188,"12":0.2479999959,"13":0.2109999955,"14":0.2515000105,"15":0.2670000196,"16":0.2870000005,"17":0.2529999912,"18":0.2785000205,"19":0.2624999881},"datetime_start":{"0":1702474810949,"1":1702475791126,"2":1702477447646,"3":1702478461685,"4":1702479503661,"5":1702480223562,"6":1702481531500,"7":1702483074309,"8":1702483808015,"9":1702483852067,"10":1702485075644,"11":1702485758650,"12":1702486525115,"13":1702487333461,"14":1702488136180,"15":1702489071161,"16":1702489824492,"17":1702490606219,"18":1702491421182,"19":1702492192935},"datetime_complete":{"0":1702475790989,"1":1702477447513,"2":1702478461556,"3":1702479503501,"4":1702480223420,"5":1702481531326,"6":1702483074121,"7":1702483807821,"8":1702483851915,"9":1702485075495,"10":1702485758491,"11":1702486524980,"12":1702487333094,"13":1702488136036,"14":1702489070975,"15":1702489824322,"16":1702490606060,"17":1702491421006,"18":1702492192755,"19":1702492973671},"duration":{"0":980040,"1":1656386,"2":1013910,"3":1041815,"4":719758,"5":1307764,"6":1542620,"7":733512,"8":43900,"9":1223427,"10":682847,"11":766329,"12":807978,"13":802575,"14":934794,"15":753161,"16":781568,"17":814786,"18":771572,"19":780736},"params_batch_size":{"0":256,"1":512,"2":512,"3":4500,"4":512,"5":4096,"6":256,"7":4500,"8":256,"9":4096,"10":4500,"11":4500,"12":4500,"13":4500,"14":4500,"15":4500,"16":4500,"17":4500,"18":4500,"19":4500},"params_epochs":{"0":75,"1":142,"2":87,"3":103,"4":61,"5":133,"6":120,"7":72,"8":2,"9":125,"10":67,"11":75,"12":67,"13":79,"14":92,"15":74,"16":77,"17":80,"18":76,"19":77},"params_learning_rate":{"0":0.01574189,"1":0.0000066904,"2":0.0051410966,"3":0.0622002598,"4":0.0285708008,"5":0.0433504539,"6":0.0000042471,"7":0.0043000016,"8":0.0000004957,"9":0.0210511805,"10":0.0026701381,"11":0.0033449567,"12":0.0049119859,"13":0.0134818132,"14":0.0028290119,"15":0.0029050864,"16":0.0036293097,"17":0.0046624091,"18":0.0027342095,"19":0.0027951211},"params_max_grad_norm":{"0":6.0909271151,"1":5.34261303,"2":2.1568030652,"3":8.1222940115,"4":2.7360438197,"5":8.9693080342,"6":8.3216275897,"7":2.147413679,"8":8.6584135736,"9":4.8277062666,"10":1.0440044523,"11":2.1716361716,"12":2.305941465,"13":1.2569548301,"14":1.8464085133,"15":1.9953900922,"16":1.8329431311,"17":1.3548877903,"18":1.9458214106,"19":1.9216610681},"state":{"0":"COMPLETE","1":"COMPLETE","2":"COMPLETE","3":"COMPLETE","4":"COMPLETE","5":"COMPLETE","6":"COMPLETE","7":"COMPLETE","8":"COMPLETE","9":"COMPLETE","10":"COMPLETE","11":"COMPLETE","12":"COMPLETE","13":"COMPLETE","14":"COMPLETE","15":"COMPLETE","16":"COMPLETE","17":"COMPLETE","18":"COMPLETE","19":"COMPLETE"}}