{"epochs": 99, "batch_size": 4500, "learning_rate": 0.0036873008032754914, "max_grad_norm": 2.3294259373441415}