{"number":{"0":0,"1":1,"2":2,"3":3,"4":4,"5":5,"6":6,"7":7,"8":8,"9":9,"10":10,"11":11,"12":12,"13":13,"14":14,"15":15,"16":16,"17":17,"18":18,"19":19},"value":{"0":0.0130000003,"1":0.0094999997,"2":0.0235000011,"3":0.0149999997,"4":0.0159999989,"5":0.0089999996,"6":0.0120000001,"7":0.0390000008,"8":0.0060000001,"9":0.0065000001,"10":0.0319999978,"11":0.0340000018,"12":0.0155000007,"13":0.0359999985,"14":0.0405000001,"15":0.0300000012,"16":0.0329999998,"17":0.0320000015,"18":0.0240000021,"19":0.0364999995},"datetime_start":{"0":1702474788247,"1":1702475582495,"2":1702476890788,"3":1702477693319,"4":1702478484314,"5":1702479053790,"6":1702480039241,"7":1702481276809,"8":1702481841275,"9":1702481875717,"10":1702482806918,"11":1702483320168,"12":1702483855824,"13":1702484512059,"14":1702485049082,"15":1702485813569,"16":1702486615581,"17":1702487214518,"18":1702487925393,"19":1702488530227},"datetime_complete":{"0":1702475582349,"1":1702476890628,"2":1702477693143,"3":1702478484114,"4":1702479053639,"5":1702480039109,"6":1702481276657,"7":1702481841108,"8":1702481875552,"9":1702482806782,"10":1702483320022,"11":1702483855693,"12":1702484511922,"13":1702485048923,"14":1702485813419,"15":1702486615424,"16":1702487214385,"17":1702487925253,"18":1702488530095,"19":1702489217606},"duration":{"0":794101,"1":1308133,"2":802355,"3":790795,"4":569324,"5":985319,"6":1237415,"7":564299,"8":34277,"9":931064,"10":513104,"11":535524,"12":656097,"13":536863,"14":764336,"15":801855,"16":598804,"17":710734,"18":604701,"19":687379},"params_batch_size":{"0":256,"1":512,"2":512,"3":4500,"4":512,"5":4096,"6":256,"7":4500,"8":256,"9":4096,"10":4500,"11":4500,"12":4500,"13":4500,"14":4500,"15":4500,"16":4500,"17":4500,"18":4500,"19":4500},"params_epochs":{"0":75,"1":142,"2":87,"3":103,"4":61,"5":133,"6":120,"7":72,"8":2,"9":125,"10":66,"11":69,"12":85,"13":69,"14":99,"15":104,"16":77,"17":76,"18":78,"19":89},"params_learning_rate":{"0":0.01574189,"1":0.0000066904,"2":0.0051410966,"3":0.0622002598,"4":0.0285708008,"5":0.0433504539,"6":0.0000042471,"7":0.0043000016,"8":0.0000004957,"9":0.0210511805,"10":0.0025956152,"11":0.0024388939,"12":0.0200423778,"13":0.0040684242,"14":0.0036873008,"15":0.0038380417,"16":0.0032414264,"17":0.0033286023,"18":0.0032984171,"19":0.0022154267},"params_max_grad_norm":{"0":6.0909271151,"1":5.34261303,"2":2.1568030652,"3":8.1222940115,"4":2.7360438197,"5":8.9693080342,"6":8.3216275897,"7":2.147413679,"8":8.6584135736,"9":4.8277062666,"10":0.9275303231,"11":3.2641729747,"12":2.2413819398,"13":2.7193779393,"14":2.3294259373,"15":2.207177363,"16":2.7064323854,"17":2.517182384,"18":2.4750592924,"19":2.3049044209},"state":{"0":"COMPLETE","1":"COMPLETE","2":"COMPLETE","3":"COMPLETE","4":"COMPLETE","5":"COMPLETE","6":"COMPLETE","7":"COMPLETE","8":"COMPLETE","9":"COMPLETE","10":"COMPLETE","11":"COMPLETE","12":"COMPLETE","13":"COMPLETE","14":"COMPLETE","15":"COMPLETE","16":"COMPLETE","17":"COMPLETE","18":"COMPLETE","19":"COMPLETE"}}