{"epochs": 84, "batch_size": 512, "learning_rate": 0.0023524727990522614, "max_grad_norm": 0.7032003654203935}