{"number":{"0":0,"1":1,"2":2,"3":3,"4":4,"5":5,"6":6,"7":7,"8":8,"9":9,"10":10,"11":11,"12":12,"13":13,"14":14,"15":15,"16":16,"17":17,"18":18,"19":19},"value":{"0":0.3684999943,"1":0.0150000006,"2":0.8120000362,"3":0.1310000122,"4":0.0705000013,"5":0.3869999945,"6":0.0120000001,"7":0.8429999352,"8":0.0090000005,"9":0.7329999804,"10":0.8034999967,"11":0.8495000005,"12":0.8329999447,"13":0.8585000038,"14":0.8065000176,"15":0.8355000019,"16":0.8495000005,"17":0.8350000381,"18":0.8369999528,"19":0.8349999785},"datetime_start":{"0":1702474788453,"1":1702475589385,"2":1702477048337,"3":1702477888648,"4":1702478746582,"5":1702479347142,"6":1702480424873,"7":1702481678821,"8":1702482287885,"9":1702482333972,"10":1702483348838,"11":1702483902996,"12":1702484911795,"13":1702485896365,"14":1702486715075,"15":1702487914962,"16":1702488808274,"17":1702489674575,"18":1702490489503,"19":1702491374881},"datetime_complete":{"0":1702475589208,"1":1702477048153,"2":1702477888512,"3":1702478746425,"4":1702479347004,"5":1702480424728,"6":1702481678647,"7":1702482287752,"8":1702482333807,"9":1702483348684,"10":1702483902801,"11":1702484911590,"12":1702485896156,"13":1702486714909,"14":1702487914809,"15":1702488808111,"16":1702489674424,"17":1702490489365,"18":1702491374673,"19":1702492286546},"duration":{"0":800755,"1":1458767,"2":840175,"3":857776,"4":600421,"5":1077585,"6":1253773,"7":608931,"8":45922,"9":1014711,"10":553963,"11":1008594,"12":984361,"13":818544,"14":1199733,"15":893149,"16":866149,"17":814789,"18":885169,"19":911664},"params_batch_size":{"0":256,"1":512,"2":512,"3":4500,"4":512,"5":4096,"6":256,"7":4500,"8":256,"9":4096,"10":4500,"11":512,"12":512,"13":512,"14":512,"15":512,"16":512,"17":512,"18":512,"19":512},"params_epochs":{"0":75,"1":142,"2":87,"3":103,"4":61,"5":133,"6":120,"7":72,"8":2,"9":125,"10":65,"11":104,"12":102,"13":84,"14":117,"15":92,"16":89,"17":84,"18":91,"19":94},"params_learning_rate":{"0":0.01574189,"1":0.0000066904,"2":0.0051410966,"3":0.0622002598,"4":0.0285708008,"5":0.0433504539,"6":0.0000042471,"7":0.0043000016,"8":0.0000004957,"9":0.0210511805,"10":0.0022915935,"11":0.0017588318,"12":0.0024326144,"13":0.0023524728,"14":0.0037574102,"15":0.0024886866,"16":0.0019239432,"17":0.0019101638,"18":0.0022316674,"19":0.0022187639},"params_max_grad_norm":{"0":6.0909271151,"1":5.34261303,"2":2.1568030652,"3":8.1222940115,"4":2.7360438197,"5":8.9693080342,"6":8.3216275897,"7":2.147413679,"8":8.6584135736,"9":4.8277062666,"10":0.6467949678,"11":1.6574603862,"12":2.3871086126,"13":0.7032003654,"14":0.4121313202,"15":1.3284284661,"16":0.9211983835,"17":0.5544778277,"18":1.2986477183,"19":1.1639209357},"state":{"0":"COMPLETE","1":"COMPLETE","2":"COMPLETE","3":"COMPLETE","4":"COMPLETE","5":"COMPLETE","6":"COMPLETE","7":"COMPLETE","8":"COMPLETE","9":"COMPLETE","10":"COMPLETE","11":"COMPLETE","12":"COMPLETE","13":"COMPLETE","14":"COMPLETE","15":"COMPLETE","16":"COMPLETE","17":"COMPLETE","18":"COMPLETE","19":"COMPLETE"}}