{"epochs": 56, "learning_rate": 0.005771259262967152, "max_grad_norm": 5.068611946454819}