{"number":{"0":0,"1":1,"2":2,"3":3,"4":4,"5":5,"6":6,"7":7,"8":8,"9":9,"10":10,"11":11,"12":12,"13":13,"14":14,"15":15,"16":16,"17":17,"18":18,"19":19},"value":{"0":0.53549999,"1":0.0125000002,"2":0.80400002,"3":0.0065000001,"4":0.0109999999,"5":0.0255000014,"6":0.0049999999,"7":0.0185000002,"8":0.8190000057,"9":0.2790000141,"10":0.8270000219,"11":0.8299999833,"12":0.1944999993,"13":0.8025000095,"14":0.8244999647,"15":0.7910000086,"16":0.8249999881,"17":0.817999959,"18":0.8014999628,"19":0.8090000153},"datetime_start":{"0":1703007091023,"1":1703007747892,"2":1703008749692,"3":1703008869014,"4":1703010065181,"5":1703011456684,"6":1703011784082,"7":1703012526558,"8":1703012777666,"9":1703013558442,"10":1703014434764,"11":1703014755837,"12":1703015240365,"13":1703015272735,"14":1703015872353,"15":1703016461013,"16":1703016762356,"17":1703017313641,"18":1703017749127,"19":1703018094526},"datetime_complete":{"0":1703007747746,"1":1703008749544,"2":1703008868862,"3":1703010065043,"4":1703011456499,"5":1703011783930,"6":1703012526407,"7":1703012777525,"8":1703013558237,"9":1703014434572,"10":1703014755706,"11":1703015240211,"12":1703015272566,"13":1703015872197,"14":1703016460864,"15":1703016762205,"16":1703017313475,"17":1703017748943,"18":1703018094348,"19":1703018831922},"duration":{"0":656723,"1":1001651,"2":119170,"3":1196028,"4":1391318,"5":327245,"6":742324,"7":250966,"8":780571,"9":876129,"10":320942,"11":484373,"12":32200,"13":599461,"14":588510,"15":301192,"16":551118,"17":435301,"18":345221,"19":737395},"params_epochs":{"0":75,"1":120,"2":12,"3":142,"4":167,"5":37,"6":87,"7":28,"8":92,"9":103,"10":36,"11":56,"12":1,"13":70,"14":69,"15":34,"16":64,"17":50,"18":39,"19":87},"params_learning_rate":{"0":0.0506157689,"1":0.0000008632,"2":0.01574189,"3":0.0000001329,"4":0.0000018795,"5":0.0000066904,"6":0.0000055895,"7":0.0000056607,"8":0.0051410966,"9":0.0003584986,"10":0.0100877789,"11":0.0057712593,"12":0.0062271364,"13":0.0204872152,"14":0.012979965,"15":0.0219997816,"16":0.0091756473,"17":0.0122582842,"18":0.0226853386,"19":0.004970198},"params_max_grad_norm":{"0":7.3735406298,"1":1.7287462993,"2":6.0909271151,"3":9.7051165512,"4":1.9818846786,"5":5.34261303,"6":6.1961583683,"7":3.7903460643,"8":2.1568030652,"9":0.6552140447,"10":3.2074637826,"11":5.0686119465,"12":4.9158542563,"13":3.1887667654,"14":3.631154815,"15":5.3467479783,"16":3.7192388585,"17":5.1039863215,"18":6.2278672705,"19":6.0867161899},"state":{"0":"COMPLETE","1":"COMPLETE","2":"COMPLETE","3":"COMPLETE","4":"COMPLETE","5":"COMPLETE","6":"COMPLETE","7":"COMPLETE","8":"COMPLETE","9":"COMPLETE","10":"COMPLETE","11":"COMPLETE","12":"COMPLETE","13":"COMPLETE","14":"COMPLETE","15":"COMPLETE","16":"COMPLETE","17":"COMPLETE","18":"COMPLETE","19":"COMPLETE"}}