{"epochs": 109, "batch_size": 2048, "sample_rate": null, "learning_rate": 0.0008694257180630813, "noise_multiplier": null, "max_grad_norm": 0.27279145792362214, "target_epsilon": 0.5, "privacy": true}