{"epochs": 75, "batch_size": 45000, "learning_rate": 0.0026238668380535062, "max_grad_norm": 0.9619828750300232}