{"number":{"0":0,"1":1,"2":2,"3":3,"4":4,"5":5,"6":6,"7":7,"8":8,"9":9,"10":10,"11":11,"12":12,"13":13,"14":14,"15":15,"16":16,"17":17,"18":18,"19":19},"value":{"0":0.0148,"1":0.0129999993,"2":0.0092000002,"3":0.0143999998,"4":0.0085999994,"5":0.5379999876,"6":0.0075999997,"7":0.4298000038,"8":0.0131999999,"9":0.0089999996,"10":0.5640000105,"11":0.5504000187,"12":0.5497999787,"13":0.546200037,"14":0.5558000207,"15":0.5533999801,"16":0.5477999449,"17":0.5483999848,"18":0.5626000166,"19":0.5565999746},"datetime_start":{"0":1702474816369,"1":1702483885925,"2":1702499785071,"3":1702508571826,"4":1702514445779,"5":1702526940300,"6":1702534395185,"7":1702534676253,"8":1702540999716,"9":1702551061830,"10":1702555688675,"11":1702562836408,"12":1702570138341,"13":1702577273815,"14":1702581779604,"15":1702588296644,"16":1702595533380,"17":1702602383723,"18":1702609135773,"19":1702616313011},"datetime_complete":{"0":1702483885765,"1":1702499784936,"2":1702508571679,"3":1702514445636,"4":1702526940135,"5":1702534395039,"6":1702534676123,"7":1702540999529,"8":1702551061680,"9":1702555688512,"10":1702562836253,"11":1702570138186,"12":1702577273682,"13":1702581779431,"14":1702588296508,"15":1702595533196,"16":1702602383516,"17":1702609135572,"18":1702616312827,"19":1702623860806},"duration":{"0":9069395,"1":15899010,"2":8786607,"3":5873809,"4":12494356,"5":7454739,"6":280937,"7":6323276,"8":10061963,"9":4626681,"10":7147578,"11":7301777,"12":7135341,"13":4505615,"14":6516904,"15":7236551,"16":6850136,"17":6751848,"18":7177054,"19":7547795},"params_batch_size":{"0":256,"1":32768,"2":45000,"3":16384,"4":512,"5":45000,"6":32768,"7":2048,"8":32768,"9":2048,"10":45000,"11":45000,"12":45000,"13":45000,"14":45000,"15":45000,"16":45000,"17":45000,"18":45000,"19":45000},"params_epochs":{"0":75,"1":167,"2":92,"3":61,"4":110,"5":78,"6":2,"7":63,"8":105,"9":46,"10":75,"11":77,"12":75,"13":47,"14":68,"15":76,"16":72,"17":71,"18":75,"19":79},"params_learning_rate":{"0":0.0000001329,"1":0.0000056607,"2":0.0622002598,"3":0.0000074177,"4":0.0000001868,"5":0.0043000016,"6":0.0000096691,"7":0.0042247701,"8":0.0000289933,"9":0.0226649096,"10":0.0026238668,"11":0.0024394748,"12":0.0034622947,"13":0.0027275726,"14":0.00273813,"15":0.0025187432,"16":0.002870439,"17":0.0026038537,"18":0.0027207075,"19":0.002779783},"params_max_grad_norm":{"0":9.7051165512,"1":3.7903460643,"2":8.1222940115,"3":5.2966666075,"4":3.3882372415,"5":2.147413679,"6":0.8228718328,"7":5.0391968444,"8":7.6044011577,"9":5.4855539708,"10":0.961982875,"11":1.5856580481,"12":0.7986669087,"13":1.4400419387,"14":1.062787254,"15":0.7420323207,"16":1.2177843567,"17":0.9152098198,"18":1.0621055166,"19":1.1147982978},"state":{"0":"COMPLETE","1":"COMPLETE","2":"COMPLETE","3":"COMPLETE","4":"COMPLETE","5":"COMPLETE","6":"COMPLETE","7":"COMPLETE","8":"COMPLETE","9":"COMPLETE","10":"COMPLETE","11":"COMPLETE","12":"COMPLETE","13":"COMPLETE","14":"COMPLETE","15":"COMPLETE","16":"COMPLETE","17":"COMPLETE","18":"COMPLETE","19":"COMPLETE"}}