{"epochs": 84, "batch_size": 4500, "learning_rate": 0.003055415608415215, "max_grad_norm": 1.6157821843715807}