{"number":{"0":0,"1":1,"2":2,"3":3,"4":4,"5":5,"6":6,"7":7,"8":8,"9":9,"10":10,"11":11,"12":12,"13":13,"14":14,"15":15,"16":16,"17":17,"18":18,"19":19},"value":{"0":0.1155555546,"1":0.1177777871,"2":0.7622222304,"3":0.1266666651,"4":0.1511111259,"5":0.1088888869,"6":0.075555563,"7":0.8644444942,"8":0.0199999996,"9":0.6800000072,"10":0.8488888741,"11":0.868888855,"12":0.8222222328,"13":0.8622222543,"14":0.8577778339,"15":0.8777778149,"16":0.855555594,"17":0.8822221756,"18":0.8666666746,"19":0.8577777743},"datetime_start":{"0":1702474791220,"1":1702475024941,"2":1702475409048,"3":1702475695884,"4":1702475958185,"5":1702476130996,"6":1702476467588,"7":1702476812092,"8":1702477001308,"9":1702477023854,"10":1702477340709,"11":1702477520077,"12":1702477707261,"13":1702477862634,"14":1702478162021,"15":1702478339170,"16":1702478567405,"17":1702478787111,"18":1702479008434,"19":1702479247761},"datetime_complete":{"0":1702475024793,"1":1702475408879,"2":1702475695071,"3":1702475958016,"4":1702476130825,"5":1702476467360,"6":1702476811934,"7":1702477001177,"8":1702477023698,"9":1702477340550,"10":1702477519899,"11":1702477707119,"12":1702477862490,"13":1702478161874,"14":1702478339037,"15":1702478567263,"16":1702478786955,"17":1702479008275,"18":1702479247612,"19":1702479468901},"duration":{"0":233572,"1":383938,"2":286022,"3":262132,"4":172639,"5":336363,"6":344346,"7":189085,"8":22389,"9":316696,"10":179189,"11":187042,"12":155228,"13":299240,"14":177015,"15":228093,"16":219549,"17":221164,"18":239178,"19":221139},"params_batch_size":{"0":256,"1":512,"2":512,"3":4500,"4":512,"5":4096,"6":256,"7":4500,"8":256,"9":4096,"10":4500,"11":4500,"12":4500,"13":512,"14":4500,"15":4500,"16":4500,"17":4500,"18":4500,"19":4500},"params_epochs":{"0":75,"1":142,"2":87,"3":103,"4":61,"5":133,"6":120,"7":72,"8":2,"9":125,"10":68,"11":71,"12":58,"13":109,"14":67,"15":88,"16":85,"17":84,"18":93,"19":85},"params_learning_rate":{"0":0.01574189,"1":0.0000066904,"2":0.0051410966,"3":0.0622002598,"4":0.0285708008,"5":0.0433504539,"6":0.0000042471,"7":0.0043000016,"8":0.0000004957,"9":0.0210511805,"10":0.0026036464,"11":0.0029063547,"12":0.0016970941,"13":0.0014745346,"14":0.0036539986,"15":0.0027410308,"16":0.0028262285,"17":0.0030554156,"18":0.0039216772,"19":0.0030520498},"params_max_grad_norm":{"0":6.0909271151,"1":5.34261303,"2":2.1568030652,"3":8.1222940115,"4":2.7360438197,"5":8.9693080342,"6":8.3216275897,"7":2.147413679,"8":8.6584135736,"9":4.8277062666,"10":0.9569105579,"11":1.6723981502,"12":2.5552139873,"13":1.3736133089,"14":1.6764696233,"15":1.7668065526,"16":1.8473511835,"17":1.6157821844,"18":1.2510133749,"19":1.5716603095},"state":{"0":"COMPLETE","1":"COMPLETE","2":"COMPLETE","3":"COMPLETE","4":"COMPLETE","5":"COMPLETE","6":"COMPLETE","7":"COMPLETE","8":"COMPLETE","9":"COMPLETE","10":"COMPLETE","11":"COMPLETE","12":"COMPLETE","13":"COMPLETE","14":"COMPLETE","15":"COMPLETE","16":"COMPLETE","17":"COMPLETE","18":"COMPLETE","19":"COMPLETE"}}