{"number":{"0":0,"1":1,"2":2,"3":3,"4":4,"5":5,"6":6,"7":7,"8":8,"9":9,"10":10,"11":11,"12":12,"13":13,"14":14,"15":15,"16":16,"17":17,"18":18,"19":19},"value":{"0":0.1000000015,"1":0.1111111045,"2":0.2466666698,"3":0.1466666609,"4":0.0755555555,"5":0.1222222298,"6":0.0555555597,"7":0.1044444442,"8":0.7288888693,"9":0.8400000334,"10":0.9488888979,"11":0.9533333182,"12":0.9577777982,"13":0.9377777576,"14":0.5088888407,"15":0.12444444,"16":0.9555555582,"17":0.9599999785,"18":0.9355555773,"19":0.9355555773},"datetime_start":{"0":1703004980316,"1":1703005264202,"2":1703005678814,"3":1703005734356,"4":1703006223048,"5":1703006796547,"6":1703006936115,"7":1703007242212,"8":1703007351440,"9":1703007675222,"10":1703008034897,"11":1703008387861,"12":1703008890688,"13":1703009334379,"14":1703009746711,"15":1703009766696,"16":1703010449658,"17":1703010883205,"18":1703011355215,"19":1703011798736},"datetime_complete":{"0":1703005264072,"1":1703005678681,"2":1703005734185,"3":1703006222888,"4":1703006796378,"5":1703006935929,"6":1703007242047,"7":1703007351265,"8":1703007675039,"9":1703008034735,"10":1703008387690,"11":1703008890525,"12":1703009334213,"13":1703009746549,"14":1703009766532,"15":1703010449499,"16":1703010883060,"17":1703011355075,"18":1703011798602,"19":1703012394575},"duration":{"0":283756,"1":414478,"2":55371,"3":488532,"4":573329,"5":139381,"6":305932,"7":109052,"8":323599,"9":359513,"10":352793,"11":502664,"12":443524,"13":412170,"14":19821,"15":682803,"16":433402,"17":471870,"18":443387,"19":595839},"params_epochs":{"0":75,"1":120,"2":12,"3":142,"4":167,"5":37,"6":87,"7":28,"8":92,"9":103,"10":101,"11":146,"12":127,"13":119,"14":1,"15":200,"16":125,"17":137,"18":128,"19":174},"params_learning_rate":{"0":0.0506157689,"1":0.0000008632,"2":0.01574189,"3":0.0000001329,"4":0.0000018795,"5":0.0000066904,"6":0.0000055895,"7":0.0000056607,"8":0.0051410966,"9":0.0003584986,"10":0.0012776544,"11":0.0018188431,"12":0.0013889893,"13":0.0031546361,"14":0.0036768811,"15":0.0081991254,"16":0.0014142909,"17":0.0017120213,"18":0.0012428092,"19":0.0006366059},"params_max_grad_norm":{"0":7.3735406298,"1":1.7287462993,"2":6.0909271151,"3":9.7051165512,"4":1.9818846786,"5":5.34261303,"6":6.1961583683,"7":3.7903460643,"8":2.1568030652,"9":0.6552140447,"10":0.2,"11":0.2,"12":0.2,"13":0.2,"14":0.2,"15":0.2,"16":0.2,"17":0.2,"18":2.3966693814,"19":1.241169044},"state":{"0":"COMPLETE","1":"COMPLETE","2":"COMPLETE","3":"COMPLETE","4":"COMPLETE","5":"COMPLETE","6":"COMPLETE","7":"COMPLETE","8":"COMPLETE","9":"COMPLETE","10":"COMPLETE","11":"COMPLETE","12":"COMPLETE","13":"COMPLETE","14":"COMPLETE","15":"COMPLETE","16":"COMPLETE","17":"COMPLETE","18":"COMPLETE","19":"COMPLETE"}}