{"epochs": 119, "batch_size": 256, "sample_rate": null, "learning_rate": 0.00044184415211997183, "noise_multiplier": null, "max_grad_norm": 3.8094377571677396, "target_epsilon": 0.5, "privacy": true}