{"epochs": 122, "batch_size": 512, "learning_rate": 0.0015579100950771176, "max_grad_norm": 2.3993669893912677}