{"number":{"0":0,"1":1,"2":2,"3":3,"4":4,"5":5,"6":6,"7":7,"8":8,"9":9,"10":10,"11":11,"12":12,"13":13,"14":14,"15":15,"16":16,"17":17,"18":18,"19":19,"20":20,"21":21,"22":22,"23":23,"24":24,"25":25,"26":26,"27":27,"28":28,"29":29,"30":30,"31":31,"32":32,"33":33,"34":34,"35":35,"36":36,"37":37,"38":38,"39":39,"40":40,"41":41,"42":42,"43":43,"44":44,"45":45,"46":46,"47":47,"48":48,"49":49},"value":{"0":0.3684999943,"1":0.0150000006,"2":0.8120000362,"3":0.1310000122,"4":0.0705000013,"5":0.3869999945,"6":0.0120000001,"7":0.8429999352,"8":0.0090000005,"9":0.7329999804,"10":0.8034999967,"11":0.8495000005,"12":0.8329999447,"13":0.8585000038,"14":0.8065000176,"15":0.8355000019,"16":0.8495000005,"17":0.8350000381,"18":0.8369999528,"19":0.8349999785,"20":0.8365000486,"21":0.8474999666,"22":0.8404999971,"23":0.82099998,"24":0.8330000043,"25":0.8355000019,"26":0.8295000196,"27":0.8519999981,"28":0.8504999876,"29":0.8499999642,"30":0.8514999747,"31":0.8345000148,"32":0.8324999809,"33":0.8384999633,"34":0.8569999933,"35":0.8485000134,"36":0.8524999619,"37":0.8424999714,"38":0.8434999585,"39":0.8514999747,"40":0.8495000005,"41":0.8435000181,"42":0.83950001,"43":0.8550000191,"44":0.8459999561,"45":0.8565000296,"46":0.8385000229,"47":0.836499989,"48":0.8415000439,"49":0.8640000224},"datetime_start":{"0":1702565171797,"1":1702565967024,"2":1702567328698,"3":1702568166309,"4":1702569023720,"5":1702569619009,"6":1702570703509,"7":1702571972038,"8":1702572582254,"9":1702572625750,"10":1702573643302,"11":1702574199167,"12":1702575200870,"13":1702576183286,"14":1702577000629,"15":1702578128149,"16":1702579018939,"17":1702579880189,"18":1702580695925,"19":1702581578652,"20":1702582489138,"21":1702583230385,"22":1702584234451,"23":1702585277395,"24":1702586232592,"25":1702587278100,"26":1702588227606,"27":1702589195123,"28":1702590238073,"29":1702591577611,"30":1702592742320,"31":1702593901242,"32":1702595067028,"33":1702596157871,"34":1702597608392,"35":1702598793106,"36":1702600106852,"37":1702601283230,"38":1702602476947,"39":1702603654799,"40":1702604841748,"41":1702606029729,"42":1702607228239,"43":1702608416571,"44":1702609606654,"45":1702610800164,"46":1702611981526,"47":1702613171365,"48":1702614360167,"49":1702615532538},"datetime_complete":{"0":1702565966879,"1":1702567328523,"2":1702568166163,"3":1702569023586,"4":1702569618854,"5":1702570703333,"6":1702571971896,"7":1702572582122,"8":1702572625587,"9":1702573643142,"10":1702574199002,"11":1702575200713,"12":1702576183139,"13":1702577000476,"14":1702578127974,"15":1702579018770,"16":1702579880037,"17":1702580695789,"18":1702581578515,"19":1702582488988,"20":1702583230224,"21":1702584234307,"22":1702585277248,"23":1702586232445,"24":1702587277936,"25":1702588227474,"26":1702589194985,"27":1702590237916,"28":1702591577439,"29":1702592742164,"30":1702593901098,"31":1702595066875,"32":1702596157732,"33":1702597608184,"34":1702598792970,"35":1702600106697,"36":1702601283057,"37":1702602476790,"38":1702603654632,"39":1702604841566,"40":1702606029556,"41":1702607228090,"42":1702608416367,"43":1702609606492,"44":1702610800000,"45":1702611981325,"46":1702613171184,"47":1702614360012,"48":1702615532368,"49":1702616704520},"duration":{"0":795082,"1":1361498,"2":837464,"3":857276,"4":595134,"5":1084323,"6":1268386,"7":610083,"8":43332,"9":1017392,"10":555700,"11":1001545,"12":982268,"13":817189,"14":1127344,"15":890621,"16":861098,"17":815600,"18":882589,"19":910336,"20":741086,"21":1003921,"22":1042796,"23":955049,"24":1045343,"25":949374,"26":967378,"27":1042793,"28":1339366,"29":1164552,"30":1158778,"31":1165632,"32":1090703,"33":1450312,"34":1184578,"35":1313590,"36":1176205,"37":1193560,"38":1177684,"39":1186767,"40":1187808,"41":1198361,"42":1188127,"43":1189921,"44":1193345,"45":1181161,"46":1189658,"47":1188646,"48":1172201,"49":1171982},"params_batch_size":{"0":256,"1":512,"2":512,"3":4500,"4":512,"5":4096,"6":256,"7":4500,"8":256,"9":4096,"10":4500,"11":512,"12":512,"13":512,"14":512,"15":512,"16":512,"17":512,"18":512,"19":512,"20":512,"21":512,"22":512,"23":512,"24":512,"25":512,"26":512,"27":512,"28":512,"29":512,"30":512,"31":512,"32":512,"33":512,"34":512,"35":512,"36":512,"37":512,"38":512,"39":512,"40":512,"41":512,"42":512,"43":512,"44":512,"45":512,"46":512,"47":512,"48":512,"49":512},"params_epochs":{"0":75,"1":142,"2":87,"3":103,"4":61,"5":133,"6":120,"7":72,"8":2,"9":125,"10":65,"11":104,"12":102,"13":84,"14":117,"15":92,"16":89,"17":84,"18":91,"19":94,"20":76,"21":104,"22":108,"23":99,"24":108,"25":98,"26":100,"27":108,"28":140,"29":121,"30":121,"31":121,"32":113,"33":151,"34":123,"35":137,"36":122,"37":124,"38":122,"39":123,"40":123,"41":124,"42":123,"43":124,"44":124,"45":123,"46":123,"47":123,"48":122,"49":122},"params_learning_rate":{"0":0.01574189,"1":0.0000066904,"2":0.0051410966,"3":0.0622002598,"4":0.0285708008,"5":0.0433504539,"6":0.0000042471,"7":0.0043000016,"8":0.0000004957,"9":0.0210511805,"10":0.0022915935,"11":0.0017588318,"12":0.0024326144,"13":0.0023524728,"14":0.0037574102,"15":0.0024886866,"16":0.0019239432,"17":0.0019101638,"18":0.0022316674,"19":0.0022187639,"20":0.002542759,"21":0.0019027675,"22":0.0018302017,"23":0.0019796085,"24":0.0017349353,"25":0.002050578,"26":0.0019838099,"27":0.0017745272,"28":0.0009871531,"29":0.0013768564,"30":0.0014351636,"31":0.0014387154,"32":0.0013033566,"33":0.0015322304,"34":0.0015452942,"35":0.0013047979,"36":0.001613213,"37":0.0016145437,"38":0.0015807693,"39":0.001557805,"40":0.0015652745,"41":0.001564915,"42":0.0015604044,"43":0.0015243994,"44":0.0015438384,"45":0.0015552556,"46":0.0015696965,"47":0.0015575283,"48":0.001556495,"49":0.0015579101},"params_max_grad_norm":{"0":6.0909271151,"1":5.34261303,"2":2.1568030652,"3":8.1222940115,"4":2.7360438197,"5":8.9693080342,"6":8.3216275897,"7":2.147413679,"8":8.6584135736,"9":4.8277062666,"10":0.6467949678,"11":1.6574603862,"12":2.3871086126,"13":0.7032003654,"14":0.4121313202,"15":1.3284284661,"16":0.9211983835,"17":0.5544778277,"18":1.2986477183,"19":1.1639209357,"20":1.015937918,"21":1.3164056788,"22":1.380758281,"23":1.468668436,"24":1.2486571425,"25":1.2886432904,"26":1.4717395143,"27":1.912472754,"28":4.2801346644,"29":3.0284398437,"30":2.7892534136,"31":2.8347762555,"32":2.7977610344,"33":3.9981294096,"34":2.5194620477,"35":2.5089793191,"36":2.3358256681,"37":2.4191580452,"38":2.3606099655,"39":2.4090404176,"40":2.4281116271,"41":2.4459221214,"42":2.4411671762,"43":2.5104947788,"44":2.4708065079,"45":2.4489921521,"46":2.4397777476,"47":2.4184042478,"48":2.3960163023,"49":2.3993669894},"state":{"0":"COMPLETE","1":"COMPLETE","2":"COMPLETE","3":"COMPLETE","4":"COMPLETE","5":"COMPLETE","6":"COMPLETE","7":"COMPLETE","8":"COMPLETE","9":"COMPLETE","10":"COMPLETE","11":"COMPLETE","12":"COMPLETE","13":"COMPLETE","14":"COMPLETE","15":"COMPLETE","16":"COMPLETE","17":"COMPLETE","18":"COMPLETE","19":"COMPLETE","20":"COMPLETE","21":"COMPLETE","22":"COMPLETE","23":"COMPLETE","24":"COMPLETE","25":"COMPLETE","26":"COMPLETE","27":"COMPLETE","28":"COMPLETE","29":"COMPLETE","30":"COMPLETE","31":"COMPLETE","32":"COMPLETE","33":"COMPLETE","34":"COMPLETE","35":"COMPLETE","36":"COMPLETE","37":"COMPLETE","38":"COMPLETE","39":"COMPLETE","40":"COMPLETE","41":"COMPLETE","42":"COMPLETE","43":"COMPLETE","44":"COMPLETE","45":"COMPLETE","46":"COMPLETE","47":"COMPLETE","48":"COMPLETE","49":"COMPLETE"}}