{"epochs": 165, "batch_size": 8192, "sample_rate": null, "learning_rate": 0.0005404606200158258, "noise_multiplier": null, "max_grad_norm": 0.2746027402413044, "target_epsilon": 1.0, "privacy": true}