{"epochs": 200, "learning_rate": 0.0006114840402933218, "max_grad_norm": 8.740234414719279}