{"number":{"0":0,"1":1,"2":2,"3":3,"4":4,"5":5,"6":6,"7":7,"8":8,"9":9,"10":10,"11":11,"12":12,"13":13,"14":14,"15":15,"16":16,"17":17,"18":18,"19":19},"value":{"0":0.0020000001,"1":0.0065000001,"2":0.0074999998,"3":0.0140000004,"4":0.0074999998,"5":0.0109999999,"6":0.0180000011,"7":0.0089999996,"8":0.0109999999,"9":0.0105000008,"10":0.0080000004,"11":0.0109999999,"12":0.0070000002,"13":0.0094999997,"14":0.0130000003,"15":0.0074999998,"16":0.0159999989,"17":0.0040000002,"18":0.0289999992,"19":0.0319999978},"datetime_start":{"0":1703004831304,"1":1703005556833,"2":1703006664506,"3":1703006795221,"4":1703008119966,"5":1703009661123,"6":1703010022657,"7":1703010842052,"8":1703011122313,"9":1703011993649,"10":1703012959905,"11":1703013964995,"12":1703014410704,"13":1703014872433,"14":1703016731785,"15":1703017801345,"16":1703018720399,"17":1703020505230,"18":1703022156189,"19":1703024022822},"datetime_complete":{"0":1703005556705,"1":1703006664368,"2":1703006795065,"3":1703008119835,"4":1703009660974,"5":1703010022467,"6":1703010841880,"7":1703011122130,"8":1703011993485,"9":1703012959773,"10":1703013964797,"11":1703014410439,"12":1703014872231,"13":1703016731594,"14":1703017801212,"15":1703018720209,"16":1703020505048,"17":1703022156001,"18":1703024022656,"19":1703025875500},"duration":{"0":725400,"1":1107535,"2":130559,"3":1324613,"4":1541008,"5":361344,"6":819222,"7":280077,"8":871172,"9":966124,"10":1004892,"11":445444,"12":461527,"13":1859161,"14":1069426,"15":918863,"16":1784648,"17":1650771,"18":1866466,"19":1852678},"params_epochs":{"0":75,"1":120,"2":12,"3":142,"4":167,"5":37,"6":87,"7":28,"8":92,"9":103,"10":107,"11":46,"12":48,"13":200,"14":114,"15":98,"16":192,"17":177,"18":200,"19":200},"params_learning_rate":{"0":0.0506157689,"1":0.0000008632,"2":0.01574189,"3":0.0000001329,"4":0.0000018795,"5":0.0000066904,"6":0.0000055895,"7":0.0000056607,"8":0.0051410966,"9":0.0003584986,"10":0.0000031156,"11":0.0004418442,"12":0.0000010547,"13":0.0000002456,"14":0.0000628701,"15":0.0493529621,"16":0.00003515,"17":0.000005299,"18":0.0003527424,"19":0.000611484},"params_max_grad_norm":{"0":7.3735406298,"1":1.7287462993,"2":6.0909271151,"3":9.7051165512,"4":1.9818846786,"5":5.34261303,"6":6.1961583683,"7":3.7903460643,"8":2.1568030652,"9":0.6552140447,"10":7.3333997128,"11":9.0975686998,"12":9.6780354535,"13":10.0,"14":5.2767996038,"15":5.7910344256,"16":6.1610156727,"17":5.5253321584,"18":7.7901627179,"19":8.7402344147},"state":{"0":"COMPLETE","1":"COMPLETE","2":"COMPLETE","3":"COMPLETE","4":"COMPLETE","5":"COMPLETE","6":"COMPLETE","7":"COMPLETE","8":"COMPLETE","9":"COMPLETE","10":"COMPLETE","11":"COMPLETE","12":"COMPLETE","13":"COMPLETE","14":"COMPLETE","15":"COMPLETE","16":"COMPLETE","17":"COMPLETE","18":"COMPLETE","19":"COMPLETE"}}