{"epochs": 114, "batch_size": 512, "learning_rate": 0.00155997269523256, "max_grad_norm": 0.7358941931480694}