{"number":{"0":0,"1":1,"2":2,"3":3,"4":4,"5":5,"6":6,"7":7,"8":8,"9":9,"10":10,"11":11,"12":12,"13":13,"14":14,"15":15,"16":16,"17":17,"18":18,"19":19},"value":{"0":0.5911111236,"1":0.455555588,"2":0.8955556154,"3":0.5333333611,"4":0.5533334017,"5":0.6888889074,"6":0.3755555749,"7":0.9422222376,"8":0.088888891,"9":0.8377777934,"10":0.944444418,"11":0.9422222376,"12":0.9488888979,"13":0.9488888979,"14":0.9399999976,"15":0.9355555773,"16":0.9311110973,"17":0.9488888979,"18":0.9466667175,"19":0.9422222376},"datetime_start":{"0":1702474788810,"1":1702475024934,"2":1702475370498,"3":1702475587251,"4":1702475794888,"5":1702475949224,"6":1702476207390,"7":1702476547468,"8":1702476696242,"9":1702476813832,"10":1702477055710,"11":1702477193617,"12":1702477325226,"13":1702477607283,"14":1702477854244,"15":1702477994000,"16":1702478174699,"17":1702478488223,"18":1702478735234,"19":1702479005314},"datetime_complete":{"0":1702475024804,"1":1702475370367,"2":1702475587078,"3":1702475794723,"4":1702475949075,"5":1702476207214,"6":1702476547316,"7":1702476696100,"8":1702476813703,"9":1702477055580,"10":1702477193474,"11":1702477325095,"12":1702477607116,"13":1702477854077,"14":1702477993856,"15":1702478174518,"16":1702478488094,"17":1702478735076,"18":1702479005182,"19":1702479253405},"duration":{"0":235993,"1":345433,"2":216580,"3":207471,"4":154187,"5":257990,"6":339926,"7":148632,"8":117461,"9":241748,"10":137763,"11":131477,"12":281890,"13":246793,"14":139612,"15":180518,"16":313394,"17":246853,"18":269948,"19":248090},"params_batch_size":{"0":256,"1":512,"2":512,"3":4500,"4":512,"5":4096,"6":256,"7":4500,"8":256,"9":4096,"10":4500,"11":4500,"12":512,"13":512,"14":4500,"15":4500,"16":512,"17":512,"18":512,"19":512},"params_epochs":{"0":75,"1":142,"2":87,"3":103,"4":61,"5":133,"6":120,"7":72,"8":2,"9":125,"10":66,"11":63,"12":114,"13":99,"14":67,"15":88,"16":127,"17":99,"18":108,"19":99},"params_learning_rate":{"0":0.01574189,"1":0.0000066904,"2":0.0051410966,"3":0.0622002598,"4":0.0285708008,"5":0.0433504539,"6":0.0000042471,"7":0.0043000016,"8":0.0000004957,"9":0.0210511805,"10":0.0021768048,"11":0.002161575,"12":0.0015599727,"13":0.0013003869,"14":0.0046649483,"15":0.0021087209,"16":0.0024834392,"17":0.0017230807,"18":0.0015824534,"19":0.0013659676},"params_max_grad_norm":{"0":6.0909271151,"1":5.34261303,"2":2.1568030652,"3":8.1222940115,"4":2.7360438197,"5":8.9693080342,"6":8.3216275897,"7":2.147413679,"8":8.6584135736,"9":4.8277062666,"10":0.3712526954,"11":1.427891023,"12":0.7358941931,"13":2.2092567945,"14":0.6358419526,"15":0.9507677449,"16":2.6194398193,"17":1.2959022366,"18":1.5540042088,"19":1.0018991407},"state":{"0":"COMPLETE","1":"COMPLETE","2":"COMPLETE","3":"COMPLETE","4":"COMPLETE","5":"COMPLETE","6":"COMPLETE","7":"COMPLETE","8":"COMPLETE","9":"COMPLETE","10":"COMPLETE","11":"COMPLETE","12":"COMPLETE","13":"COMPLETE","14":"COMPLETE","15":"COMPLETE","16":"COMPLETE","17":"COMPLETE","18":"COMPLETE","19":"COMPLETE"}}