{"epochs": 200, "learning_rate": 0.0012018909367008431, "max_grad_norm": 6.516993963791423}