{"number":{"0":0,"1":1,"2":2,"3":3,"4":4,"5":5,"6":6,"7":7,"8":8,"9":9,"10":10,"11":11,"12":12,"13":13,"14":14,"15":15,"16":16,"17":17,"18":18,"19":19},"value":{"0":0.7266666889,"1":0.0711111128,"2":0.6822222471,"3":0.1244444475,"4":0.1222222149,"5":0.0955555588,"6":0.0822222233,"7":0.1022222266,"8":0.9311111569,"9":0.9177777767,"10":0.9399999976,"11":0.9377777576,"12":0.9288888574,"13":0.6822222471,"14":0.9333333969,"15":0.9177777767,"16":0.9377777576,"17":0.9311110973,"18":0.9022222161,"19":0.944444418},"datetime_start":{"0":1703005407770,"1":1703005584243,"2":1703005819738,"3":1703005852166,"4":1703006128571,"5":1703006452924,"6":1703006532959,"7":1703006705736,"8":1703006768033,"9":1703006950605,"10":1703007153518,"11":1703007401268,"12":1703007545309,"13":1703007757493,"14":1703007998792,"15":1703008201137,"16":1703008566296,"17":1703008837703,"18":1703009226276,"19":1703009614551},"datetime_complete":{"0":1703005584089,"1":1703005819586,"2":1703005852036,"3":1703006128440,"4":1703006452794,"5":1703006532826,"6":1703006705589,"7":1703006767902,"8":1703006950457,"9":1703007153357,"10":1703007401124,"11":1703007545163,"12":1703007757349,"13":1703007998663,"14":1703008200964,"15":1703008566167,"16":1703008837557,"17":1703009226121,"18":1703009614402,"19":1703010004832},"duration":{"0":176319,"1":235343,"2":32298,"3":276273,"4":324222,"5":79901,"6":172629,"7":62166,"8":182423,"9":202751,"10":247606,"11":143895,"12":212040,"13":241169,"14":202172,"15":365030,"16":271261,"17":388418,"18":388126,"19":390280},"params_epochs":{"0":75,"1":120,"2":12,"3":142,"4":167,"5":37,"6":87,"7":28,"8":92,"9":103,"10":126,"11":71,"12":107,"13":122,"14":102,"15":189,"16":138,"17":200,"18":200,"19":200},"params_learning_rate":{"0":0.0506157689,"1":0.0000008632,"2":0.01574189,"3":0.0000001329,"4":0.0000018795,"5":0.0000066904,"6":0.0000055895,"7":0.0000056607,"8":0.0051410966,"9":0.0003584986,"10":0.0017286359,"11":0.0014423996,"12":0.0013318187,"13":0.0527097952,"14":0.0010682543,"15":0.0045049374,"16":0.003535652,"17":0.0006299999,"18":0.0066107394,"19":0.0012018909},"params_max_grad_norm":{"0":7.3735406298,"1":1.7287462993,"2":6.0909271151,"3":9.7051165512,"4":1.9818846786,"5":5.34261303,"6":6.1961583683,"7":3.7903460643,"8":2.1568030652,"9":0.6552140447,"10":0.2,"11":0.2,"12":1.9957399098,"13":0.2,"14":0.2,"15":3.6597428486,"16":1.7866213291,"17":0.2035997567,"18":9.9220085797,"19":6.5169939638},"state":{"0":"COMPLETE","1":"COMPLETE","2":"COMPLETE","3":"COMPLETE","4":"COMPLETE","5":"COMPLETE","6":"COMPLETE","7":"COMPLETE","8":"COMPLETE","9":"COMPLETE","10":"COMPLETE","11":"COMPLETE","12":"COMPLETE","13":"COMPLETE","14":"COMPLETE","15":"COMPLETE","16":"COMPLETE","17":"COMPLETE","18":"COMPLETE","19":"COMPLETE"}}