{"number":{"0":0,"1":1,"2":2,"3":3,"4":4,"5":5,"6":6,"7":7,"8":8,"9":9,"10":10,"11":11,"12":12,"13":13,"14":14,"15":15,"16":16,"17":17,"18":18,"19":19},"value":{"0":0.0835000053,"1":0.0115,"2":0.6115000248,"3":0.0040000002,"4":0.0020000001,"5":0.0085000005,"6":0.0185000002,"7":0.0089999996,"8":0.7129999399,"9":0.4014999866,"10":0.7330000401,"11":0.7224999666,"12":0.7329999804,"13":0.7339999676,"14":0.1210000068,"15":0.1744999886,"16":0.71450001,"17":0.6974999905,"18":0.7235000134,"19":0.7359999418},"datetime_start":{"0":1703005407787,"1":1703006024039,"2":1703006950624,"3":1703007058001,"4":1703008156645,"5":1703009442554,"6":1703009741865,"7":1703010420333,"8":1703010648169,"9":1703011360466,"10":1703012159418,"11":1703012362873,"12":1703012757318,"13":1703013183004,"14":1703013610656,"15":1703013636958,"16":1703013659920,"17":1703014164872,"18":1703014416191,"19":1703014706480},"datetime_complete":{"0":1703006023873,"1":1703006950476,"2":1703007057850,"3":1703008156486,"4":1703009442408,"5":1703009741657,"6":1703010420174,"7":1703010648005,"8":1703011360249,"9":1703012159258,"10":1703012362730,"11":1703012757173,"12":1703013182843,"13":1703013610488,"14":1703013636823,"15":1703013659773,"16":1703014164721,"17":1703014416027,"18":1703014706347,"19":1703015344515},"duration":{"0":616085,"1":926437,"2":107225,"3":1098484,"4":1285763,"5":299103,"6":678309,"7":227671,"8":712080,"9":798791,"10":203312,"11":394300,"12":425524,"13":427483,"14":26166,"15":22815,"16":504800,"17":251154,"18":290156,"19":638034},"params_epochs":{"0":75,"1":120,"2":12,"3":142,"4":167,"5":37,"6":87,"7":28,"8":92,"9":103,"10":24,"11":50,"12":54,"13":54,"14":1,"15":1,"16":64,"17":31,"18":36,"19":81},"params_learning_rate":{"0":0.0506157689,"1":0.0000008632,"2":0.01574189,"3":0.0000001329,"4":0.0000018795,"5":0.0000066904,"6":0.0000055895,"7":0.0000056607,"8":0.0051410966,"9":0.0003584986,"10":0.0060493636,"11":0.0082736806,"12":0.0037305661,"13":0.0059076932,"14":0.0036807426,"15":0.013460587,"16":0.0070307562,"17":0.0144237157,"18":0.0048113425,"19":0.0045488262},"params_max_grad_norm":{"0":7.3735406298,"1":1.7287462993,"2":6.0909271151,"3":9.7051165512,"4":1.9818846786,"5":5.34261303,"6":6.1961583683,"7":3.7903460643,"8":2.1568030652,"9":0.6552140447,"10":2.9923198338,"11":0.6315286596,"12":1.4231150697,"13":2.2454466293,"14":6.3168675781,"15":3.0085637917,"16":1.9679783939,"17":4.3611743034,"18":2.4304653174,"19":0.2},"state":{"0":"COMPLETE","1":"COMPLETE","2":"COMPLETE","3":"COMPLETE","4":"COMPLETE","5":"COMPLETE","6":"COMPLETE","7":"COMPLETE","8":"COMPLETE","9":"COMPLETE","10":"COMPLETE","11":"COMPLETE","12":"COMPLETE","13":"COMPLETE","14":"COMPLETE","15":"COMPLETE","16":"COMPLETE","17":"COMPLETE","18":"COMPLETE","19":"COMPLETE"}}