{"epochs": 75, "batch_size": 4500, "learning_rate": 0.0034958564807399733, "max_grad_norm": 0.9926419289598558}