{"number":{"0":0,"1":1,"2":2,"3":3,"4":4,"5":5,"6":6,"7":7,"8":8,"9":9,"10":10,"11":11,"12":12,"13":13,"14":14,"15":15,"16":16,"17":17,"18":18,"19":19},"value":{"0":0.12444444,"1":0.4600000381,"2":0.8955555558,"3":0.1111111194,"4":0.0955555588,"5":0.1955555528,"6":0.3799999952,"7":0.9333333373,"8":0.1577777863,"9":0.8822221756,"10":0.9311110973,"11":0.9377778172,"12":0.9155555367,"13":0.9311110973,"14":0.908888936,"15":0.9355555773,"16":0.9377777576,"17":0.9399999976,"18":0.9377777576,"19":0.9333333373},"datetime_start":{"0":1702474788285,"1":1702475190503,"2":1702475846606,"3":1702476253740,"4":1702476679478,"5":1702477084803,"6":1702477624515,"7":1702478229828,"8":1702478531162,"9":1702478553030,"10":1702479059736,"11":1702479338996,"12":1702479649114,"13":1702480129294,"14":1702480362400,"15":1702480851083,"16":1702481268233,"17":1702481582976,"18":1702481897775,"19":1702482215444},"datetime_complete":{"0":1702475190373,"1":1702475846464,"2":1702476253574,"3":1702476679326,"4":1702477084639,"5":1702477624383,"6":1702478229680,"7":1702478531025,"8":1702478552858,"9":1702479059580,"10":1702479338856,"11":1702479648959,"12":1702480129161,"13":1702480362249,"14":1702480850942,"15":1702481268085,"16":1702481582847,"17":1702481897641,"18":1702482215291,"19":1702482528735},"duration":{"0":402088,"1":655960,"2":406967,"3":425585,"4":405160,"5":539579,"6":605165,"7":301196,"8":21695,"9":506549,"10":279119,"11":309962,"12":480046,"13":232955,"14":488542,"15":417001,"16":314613,"17":314664,"18":317516,"19":313290},"params_batch_size":{"0":256,"1":512,"2":512,"3":4500,"4":512,"5":4096,"6":256,"7":4500,"8":256,"9":4096,"10":4500,"11":4500,"12":512,"13":4500,"14":4096,"15":4500,"16":4500,"17":4500,"18":4500,"19":4500},"params_epochs":{"0":75,"1":142,"2":87,"3":103,"4":61,"5":133,"6":120,"7":72,"8":2,"9":125,"10":66,"11":74,"12":102,"13":55,"14":121,"15":81,"16":75,"17":75,"18":76,"19":75},"params_learning_rate":{"0":0.01574189,"1":0.0000066904,"2":0.0051410966,"3":0.0622002598,"4":0.0285708008,"5":0.0433504539,"6":0.0000042471,"7":0.0043000016,"8":0.0000004957,"9":0.0210511805,"10":0.0022904198,"11":0.0025806759,"12":0.0019256492,"13":0.003500496,"14":0.0139442041,"15":0.0053409344,"16":0.0037892379,"17":0.0034958565,"18":0.00350798,"19":0.0035382067},"params_max_grad_norm":{"0":6.0909271151,"1":5.34261303,"2":2.1568030652,"3":8.1222940115,"4":2.7360438197,"5":8.9693080342,"6":8.3216275897,"7":2.147413679,"8":8.6584135736,"9":4.8277062666,"10":0.7825667918,"11":1.2031441801,"12":1.8248819717,"13":1.4439230422,"14":2.6294611154,"15":0.2,"16":0.8963203901,"17":0.992641929,"18":0.910871692,"19":0.9543067634},"state":{"0":"COMPLETE","1":"COMPLETE","2":"COMPLETE","3":"COMPLETE","4":"COMPLETE","5":"COMPLETE","6":"COMPLETE","7":"COMPLETE","8":"COMPLETE","9":"COMPLETE","10":"COMPLETE","11":"COMPLETE","12":"COMPLETE","13":"COMPLETE","14":"COMPLETE","15":"COMPLETE","16":"COMPLETE","17":"COMPLETE","18":"COMPLETE","19":"COMPLETE"}}