{"epochs": 72, "batch_size": 4500, "learning_rate": 0.0029879561919838697, "max_grad_norm": 1.5610248404510494}