{"number":{"0":0,"1":1,"2":2,"3":3,"4":4,"5":5,"6":6,"7":7,"8":8,"9":9,"10":10,"11":11,"12":12,"13":13,"14":14,"15":15,"16":16,"17":17,"18":18,"19":19,"20":20,"21":21,"22":22,"23":23,"24":24,"25":25,"26":26,"27":27,"28":28,"29":29,"30":30,"31":31,"32":32,"33":33,"34":34,"35":35,"36":36,"37":37,"38":38,"39":39,"40":40,"41":41,"42":42,"43":43,"44":44,"45":45,"46":46,"47":47,"48":48,"49":49},"value":{"0":0.0130000003,"1":0.0044999998,"2":0.0145000005,"3":0.0099999998,"4":0.0105000008,"5":0.0099999998,"6":0.0240000002,"7":0.8140000105,"8":0.0135000004,"9":0.0080000004,"10":0.8645000458,"11":0.462500006,"12":0.8285000324,"13":0.0495000035,"14":0.8580000401,"15":0.8450000286,"16":0.8350000381,"17":0.8625000119,"18":0.8550000191,"19":0.8519999981,"20":0.8470000625,"21":0.8659999967,"22":0.8704999685,"23":0.8605000377,"24":0.8504999876,"25":0.8745000362,"26":0.8614999652,"27":0.8519999385,"28":0.8669999838,"29":0.8589999676,"30":0.8554999828,"31":0.8579999804,"32":0.8114999533,"33":0.8579999804,"34":0.8474999666,"35":0.84799999,"36":0.8529999852,"37":0.8385000229,"38":0.8690000176,"39":0.8634999394,"40":0.8505000472,"41":0.8389999866,"42":0.8585000038,"43":0.8529999256,"44":0.8439999819,"45":0.8529999256,"46":0.8575000167,"47":0.8569999933,"48":0.8460000157,"49":0.8555000424},"datetime_start":{"0":1702565171838,"1":1702566045044,"2":1702567538652,"3":1702568461265,"4":1702569414882,"5":1702570067852,"6":1702571370274,"7":1702572754454,"8":1702573429341,"9":1702573475472,"10":1702574601005,"11":1702575230223,"12":1702575649831,"13":1702576369464,"14":1702576997546,"15":1702577807609,"16":1702578435196,"17":1702579162722,"18":1702579851499,"19":1702580522123,"20":1702581204545,"21":1702581885756,"22":1702582559690,"23":1702583221815,"24":1702583869163,"25":1702584504332,"26":1702585184109,"27":1702585864617,"28":1702586546107,"29":1702587228300,"30":1702587911944,"31":1702588593557,"32":1702589280013,"33":1702590107851,"34":1702590780868,"35":1702591445952,"36":1702592108966,"37":1702592780328,"38":1702593455114,"39":1702594122109,"40":1702594776444,"41":1702595425499,"42":1702596091631,"43":1702596772474,"44":1702597453012,"45":1702598242584,"46":1702598914828,"47":1702599759145,"48":1702600533984,"49":1702601321354},"datetime_complete":{"0":1702566044890,"1":1702567538446,"2":1702568461090,"3":1702569414659,"4":1702570067705,"5":1702571370118,"6":1702572754322,"7":1702573429206,"8":1702573475320,"9":1702574600837,"10":1702575230081,"11":1702575649667,"12":1702576369334,"13":1702576997378,"14":1702577807476,"15":1702578435064,"16":1702579162563,"17":1702579851340,"18":1702580521982,"19":1702581204389,"20":1702581885596,"21":1702582559515,"22":1702583221643,"23":1702583869009,"24":1702584504169,"25":1702585183906,"26":1702585864470,"27":1702586545915,"28":1702587228140,"29":1702587911798,"30":1702588593393,"31":1702589279869,"32":1702590107676,"33":1702590780682,"34":1702591445780,"35":1702592108762,"36":1702592780180,"37":1702593454970,"38":1702594121932,"39":1702594776254,"40":1702595425344,"41":1702596091463,"42":1702596772278,"43":1702597452819,"44":1702598242433,"45":1702598914636,"46":1702599758929,"47":1702600533807,"48":1702601321178,"49":1702602063625},"duration":{"0":873051,"1":1493402,"2":922437,"3":953393,"4":652822,"5":1302265,"6":1384048,"7":674752,"8":45979,"9":1125364,"10":629075,"11":419444,"12":719502,"13":627913,"14":809930,"15":627454,"16":727366,"17":688617,"18":670482,"19":682266,"20":681050,"21":673758,"22":661952,"23":647193,"24":635006,"25":679574,"26":680361,"27":681298,"28":682032,"29":683498,"30":681449,"31":686311,"32":827662,"33":672830,"34":664911,"35":662809,"36":671214,"37":674641,"38":666817,"39":654145,"40":648900,"41":665963,"42":680647,"43":680344,"44":789421,"45":672051,"46":844100,"47":774662,"48":787194,"49":742270},"params_batch_size":{"0":256,"1":512,"2":512,"3":4500,"4":512,"5":4096,"6":256,"7":4500,"8":256,"9":4096,"10":4500,"11":4500,"12":4500,"13":4500,"14":4500,"15":4500,"16":4500,"17":4500,"18":4500,"19":4500,"20":4500,"21":4500,"22":4500,"23":4500,"24":4500,"25":4500,"26":4500,"27":4500,"28":4500,"29":4500,"30":4500,"31":4500,"32":4500,"33":4500,"34":4500,"35":4500,"36":4500,"37":4500,"38":4500,"39":4500,"40":4500,"41":4500,"42":4500,"43":4500,"44":4500,"45":4500,"46":4500,"47":4500,"48":4500,"49":4500},"params_epochs":{"0":75,"1":142,"2":87,"3":103,"4":61,"5":133,"6":120,"7":72,"8":2,"9":125,"10":67,"11":44,"12":77,"13":67,"14":87,"15":67,"16":78,"17":74,"18":72,"19":73,"20":73,"21":72,"22":71,"23":69,"24":68,"25":72,"26":73,"27":73,"28":73,"29":73,"30":73,"31":73,"32":89,"33":72,"34":71,"35":71,"36":72,"37":72,"38":71,"39":70,"40":69,"41":71,"42":73,"43":73,"44":85,"45":72,"46":91,"47":83,"48":85,"49":80},"params_learning_rate":{"0":0.01574189,"1":0.0000066904,"2":0.0051410966,"3":0.0622002598,"4":0.0285708008,"5":0.0433504539,"6":0.0000042471,"7":0.0043000016,"8":0.0000004957,"9":0.0210511805,"10":0.0027988578,"11":0.0008813162,"12":0.004199079,"13":0.0097871575,"14":0.003208053,"15":0.0033527729,"16":0.0032015423,"17":0.0031719029,"18":0.0029439673,"19":0.0029994939,"20":0.0029169815,"21":0.0029906977,"22":0.0029738449,"23":0.0029490654,"24":0.0029131158,"25":0.0029879562,"26":0.0030104136,"27":0.0030088751,"28":0.0030002477,"29":0.0030004974,"30":0.0030057961,"31":0.0029962177,"32":0.0040999425,"33":0.0029582627,"34":0.0030468073,"35":0.0029462626,"36":0.0029681407,"37":0.0029707237,"38":0.0029938006,"39":0.00300764,"40":0.0030191781,"41":0.0029960325,"42":0.0029803905,"43":0.0029739932,"44":0.0037190524,"45":0.0029667878,"46":0.0030245501,"47":0.002865888,"48":0.0030738247,"49":0.0028746449},"params_max_grad_norm":{"0":6.0909271151,"1":5.34261303,"2":2.1568030652,"3":8.1222940115,"4":2.7360438197,"5":8.9693080342,"6":8.3216275897,"7":2.147413679,"8":8.6584135736,"9":4.8277062666,"10":1.1615530677,"11":1.4269133778,"12":0.5234210945,"13":0.8368847403,"14":1.517079453,"15":1.2010211603,"16":1.1840475208,"17":1.4924857421,"18":1.9407205732,"19":1.5965542925,"20":1.5795685941,"21":1.5420767377,"22":1.5763872569,"23":1.6499865115,"24":1.6597129842,"25":1.5610248405,"26":1.5619555171,"27":1.5613212983,"28":1.5760425204,"29":1.5639822072,"30":1.5610825174,"31":1.5535036073,"32":2.701835855,"33":1.5213332203,"34":0.6100281842,"35":1.513981904,"36":1.5442903535,"37":1.5501540672,"38":1.5587193064,"39":1.5712692317,"40":1.5846865183,"41":1.561505719,"42":1.5481381432,"43":1.5447150911,"44":1.9999908926,"45":1.5513100734,"46":0.2,"47":1.120243167,"48":0.5791275258,"49":1.2142348777},"state":{"0":"COMPLETE","1":"COMPLETE","2":"COMPLETE","3":"COMPLETE","4":"COMPLETE","5":"COMPLETE","6":"COMPLETE","7":"COMPLETE","8":"COMPLETE","9":"COMPLETE","10":"COMPLETE","11":"COMPLETE","12":"COMPLETE","13":"COMPLETE","14":"COMPLETE","15":"COMPLETE","16":"COMPLETE","17":"COMPLETE","18":"COMPLETE","19":"COMPLETE","20":"COMPLETE","21":"COMPLETE","22":"COMPLETE","23":"COMPLETE","24":"COMPLETE","25":"COMPLETE","26":"COMPLETE","27":"COMPLETE","28":"COMPLETE","29":"COMPLETE","30":"COMPLETE","31":"COMPLETE","32":"COMPLETE","33":"COMPLETE","34":"COMPLETE","35":"COMPLETE","36":"COMPLETE","37":"COMPLETE","38":"COMPLETE","39":"COMPLETE","40":"COMPLETE","41":"COMPLETE","42":"COMPLETE","43":"COMPLETE","44":"COMPLETE","45":"COMPLETE","46":"COMPLETE","47":"COMPLETE","48":"COMPLETE","49":"COMPLETE"}}