{"epochs": 140, "batch_size": 2048, "sample_rate": null, "learning_rate": 0.0014973429291168844, "noise_multiplier": null, "max_grad_norm": 3.0084118360853407, "target_epsilon": 4.0, "privacy": true}