{"epochs": 95, "batch_size": 256, "sample_rate": null, "learning_rate": 0.00010832643592791359, "noise_multiplier": null, "max_grad_norm": 3.9856683719876496, "target_epsilon": 0.25, "privacy": true}