{"epochs": 102, "learning_rate": 0.003238872815954122, "max_grad_norm": 3.182703027784489}