{"number":{"0":0,"1":1,"2":2,"3":3,"4":4,"5":5,"6":6,"7":7,"8":8,"9":9,"10":10,"11":11,"12":12,"13":13,"14":14,"15":15,"16":16,"17":17,"18":18,"19":19},"value":{"0":0.0109999999,"1":0.0149999987,"2":0.1975000054,"3":0.0130000003,"4":0.0085000005,"5":0.0164999999,"6":0.0020000001,"7":0.0065000001,"8":0.2465000004,"9":0.0659999996,"10":0.2415000051,"11":0.2619999945,"12":0.2220000029,"13":0.2520000041,"14":0.2230000198,"15":0.2820000052,"16":0.063000001,"17":0.2699999809,"18":0.3005000055,"19":0.2585000098},"datetime_start":{"0":1703005407793,"1":1703006177610,"2":1703007349884,"3":1703007480188,"4":1703008875064,"5":1703010513473,"6":1703010888799,"7":1703011746216,"8":1703012035446,"9":1703012937881,"10":1703013951027,"11":1703014308674,"12":1703015053539,"13":1703015853391,"14":1703016462720,"15":1703016633639,"16":1703017623888,"17":1703017649604,"18":1703019010074,"19":1703020020432},"datetime_complete":{"0":1703006177449,"1":1703007349729,"2":1703007479978,"3":1703008874933,"4":1703010513314,"5":1703010888658,"6":1703011746083,"7":1703012035315,"8":1703012937723,"9":1703013950894,"10":1703014308520,"11":1703015053389,"12":1703015853244,"13":1703016462586,"14":1703016633479,"15":1703017623725,"16":1703017649467,"17":1703019009915,"18":1703020020280,"19":1703020974294},"duration":{"0":769656,"1":1172118,"2":130094,"3":1394744,"4":1638249,"5":375184,"6":857283,"7":289098,"8":902276,"9":1013012,"10":357492,"11":744714,"12":799705,"13":609194,"14":170758,"15":990085,"16":25579,"17":1360311,"18":1010206,"19":953862},"params_epochs":{"0":75,"1":120,"2":12,"3":142,"4":167,"5":37,"6":87,"7":28,"8":92,"9":103,"10":35,"11":75,"12":81,"13":61,"14":16,"15":101,"16":1,"17":137,"18":102,"19":97},"params_learning_rate":{"0":0.0506157689,"1":0.0000008632,"2":0.01574189,"3":0.0000001329,"4":0.0000018795,"5":0.0000066904,"6":0.0000055895,"7":0.0000056607,"8":0.0051410966,"9":0.0003584986,"10":0.0059836769,"11":0.0048263247,"12":0.0071490344,"13":0.0029664447,"14":0.0043887595,"15":0.0031607637,"16":0.0129604607,"17":0.0028344513,"18":0.0032388728,"19":0.0026086075},"params_max_grad_norm":{"0":7.3735406298,"1":1.7287462993,"2":6.0909271151,"3":9.7051165512,"4":1.9818846786,"5":5.34261303,"6":6.1961583683,"7":3.7903460643,"8":2.1568030652,"9":0.6552140447,"10":3.1345459722,"11":4.4980823736,"12":4.3376401276,"13":4.3008284979,"14":6.8243390139,"15":4.0701263276,"16":0.2,"17":3.2761775474,"18":3.1827030278,"19":2.3162420073},"state":{"0":"COMPLETE","1":"COMPLETE","2":"COMPLETE","3":"COMPLETE","4":"COMPLETE","5":"COMPLETE","6":"COMPLETE","7":"COMPLETE","8":"COMPLETE","9":"COMPLETE","10":"COMPLETE","11":"COMPLETE","12":"COMPLETE","13":"COMPLETE","14":"COMPLETE","15":"COMPLETE","16":"COMPLETE","17":"COMPLETE","18":"COMPLETE","19":"COMPLETE"}}