{"epochs": 102, "batch_size": 4096, "sample_rate": null, "learning_rate": 0.00044184415211997183, "noise_multiplier": null, "max_grad_norm": 7.470553199129246, "target_epsilon": 1.0, "privacy": true}