{"number":{"0":0,"1":1,"2":2,"3":3,"4":4,"5":5,"6":6,"7":7,"8":8,"9":9,"10":10,"11":11,"12":12,"13":13,"14":14,"15":15,"16":16,"17":17,"18":18,"19":19},"value":{"0":0.2977777719,"1":0.0666666627,"2":0.6933333874,"3":0.1266666651,"4":0.1022222191,"5":0.075555563,"6":0.0666666701,"7":0.0911111087,"8":0.7622222304,"9":0.4777778089,"10":0.7488889098,"11":0.7177778482,"12":0.7933333516,"13":0.1733333468,"14":0.6111111045,"15":0.7955555916,"16":0.7888889313,"17":0.7866666317,"18":0.8000000119,"19":0.8133332729},"datetime_start":{"0":1703005407696,"1":1703005584702,"2":1703005823927,"3":1703005857181,"4":1703006137004,"5":1703006465160,"6":1703006545355,"7":1703006720404,"8":1703006782956,"9":1703006967832,"10":1703007173959,"11":1703007223900,"12":1703007359335,"13":1703007460789,"14":1703007472354,"15":1703007584615,"16":1703007695220,"17":1703007819133,"18":1703007973517,"19":1703008074772},"datetime_complete":{"0":1703005584544,"1":1703005823796,"2":1703005857050,"3":1703006136858,"4":1703006465027,"5":1703006545222,"6":1703006720273,"7":1703006782803,"8":1703006967701,"9":1703007173789,"10":1703007223771,"11":1703007359185,"12":1703007460626,"13":1703007472224,"14":1703007584458,"15":1703007695083,"16":1703007819002,"17":1703007973358,"18":1703008074641,"19":1703008230810},"duration":{"0":176847,"1":239093,"2":33123,"3":279676,"4":328023,"5":80062,"6":174918,"7":62398,"8":184745,"9":205956,"10":49811,"11":135284,"12":101290,"13":11435,"14":112104,"15":110467,"16":123781,"17":154224,"18":101124,"19":156038},"params_epochs":{"0":75,"1":120,"2":12,"3":142,"4":167,"5":37,"6":87,"7":28,"8":92,"9":103,"10":21,"11":66,"12":48,"13":1,"14":54,"15":53,"16":60,"17":76,"18":48,"19":77},"params_learning_rate":{"0":0.0506157689,"1":0.0000008632,"2":0.01574189,"3":0.0000001329,"4":0.0000018795,"5":0.0000066904,"6":0.0000055895,"7":0.0000056607,"8":0.0051410966,"9":0.0003584986,"10":0.0066047412,"11":0.0097368686,"12":0.0038668241,"13":0.0035287185,"14":0.0172971507,"15":0.0033790096,"16":0.0051011212,"17":0.0024537887,"18":0.0030851164,"19":0.0029366704},"params_max_grad_norm":{"0":7.3735406298,"1":1.7287462993,"2":6.0909271151,"3":9.7051165512,"4":1.9818846786,"5":5.34261303,"6":6.1961583683,"7":3.7903460643,"8":2.1568030652,"9":0.6552140447,"10":2.9615328266,"11":0.5197147208,"12":4.5958186639,"13":6.7085974942,"14":3.287280802,"15":2.3458472001,"16":3.1757588439,"17":3.8756366585,"18":0.9512738138,"19":0.2},"state":{"0":"COMPLETE","1":"COMPLETE","2":"COMPLETE","3":"COMPLETE","4":"COMPLETE","5":"COMPLETE","6":"COMPLETE","7":"COMPLETE","8":"COMPLETE","9":"COMPLETE","10":"COMPLETE","11":"COMPLETE","12":"COMPLETE","13":"COMPLETE","14":"COMPLETE","15":"COMPLETE","16":"COMPLETE","17":"COMPLETE","18":"COMPLETE","19":"COMPLETE"}}