{"epochs": 58, "learning_rate": 0.004433611324500345, "max_grad_norm": 4.409801871181003}