{"number":{"0":0,"1":1,"2":2,"3":3,"4":4,"5":5,"6":6,"7":7,"8":8,"9":9,"10":10,"11":11,"12":12,"13":13,"14":14,"15":15,"16":16,"17":17,"18":18,"19":19},"value":{"0":0.0225000009,"1":0.0115,"2":0.1975000054,"3":0.0040000002,"4":0.0020000001,"5":0.0085000005,"6":0.0120000001,"7":0.0065000001,"8":0.2440000176,"9":0.0450000018,"10":0.2639999986,"11":0.2894999981,"12":0.1195000038,"13":0.287499994,"14":0.2919999957,"15":0.2870000005,"16":0.2900000215,"17":0.3050000072,"18":0.2829999924,"19":0.2650000155},"datetime_start":{"0":1703005408042,"1":1703006022076,"2":1703006945940,"3":1703007051818,"4":1703008147357,"5":1703009439595,"6":1703009734513,"7":1703010415749,"8":1703010643006,"9":1703011355037,"10":1703012159818,"11":1703012458138,"12":1703012837816,"13":1703012883839,"14":1703013384652,"15":1703013864176,"16":1703014388291,"17":1703014847079,"18":1703015308993,"19":1703015779194},"datetime_complete":{"0":1703006021929,"1":1703006945802,"2":1703007051661,"3":1703008147224,"4":1703009439461,"5":1703009734307,"6":1703010415596,"7":1703010642862,"8":1703011354859,"9":1703012159683,"10":1703012457995,"11":1703012837614,"12":1703012883693,"13":1703013384517,"14":1703013864043,"15":1703014388117,"16":1703014846902,"17":1703015308839,"18":1703015779051,"19":1703016521532},"duration":{"0":613887,"1":923726,"2":105720,"3":1095405,"4":1292103,"5":294711,"6":681082,"7":227112,"8":711853,"9":804646,"10":298177,"11":379475,"12":45877,"13":500677,"14":479391,"15":523941,"16":458611,"17":461759,"18":470058,"19":742338},"params_epochs":{"0":75,"1":120,"2":12,"3":142,"4":167,"5":37,"6":87,"7":28,"8":92,"9":103,"10":37,"11":48,"12":4,"13":63,"14":61,"15":67,"16":58,"17":58,"18":60,"19":96},"params_learning_rate":{"0":0.0506157689,"1":0.0000008632,"2":0.01574189,"3":0.0000001329,"4":0.0000018795,"5":0.0000066904,"6":0.0000055895,"7":0.0000056607,"8":0.0051410966,"9":0.0003584986,"10":0.0063037746,"11":0.0044846457,"12":0.0035856748,"13":0.0056788199,"14":0.003906974,"15":0.0036366046,"16":0.0044458772,"17":0.0044336113,"18":0.0052072655,"19":0.0036241866},"params_max_grad_norm":{"0":7.3735406298,"1":1.7287462993,"2":6.0909271151,"3":9.7051165512,"4":1.9818846786,"5":5.34261303,"6":6.1961583683,"7":3.7903460643,"8":2.1568030652,"9":0.6552140447,"10":3.2032152807,"11":4.8774712523,"12":5.7446130833,"13":4.429589345,"14":3.6868418274,"15":5.2530931694,"16":4.4206806298,"17":4.4098018712,"18":8.5063427866,"19":10.0},"state":{"0":"COMPLETE","1":"COMPLETE","2":"COMPLETE","3":"COMPLETE","4":"COMPLETE","5":"COMPLETE","6":"COMPLETE","7":"COMPLETE","8":"COMPLETE","9":"COMPLETE","10":"COMPLETE","11":"COMPLETE","12":"COMPLETE","13":"COMPLETE","14":"COMPLETE","15":"COMPLETE","16":"COMPLETE","17":"COMPLETE","18":"COMPLETE","19":"COMPLETE"}}