{"epochs": 33, "learning_rate": 0.0017434174178681313, "max_grad_norm": 0.6647505842198953}