{"number":{"0":0,"1":1,"2":2,"3":3,"4":4,"5":5,"6":6,"7":7,"8":8,"9":9,"10":10,"11":11,"12":12,"13":13,"14":14,"15":15,"16":16,"17":17,"18":18,"19":19},"value":{"0":0.868888855,"1":0.1044444442,"2":0.9733333588,"3":0.1177777797,"4":0.1066666692,"5":0.1044444442,"6":0.088888891,"7":0.0866666734,"8":0.9711111188,"9":0.9533333778,"10":0.9777777791,"11":0.9688888788,"12":0.9688889384,"13":0.9688888788,"14":0.9666666985,"15":0.9688888788,"16":0.6644444466,"17":0.9666666985,"18":0.9777777791,"19":0.9644443989},"datetime_start":{"0":1703004980416,"1":1703005196848,"2":1703005501818,"3":1703005546457,"4":1703005903277,"5":1703006320953,"6":1703006426736,"7":1703006652215,"8":1703006736844,"9":1703006974237,"10":1703007238177,"11":1703007333849,"12":1703007614385,"13":1703007766300,"14":1703007800696,"15":1703007995153,"16":1703008130157,"17":1703008149167,"18":1703008283479,"19":1703008781456},"datetime_complete":{"0":1703005196701,"1":1703005501625,"2":1703005546314,"3":1703005903132,"4":1703006320764,"5":1703006426598,"6":1703006652042,"7":1703006736665,"8":1703006974049,"9":1703007238039,"10":1703007333673,"11":1703007614150,"12":1703007766086,"13":1703007800465,"14":1703007994990,"15":1703008130010,"16":1703008148992,"17":1703008283289,"18":1703008781259,"19":1703009279870},"duration":{"0":216284,"1":304776,"2":44495,"3":356675,"4":417487,"5":105644,"6":225305,"7":84450,"8":237204,"9":263802,"10":95495,"11":280300,"12":151700,"13":34165,"14":194293,"15":134857,"16":18835,"17":134122,"18":497780,"19":498414},"params_epochs":{"0":75,"1":120,"2":12,"3":142,"4":167,"5":37,"6":87,"7":28,"8":92,"9":103,"10":33,"11":110,"12":56,"13":7,"14":74,"15":49,"16":1,"17":49,"18":200,"19":200},"params_learning_rate":{"0":0.0506157689,"1":0.0000008632,"2":0.01574189,"3":0.0000001329,"4":0.0000018795,"5":0.0000066904,"6":0.0000055895,"7":0.0000056607,"8":0.0051410966,"9":0.0003584986,"10":0.0017434174,"11":0.0013181593,"12":0.002093537,"13":0.0088515769,"14":0.0012220254,"15":0.0069199269,"16":0.0062435501,"17":0.0123675898,"18":0.0024118575,"19":0.0008534411},"params_max_grad_norm":{"0":7.3735406298,"1":1.7287462993,"2":6.0909271151,"3":9.7051165512,"4":1.9818846786,"5":5.34261303,"6":6.1961583683,"7":3.7903460643,"8":2.1568030652,"9":0.6552140447,"10":0.6647505842,"11":0.2,"12":4.4836731405,"13":3.1502356184,"14":1.7903369078,"15":5.8325455681,"16":10.0,"17":4.4813683781,"18":3.5041361536,"19":0.9825720209},"state":{"0":"COMPLETE","1":"COMPLETE","2":"COMPLETE","3":"COMPLETE","4":"COMPLETE","5":"COMPLETE","6":"COMPLETE","7":"COMPLETE","8":"COMPLETE","9":"COMPLETE","10":"COMPLETE","11":"COMPLETE","12":"COMPLETE","13":"COMPLETE","14":"COMPLETE","15":"COMPLETE","16":"COMPLETE","17":"COMPLETE","18":"COMPLETE","19":"COMPLETE"}}