{"epochs": 83, "batch_size": 4500, "learning_rate": 0.0025984780833145263, "max_grad_norm": 2.3655798821996816}