{"number":{"0":0,"1":1,"2":2,"3":3,"4":4,"5":5,"6":6,"7":7,"8":8,"9":9,"10":10,"11":11,"12":12,"13":13,"14":14,"15":15,"16":16,"17":17,"18":18,"19":19,"20":20,"21":21,"22":22,"23":23,"24":24,"25":25,"26":26,"27":27,"28":28,"29":29,"30":30,"31":31,"32":32,"33":33,"34":34,"35":35,"36":36,"37":37,"38":38,"39":39,"40":40,"41":41,"42":42,"43":43,"44":44,"45":45,"46":46,"47":47,"48":48,"49":49},"value":{"0":0.0130000003,"1":0.0094999997,"2":0.0235000011,"3":0.0149999997,"4":0.0159999989,"5":0.0089999996,"6":0.0120000001,"7":0.0390000008,"8":0.0060000001,"9":0.0065000001,"10":0.0319999978,"11":0.0340000018,"12":0.0155000007,"13":0.0359999985,"14":0.0405000001,"15":0.0300000012,"16":0.0329999998,"17":0.0320000015,"18":0.0240000021,"19":0.0364999995,"20":0.0320000015,"21":0.0354999974,"22":0.0309999995,"23":0.0280000009,"24":0.0315000042,"25":0.0320000015,"26":0.0315000005,"27":0.0395000018,"28":0.0340000018,"29":0.0434999987,"30":0.0300000012,"31":0.0305000003,"32":0.0320000015,"33":0.0310000014,"34":0.0340000018,"35":0.0299999975,"36":0.050499998,"37":0.0305000003,"38":0.0329999998,"39":0.0480000004,"40":0.0405000001,"41":0.0390000008,"42":0.0215000007,"43":0.0379999988,"44":0.0344999991,"45":0.029500002,"46":0.0394999981,"47":0.0285000019,"48":0.0469999984,"49":0.0285},"datetime_start":{"0":1702578265140,"1":1702579069064,"2":1702580387739,"3":1702581203693,"4":1702582007148,"5":1702582584433,"6":1702583584947,"7":1702584833709,"8":1702585405418,"9":1702585440892,"10":1702586383497,"11":1702586908674,"12":1702587452463,"13":1702588120432,"14":1702588665895,"15":1702589434719,"16":1702590248727,"17":1702590854359,"18":1702591454524,"19":1702592066923,"20":1702592762410,"21":1702593546928,"22":1702594209469,"23":1702594866430,"24":1702595538389,"25":1702596185850,"26":1702596845835,"27":1702597508366,"28":1702598167498,"29":1702598834028,"30":1702599515365,"31":1702600227950,"32":1702600886913,"33":1702601547481,"34":1702602215626,"35":1702602875798,"36":1702603542227,"37":1702604193550,"38":1702604794558,"39":1702605453935,"40":1702606117145,"41":1702606759411,"42":1702607364205,"43":1702607902999,"44":1702608662641,"45":1702609457618,"46":1702610252628,"47":1702610963615,"48":1702611693530,"49":1702612380150},"datetime_complete":{"0":1702579068911,"1":1702580387574,"2":1702581203535,"3":1702582007012,"4":1702582584299,"5":1702583584815,"6":1702584833574,"7":1702585405260,"8":1702585440738,"9":1702586383340,"10":1702586908507,"11":1702587452288,"12":1702588120263,"13":1702588665759,"14":1702589434585,"15":1702590248571,"16":1702590854180,"17":1702591454360,"18":1702592066734,"19":1702592762211,"20":1702593546794,"21":1702594209317,"22":1702594866228,"23":1702595538237,"24":1702596185694,"25":1702596845690,"26":1702597508223,"27":1702598167366,"28":1702598833871,"29":1702599515229,"30":1702600227810,"31":1702600886699,"32":1702601547330,"33":1702602215462,"34":1702602875655,"35":1702603542036,"36":1702604193371,"37":1702604794359,"38":1702605453777,"39":1702606116989,"40":1702606759259,"41":1702607364057,"42":1702607902848,"43":1702608662436,"44":1702609457464,"45":1702610252461,"46":1702610963452,"47":1702611693333,"48":1702612379978,"49":1702613086448},"duration":{"0":803771,"1":1318510,"2":815796,"3":803319,"4":577151,"5":1000382,"6":1248627,"7":571550,"8":35320,"9":942448,"10":525010,"11":543613,"12":667799,"13":545327,"14":768690,"15":813851,"16":605452,"17":600001,"18":612210,"19":695287,"20":784383,"21":662388,"22":656759,"23":671807,"24":647304,"25":659839,"26":662388,"27":658999,"28":666373,"29":681201,"30":712445,"31":658749,"32":660416,"33":667981,"34":660029,"35":666238,"36":651144,"37":600809,"38":659218,"39":663053,"40":642114,"41":604646,"42":538642,"43":759436,"44":794822,"45":794842,"46":710823,"47":729718,"48":686447,"49":706298},"params_batch_size":{"0":256,"1":512,"2":512,"3":4500,"4":512,"5":4096,"6":256,"7":4500,"8":256,"9":4096,"10":4500,"11":4500,"12":4500,"13":4500,"14":4500,"15":4500,"16":4500,"17":4500,"18":4500,"19":4500,"20":4500,"21":4500,"22":4500,"23":4500,"24":4500,"25":4500,"26":4500,"27":4500,"28":4500,"29":4500,"30":4500,"31":4500,"32":4500,"33":4500,"34":4500,"35":4500,"36":4500,"37":4500,"38":4500,"39":4500,"40":4500,"41":4500,"42":4500,"43":4500,"44":4500,"45":4500,"46":4500,"47":4500,"48":4500,"49":4500},"params_epochs":{"0":75,"1":142,"2":87,"3":103,"4":61,"5":133,"6":120,"7":72,"8":2,"9":125,"10":66,"11":69,"12":85,"13":69,"14":99,"15":104,"16":77,"17":76,"18":78,"19":89,"20":100,"21":84,"22":84,"23":86,"24":82,"25":84,"26":84,"27":84,"28":85,"29":86,"30":91,"31":84,"32":84,"33":85,"34":84,"35":85,"36":83,"37":76,"38":84,"39":84,"40":82,"41":77,"42":68,"43":97,"44":102,"45":101,"46":91,"47":93,"48":88,"49":90},"params_learning_rate":{"0":0.01574189,"1":0.0000066904,"2":0.0051410966,"3":0.0622002598,"4":0.0285708008,"5":0.0433504539,"6":0.0000042471,"7":0.0043000016,"8":0.0000004957,"9":0.0210511805,"10":0.0025956152,"11":0.0024388939,"12":0.0200423778,"13":0.0040684242,"14":0.0036873008,"15":0.0038380417,"16":0.0032414264,"17":0.0033286023,"18":0.0032984171,"19":0.0022154267,"20":0.0014876954,"21":0.0020395962,"22":0.0019625244,"23":0.002257166,"24":0.0024255465,"25":0.0025122601,"26":0.0025699444,"27":0.0026157513,"28":0.0025776594,"29":0.0026147291,"30":0.0024614219,"31":0.0024718481,"32":0.0025193975,"33":0.0025557693,"34":0.0025759424,"35":0.0026043375,"36":0.0025984781,"37":0.0021069095,"38":0.0023370252,"39":0.0023821331,"40":0.0020103377,"41":0.0016232655,"42":0.0011236681,"43":0.002638119,"44":0.0026430032,"45":0.0026592723,"46":0.0026746967,"47":0.0026918228,"48":0.0026904974,"49":0.0027696451},"params_max_grad_norm":{"0":6.0909271151,"1":5.34261303,"2":2.1568030652,"3":8.1222940115,"4":2.7360438197,"5":8.9693080342,"6":8.3216275897,"7":2.147413679,"8":8.6584135736,"9":4.8277062666,"10":0.9275303231,"11":3.2641729747,"12":2.2413819398,"13":2.7193779393,"14":2.3294259373,"15":2.207177363,"16":2.7064323854,"17":2.517182384,"18":2.4750592924,"19":2.3049044209,"20":2.2825631486,"21":2.3077010674,"22":2.3012534992,"23":2.3306448087,"24":2.35976472,"25":2.3583751489,"26":2.3616073802,"27":2.3642982587,"28":2.3581779607,"29":2.3590038734,"30":2.3631893456,"31":2.3413911185,"32":2.3614316021,"33":2.3617514529,"34":2.3624321097,"35":2.3628583517,"36":2.3655798822,"37":2.3893553599,"38":2.3351604375,"39":2.341305161,"40":2.2867986604,"41":2.2210440215,"42":2.1744918652,"43":2.1819431064,"44":2.0235285063,"45":2.1005506343,"46":2.3734550499,"47":2.4614430918,"48":2.1711234899,"49":1.6681030532},"state":{"0":"COMPLETE","1":"COMPLETE","2":"COMPLETE","3":"COMPLETE","4":"COMPLETE","5":"COMPLETE","6":"COMPLETE","7":"COMPLETE","8":"COMPLETE","9":"COMPLETE","10":"COMPLETE","11":"COMPLETE","12":"COMPLETE","13":"COMPLETE","14":"COMPLETE","15":"COMPLETE","16":"COMPLETE","17":"COMPLETE","18":"COMPLETE","19":"COMPLETE","20":"COMPLETE","21":"COMPLETE","22":"COMPLETE","23":"COMPLETE","24":"COMPLETE","25":"COMPLETE","26":"COMPLETE","27":"COMPLETE","28":"COMPLETE","29":"COMPLETE","30":"COMPLETE","31":"COMPLETE","32":"COMPLETE","33":"COMPLETE","34":"COMPLETE","35":"COMPLETE","36":"COMPLETE","37":"COMPLETE","38":"COMPLETE","39":"COMPLETE","40":"COMPLETE","41":"COMPLETE","42":"COMPLETE","43":"COMPLETE","44":"COMPLETE","45":"COMPLETE","46":"COMPLETE","47":"COMPLETE","48":"COMPLETE","49":"COMPLETE"}}