{"epochs": 200, "learning_rate": 0.005743125819649305, "max_grad_norm": 3.608652203309}