{"number":{"0":0,"1":1,"2":2,"3":3,"4":4,"5":5,"6":6,"7":7,"8":8,"9":9,"10":10,"11":11,"12":12,"13":13,"14":14,"15":15,"16":16,"17":17,"18":18,"19":19},"value":{"0":0.0109999999,"1":0.0125000002,"2":0.3330000043,"3":0.0065000001,"4":0.0089999996,"5":0.0255000014,"6":0.0049999999,"7":0.0185000002,"8":0.4774999917,"9":0.0470000021,"10":0.4684999883,"11":0.3785000145,"12":0.4605000019,"13":0.476000011,"14":0.4924999774,"15":0.4659999907,"16":0.4824999869,"17":0.55400002,"18":0.5149999857,"19":0.5410000086},"datetime_start":{"0":1703004831301,"1":1703005482362,"2":1703006478126,"3":1703006595856,"4":1703007773160,"5":1703009151618,"6":1703009478324,"7":1703010206783,"8":1703010456424,"9":1703011228334,"10":1703012086904,"11":1703012597518,"12":1703012966986,"13":1703013759445,"14":1703014626806,"15":1703015378880,"16":1703016546544,"17":1703018152717,"18":1703019805325,"19":1703021461400},"datetime_complete":{"0":1703005482228,"1":1703006477961,"2":1703006595697,"3":1703007773025,"4":1703009151482,"5":1703009478189,"6":1703010206577,"7":1703010456285,"8":1703011228158,"9":1703012086726,"10":1703012597374,"11":1703012966758,"12":1703013759264,"13":1703014626663,"14":1703015378699,"15":1703016546397,"16":1703018152579,"17":1703019805172,"18":1703021461250,"19":1703023101671},"duration":{"0":650927,"1":995598,"2":117571,"3":1177168,"4":1378321,"5":326570,"6":728252,"7":249501,"8":771733,"9":858392,"10":510469,"11":369240,"12":792277,"13":867218,"14":751892,"15":1167516,"16":1606035,"17":1652455,"18":1655925,"19":1640271},"params_epochs":{"0":75,"1":120,"2":12,"3":142,"4":167,"5":37,"6":87,"7":28,"8":92,"9":103,"10":60,"11":43,"12":94,"13":104,"14":90,"15":141,"16":195,"17":200,"18":200,"19":200},"params_learning_rate":{"0":0.0506157689,"1":0.0000008632,"2":0.01574189,"3":0.0000001329,"4":0.0000018795,"5":0.0000066904,"6":0.0000055895,"7":0.0000056607,"8":0.0051410966,"9":0.0003584986,"10":0.0088636187,"11":0.0047278855,"12":0.0085827301,"13":0.0072384004,"14":0.0068406597,"15":0.0051632255,"16":0.0037776983,"17":0.0057431258,"18":0.008009492,"19":0.006495926},"params_max_grad_norm":{"0":7.3735406298,"1":1.7287462993,"2":6.0909271151,"3":9.7051165512,"4":1.9818846786,"5":5.34261303,"6":6.1961583683,"7":3.7903460643,"8":2.1568030652,"9":0.6552140447,"10":2.8479492618,"11":3.3410324452,"12":1.1990965633,"13":3.1728395223,"14":2.4035093,"15":1.4360671787,"16":3.8197561934,"17":3.6086522033,"18":3.1027848451,"19":4.9794836075},"state":{"0":"COMPLETE","1":"COMPLETE","2":"COMPLETE","3":"COMPLETE","4":"COMPLETE","5":"COMPLETE","6":"COMPLETE","7":"COMPLETE","8":"COMPLETE","9":"COMPLETE","10":"COMPLETE","11":"COMPLETE","12":"COMPLETE","13":"COMPLETE","14":"COMPLETE","15":"COMPLETE","16":"COMPLETE","17":"COMPLETE","18":"COMPLETE","19":"COMPLETE"}}