{"number":{"0":0,"1":1,"2":2,"3":3,"4":4,"5":5,"6":6,"7":7,"8":8,"9":9,"10":10,"11":11,"12":12,"13":13,"14":14,"15":15,"16":16,"17":17,"18":18,"19":19,"20":20,"21":21,"22":22,"23":23,"24":24,"25":25,"26":26,"27":27,"28":28,"29":29,"30":30,"31":31,"32":32,"33":33,"34":34,"35":35,"36":36,"37":37,"38":38,"39":39,"40":40,"41":41,"42":42,"43":43,"44":44,"45":45,"46":46,"47":47,"48":48,"49":49},"value":{"0":0.1066666692,"1":0.1933333427,"2":0.1355555505,"3":0.1000000015,"4":0.1022222266,"5":0.1000000015,"6":0.1044444442,"7":0.9200000763,"8":0.0844444409,"9":0.1044444442,"10":0.9533333182,"11":0.944444418,"12":0.8600000143,"13":0.426666677,"14":0.9533333778,"15":0.9488888979,"16":0.9444444776,"17":0.9644445181,"18":0.9333333969,"19":0.944444418,"20":0.939999938,"21":0.9377777576,"22":0.9533333182,"23":0.9577777982,"24":0.9555556178,"25":0.9466667175,"26":0.9511110783,"27":0.9533333182,"28":0.9533333778,"29":0.9399999976,"30":0.9533333778,"31":0.9422222376,"32":0.9555555582,"33":0.9422222376,"34":0.9399999976,"35":0.9466667175,"36":0.9511110783,"37":0.9511110783,"38":0.9533333778,"39":0.9511110783,"40":0.9377778172,"41":0.9555555582,"42":0.944444418,"43":0.944444418,"44":0.9422222376,"45":0.9577777386,"46":0.9511111379,"47":0.9422222376,"48":0.9533333778,"49":0.9444444776},"datetime_start":{"0":1702565171842,"1":1702565476469,"2":1702565998764,"3":1702566323731,"4":1702566675094,"5":1702566905612,"6":1702567358424,"7":1702567824584,"8":1702568077518,"9":1702568102178,"10":1702568530728,"11":1702568767926,"12":1702568915967,"13":1702569150364,"14":1702569338820,"15":1702569596057,"16":1702569834146,"17":1702570081340,"18":1702570325043,"19":1702570559707,"20":1702570804498,"21":1702571061920,"22":1702571370755,"23":1702571611565,"24":1702571850642,"25":1702572077954,"26":1702572301440,"27":1702572535790,"28":1702572767194,"29":1702572998611,"30":1702573231024,"31":1702573467832,"32":1702573705389,"33":1702573944728,"34":1702574181829,"35":1702574420132,"36":1702574657774,"37":1702574895585,"38":1702575132872,"39":1702575370544,"40":1702575597247,"41":1702575838648,"42":1702576079065,"43":1702576314343,"44":1702576552885,"45":1702576791185,"46":1702577027966,"47":1702577265533,"48":1702577502522,"49":1702577741298},"datetime_complete":{"0":1702565476339,"1":1702565998614,"2":1702566323566,"3":1702566674934,"4":1702566905457,"5":1702567358288,"6":1702567824448,"7":1702568077321,"8":1702568102046,"9":1702568530583,"10":1702568767777,"11":1702568915829,"12":1702569150193,"13":1702569338657,"14":1702569595927,"15":1702569833994,"16":1702570081164,"17":1702570324854,"18":1702570559503,"19":1702570804333,"20":1702571061753,"21":1702571370073,"22":1702571611411,"23":1702571850502,"24":1702572077807,"25":1702572301271,"26":1702572535637,"27":1702572766984,"28":1702572998317,"29":1702573230846,"30":1702573467681,"31":1702573705229,"32":1702573944536,"33":1702574181653,"34":1702574419881,"35":1702574657595,"36":1702574895436,"37":1702575132700,"38":1702575370389,"39":1702575597089,"40":1702575838492,"41":1702576078858,"42":1702576314201,"43":1702576552718,"44":1702576791032,"45":1702577027806,"46":1702577265384,"47":1702577502341,"48":1702577741136,"49":1702577979679},"duration":{"0":304496,"1":522145,"2":324801,"3":351203,"4":230362,"5":452676,"6":466024,"7":252737,"8":24528,"9":428405,"10":237049,"11":147903,"12":234225,"13":188293,"14":257107,"15":237936,"16":247017,"17":243514,"18":234459,"19":244626,"20":257254,"21":308152,"22":240656,"23":238937,"24":227165,"25":223316,"26":234196,"27":231193,"28":231123,"29":232234,"30":236657,"31":237397,"32":239146,"33":236925,"34":238051,"35":237463,"36":237662,"37":237114,"38":237517,"39":226544,"40":241245,"41":240210,"42":235136,"43":238374,"44":238146,"45":236620,"46":237417,"47":236808,"48":238613,"49":238380},"params_batch_size":{"0":256,"1":512,"2":512,"3":4500,"4":512,"5":4096,"6":256,"7":4500,"8":256,"9":4096,"10":4500,"11":4500,"12":4500,"13":4500,"14":4500,"15":4500,"16":4500,"17":4500,"18":4500,"19":4500,"20":4500,"21":4500,"22":4500,"23":4500,"24":4500,"25":4500,"26":4500,"27":4500,"28":4500,"29":4500,"30":4500,"31":4500,"32":4500,"33":4500,"34":4500,"35":4500,"36":4500,"37":4500,"38":4500,"39":4500,"40":4500,"41":4500,"42":4500,"43":4500,"44":4500,"45":4500,"46":4500,"47":4500,"48":4500,"49":4500},"params_epochs":{"0":75,"1":142,"2":87,"3":103,"4":61,"5":133,"6":120,"7":72,"8":2,"9":125,"10":67,"11":40,"12":66,"13":52,"14":73,"15":67,"16":70,"17":69,"18":66,"19":69,"20":73,"21":56,"22":68,"23":67,"24":64,"25":62,"26":66,"27":65,"28":65,"29":64,"30":67,"31":67,"32":67,"33":67,"34":67,"35":67,"36":67,"37":67,"38":67,"39":64,"40":68,"41":68,"42":66,"43":67,"44":67,"45":67,"46":67,"47":67,"48":67,"49":67},"params_learning_rate":{"0":0.01574189,"1":0.0000066904,"2":0.0051410966,"3":0.0622002598,"4":0.0285708008,"5":0.0433504539,"6":0.0000042471,"7":0.0043000016,"8":0.0000004957,"9":0.0210511805,"10":0.0027812112,"11":0.0021785931,"12":0.000405035,"13":0.0081392744,"14":0.0016051162,"15":0.0014596203,"16":0.0026556297,"17":0.0020921166,"18":0.0019784007,"19":0.0019648129,"20":0.0019980311,"21":0.0010507778,"22":0.0018924589,"23":0.0018858448,"24":0.0018709165,"25":0.0018605322,"26":0.0018769157,"27":0.0018940707,"28":0.0018983512,"29":0.0018938885,"30":0.001900522,"31":0.0019088649,"32":0.001897476,"33":0.0018506165,"34":0.0019349381,"35":0.0018902988,"36":0.0018942238,"37":0.0018872094,"38":0.0019054049,"39":0.0020964408,"40":0.0018086097,"41":0.0017809735,"42":0.0019138267,"43":0.0019089465,"44":0.0018840372,"45":0.0018795719,"46":0.0018927009,"47":0.0018920709,"48":0.0018767031,"49":0.0018921133},"params_max_grad_norm":{"0":6.0909271151,"1":5.34261303,"2":2.1568030652,"3":8.1222940115,"4":2.7360438197,"5":8.9693080342,"6":8.3216275897,"7":2.147413679,"8":8.6584135736,"9":4.8277062666,"10":1.1653388554,"11":1.5569451802,"12":1.5532256787,"13":1.1594075336,"14":2.2248332655,"15":1.7068036674,"16":2.3880291278,"17":1.700219201,"18":1.7158033842,"19":1.7944948792,"20":1.7972589613,"21":2.3242530561,"22":1.8044006438,"23":1.8155807834,"24":1.8491882656,"25":1.9026190647,"26":1.8412879195,"27":1.8538310798,"28":1.8725308678,"29":1.8947178072,"30":1.8202090815,"31":1.8164637267,"32":1.8335623726,"33":1.8238893239,"34":1.8457028864,"35":1.8367941875,"36":1.8419841876,"37":1.8496060688,"38":1.8465464604,"39":1.7415739641,"40":1.8733912875,"41":1.8947704271,"42":1.8597766159,"43":1.8523553834,"44":1.8546554482,"45":1.8542237067,"46":1.8532030041,"47":1.8563734366,"48":1.8558042717,"49":1.8551560173},"state":{"0":"COMPLETE","1":"COMPLETE","2":"COMPLETE","3":"COMPLETE","4":"COMPLETE","5":"COMPLETE","6":"COMPLETE","7":"COMPLETE","8":"COMPLETE","9":"COMPLETE","10":"COMPLETE","11":"COMPLETE","12":"COMPLETE","13":"COMPLETE","14":"COMPLETE","15":"COMPLETE","16":"COMPLETE","17":"COMPLETE","18":"COMPLETE","19":"COMPLETE","20":"COMPLETE","21":"COMPLETE","22":"COMPLETE","23":"COMPLETE","24":"COMPLETE","25":"COMPLETE","26":"COMPLETE","27":"COMPLETE","28":"COMPLETE","29":"COMPLETE","30":"COMPLETE","31":"COMPLETE","32":"COMPLETE","33":"COMPLETE","34":"COMPLETE","35":"COMPLETE","36":"COMPLETE","37":"COMPLETE","38":"COMPLETE","39":"COMPLETE","40":"COMPLETE","41":"COMPLETE","42":"COMPLETE","43":"COMPLETE","44":"COMPLETE","45":"COMPLETE","46":"COMPLETE","47":"COMPLETE","48":"COMPLETE","49":"COMPLETE"}}