{"number":{"0":0,"1":1,"2":2,"3":3,"4":4,"5":5,"6":6,"7":7,"8":8,"9":9,"10":10,"11":11,"12":12,"13":13,"14":14,"15":15,"16":16,"17":17,"18":18,"19":19},"value":{"0":0.36414814,"1":0.7411266565,"2":0.3718730211,"3":0.3673227727,"4":0.5118095279,"5":0.36414814,"6":0.6811966896,"7":0.3745397031,"8":0.3852275312,"9":0.3813968301,"10":0.7389402986,"11":0.7207299471,"12":0.0666666701,"13":0.7206822634,"14":0.7389402986,"15":0.7306069732,"16":0.6814776659,"17":0.735371232,"18":0.735371232,"19":0.7282007933},"datetime_start":{"0":1727170325160,"1":1727170538313,"2":1727170651694,"3":1727170767318,"4":1727170879055,"5":1727170989228,"6":1727171102949,"7":1727171219280,"8":1727171331682,"9":1727171440853,"10":1727171556029,"11":1727171669030,"12":1727171796431,"13":1727171908042,"14":1727172024235,"15":1727172136151,"16":1727172246896,"17":1727172373293,"18":1727172484732,"19":1727172595802},"datetime_complete":{"0":1727170538179,"1":1727170651567,"2":1727170767187,"3":1727170878929,"4":1727170989092,"5":1727171102824,"6":1727171219152,"7":1727171331556,"8":1727171440728,"9":1727171555898,"10":1727171668896,"11":1727171796304,"12":1727171907914,"13":1727172024103,"14":1727172136015,"15":1727172246761,"16":1727172373151,"17":1727172484603,"18":1727172595676,"19":1727172708260},"duration":{"0":213018,"1":113253,"2":115493,"3":111610,"4":110036,"5":113595,"6":116202,"7":112275,"8":109045,"9":115045,"10":112867,"11":127274,"12":111482,"13":116061,"14":111779,"15":110610,"16":126254,"17":111309,"18":110943,"19":112458},"params_batch_size":{"0":2584,"1":1698,"2":584,"3":2372,"4":1974,"5":2633,"6":726,"7":653,"8":1512,"9":925,"10":2708,"11":192,"12":2708,"13":1766,"14":2708,"15":2708,"16":192,"17":2708,"18":2708,"19":2110},"params_learning_rate":{"0":0.0000176702,"1":0.0024658329,"2":0.0000008632,"3":0.0000002231,"4":0.0004042873,"5":0.0000001329,"6":0.0098777003,"7":0.000001233,"8":0.0000066904,"9":0.0000390544,"10":0.0039318599,"11":0.0033707257,"12":0.1,"13":0.0038011967,"14":0.0039465724,"15":0.0039472376,"16":0.0039898127,"17":0.0034316066,"18":0.0033978944,"19":0.0038105262},"state":{"0":"COMPLETE","1":"COMPLETE","2":"COMPLETE","3":"COMPLETE","4":"COMPLETE","5":"COMPLETE","6":"COMPLETE","7":"COMPLETE","8":"COMPLETE","9":"COMPLETE","10":"COMPLETE","11":"COMPLETE","12":"COMPLETE","13":"COMPLETE","14":"COMPLETE","15":"COMPLETE","16":"COMPLETE","17":"COMPLETE","18":"COMPLETE","19":"COMPLETE"}}