{"number":{"0":0,"1":1,"2":2,"3":3,"4":4,"5":5,"6":6,"7":7,"8":8,"9":9,"10":10,"11":11,"12":12,"13":13,"14":14,"15":15,"16":16,"17":17,"18":18,"19":19},"value":{"0":0.2700000405,"1":0.2644444704,"2":0.2255555689,"3":0.2700000405,"4":0.2644444704,"5":0.2700000405,"6":0.2400000095,"7":0.2255555689,"8":0.2477777898,"9":0.2644444704,"10":0.2700000405,"11":0.0800000057,"12":0.2644444704,"13":0.2477777898,"14":0.2255555689,"15":0.2644444704,"16":0.2700000405,"17":0.0688888878,"18":0.2200000137,"19":0.2700000405},"datetime_start":{"0":1727093374563,"1":1727093501096,"2":1727093535191,"3":1727093570266,"4":1727093604325,"5":1727093638203,"6":1727093671981,"7":1727093706964,"8":1727093741911,"9":1727093776153,"10":1727093811186,"11":1727093847128,"12":1727093881282,"13":1727093916268,"14":1727093950687,"15":1727093986809,"16":1727094021562,"17":1727094055435,"18":1727094084756,"19":1727094120870},"datetime_complete":{"0":1727093500945,"1":1727093535057,"2":1727093570134,"3":1727093604177,"4":1727093638051,"5":1727093671839,"6":1727093706804,"7":1727093741780,"8":1727093776024,"9":1727093811051,"10":1727093846988,"11":1727093881147,"12":1727093916138,"13":1727093950558,"14":1727093986665,"15":1727094021432,"16":1727094055301,"17":1727094084619,"18":1727094120741,"19":1727094154972},"duration":{"0":126381,"1":33960,"2":34943,"3":33910,"4":33726,"5":33635,"6":34823,"7":34815,"8":34113,"9":34898,"10":35801,"11":34019,"12":34856,"13":34290,"14":35978,"15":34623,"16":33739,"17":29183,"18":35985,"19":34102},"params_batch_size":{"0":263,"1":236,"2":203,"3":256,"4":245,"5":264,"6":207,"7":205,"8":231,"9":213,"10":266,"11":262,"12":227,"13":252,"14":194,"15":239,"16":266,"17":224,"18":192,"19":266},"params_learning_rate":{"0":0.0000176702,"1":0.0024658329,"2":0.0000008632,"3":0.0000002231,"4":0.0004042873,"5":0.0000001329,"6":0.0098777003,"7":0.000001233,"8":0.0000066904,"9":0.0000390544,"10":0.0000015118,"11":0.0202820067,"12":0.0004135461,"13":0.0000108154,"14":0.0001727809,"15":0.0004689401,"16":0.0000722061,"17":0.0408532774,"18":0.0031920988,"19":0.000035021},"state":{"0":"COMPLETE","1":"COMPLETE","2":"COMPLETE","3":"COMPLETE","4":"COMPLETE","5":"COMPLETE","6":"COMPLETE","7":"COMPLETE","8":"COMPLETE","9":"COMPLETE","10":"COMPLETE","11":"COMPLETE","12":"COMPLETE","13":"COMPLETE","14":"COMPLETE","15":"COMPLETE","16":"COMPLETE","17":"COMPLETE","18":"COMPLETE","19":"COMPLETE"}}