{"number":{"0":0,"1":1,"2":2,"3":3,"4":4,"5":5,"6":6,"7":7,"8":8,"9":9,"10":10,"11":11,"12":12,"13":13,"14":14,"15":15,"16":16,"17":17,"18":18,"19":19},"value":{"0":0.0109999999,"1":0.0254999995,"2":0.5909999609,"3":0.0060000001,"4":0.0070000002,"5":0.0154999997,"6":0.0024999999,"7":0.6734999418,"8":0.0040000002,"9":0.5410000086,"10":0.6740000248,"11":0.6985000372,"12":0.6634999514,"13":0.4444999993,"14":0.6769999862,"15":0.6359999776,"16":0.6794999838,"17":0.6704999804,"18":0.6295000315,"19":0.6850000024},"datetime_start":{"0":1702474812137,"1":1702475785885,"2":1702477411839,"3":1702478416067,"4":1702479444110,"5":1702480153797,"6":1702481436200,"7":1702482959611,"8":1702483680163,"9":1702483723662,"10":1702484933955,"11":1702485609416,"12":1702486341411,"13":1702487116470,"14":1702487761337,"15":1702488457775,"16":1702489693475,"17":1702490361334,"18":1702491121196,"19":1702492244259},"datetime_complete":{"0":1702475785754,"1":1702477411685,"2":1702478415935,"3":1702479443922,"4":1702480153646,"5":1702481436020,"6":1702482959419,"7":1702483680030,"8":1702483723512,"9":1702484933815,"10":1702485609249,"11":1702486341263,"12":1702487116295,"13":1702487761183,"14":1702488457608,"15":1702489693315,"16":1702490361179,"17":1702491121039,"18":1702492243384,"19":1702492909182},"duration":{"0":973617,"1":1625799,"2":1004095,"3":1027854,"4":709535,"5":1282223,"6":1523218,"7":720418,"8":43348,"9":1210153,"10":675293,"11":731847,"12":774883,"13":644713,"14":696271,"15":1235540,"16":667703,"17":759705,"18":1122187,"19":664922},"params_batch_size":{"0":256,"1":512,"2":512,"3":4500,"4":512,"5":4096,"6":256,"7":4500,"8":256,"9":4096,"10":4500,"11":4500,"12":4500,"13":4500,"14":4500,"15":512,"16":4500,"17":4500,"18":512,"19":4500},"params_epochs":{"0":75,"1":142,"2":87,"3":103,"4":61,"5":133,"6":120,"7":72,"8":2,"9":125,"10":67,"11":73,"12":77,"13":64,"14":69,"15":107,"16":66,"17":76,"18":97,"19":66},"params_learning_rate":{"0":0.01574189,"1":0.0000066904,"2":0.0051410966,"3":0.0622002598,"4":0.0285708008,"5":0.0433504539,"6":0.0000042471,"7":0.0043000016,"8":0.0000004957,"9":0.0210511805,"10":0.0025604401,"11":0.0025538495,"12":0.0025475004,"13":0.0006400393,"14":0.0045967206,"15":0.0015704511,"16":0.0034914143,"17":0.003633516,"18":0.0022949213,"19":0.0035696665},"params_max_grad_norm":{"0":6.0909271151,"1":5.34261303,"2":2.1568030652,"3":8.1222940115,"4":2.7360438197,"5":8.9693080342,"6":8.3216275897,"7":2.147413679,"8":8.6584135736,"9":4.8277062666,"10":0.9427065598,"11":1.4282155137,"12":1.6891595318,"13":2.1631874082,"14":1.290203696,"15":1.5649023831,"16":1.513511326,"17":1.2571004924,"18":1.3632388425,"19":1.4685078558},"state":{"0":"COMPLETE","1":"COMPLETE","2":"COMPLETE","3":"COMPLETE","4":"COMPLETE","5":"COMPLETE","6":"COMPLETE","7":"COMPLETE","8":"COMPLETE","9":"COMPLETE","10":"COMPLETE","11":"COMPLETE","12":"COMPLETE","13":"COMPLETE","14":"COMPLETE","15":"COMPLETE","16":"COMPLETE","17":"COMPLETE","18":"COMPLETE","19":"COMPLETE"}}