{"epochs": 74, "batch_size": 4500, "learning_rate": 0.002966997135110743, "max_grad_norm": 1.2367845277689677}