{"number":{"0":0,"1":1,"2":2,"3":3,"4":4,"5":5,"6":6,"7":7,"8":8,"9":9,"10":10,"11":11,"12":12,"13":13,"14":14,"15":15,"16":16,"17":17,"18":18,"19":19,"20":20,"21":21,"22":22,"23":23,"24":24,"25":25,"26":26,"27":27,"28":28,"29":29,"30":30,"31":31,"32":32,"33":33,"34":34,"35":35,"36":36,"37":37,"38":38,"39":39,"40":40,"41":41,"42":42,"43":43,"44":44,"45":45,"46":46,"47":47,"48":48,"49":49},"value":{"0":0.1222222224,"1":0.177777797,"2":0.8000000119,"3":0.1066666692,"4":0.1111111119,"5":0.1311111152,"6":0.1822222322,"7":0.8888889551,"8":0.1533333361,"9":0.8000000119,"10":0.8977777362,"11":0.9022222757,"12":0.866666615,"13":0.8933333158,"14":0.8755555153,"15":0.8999999762,"16":0.8955556154,"17":0.9000000358,"18":0.9022222161,"19":0.9022222757,"20":0.9111111164,"21":0.8866666555,"22":0.8488889337,"23":0.9022222757,"24":0.8977777958,"25":0.8955554962,"26":0.8888888955,"27":0.9022222757,"28":0.8977777958,"29":0.8977777362,"30":0.8955556154,"31":0.8911110759,"32":0.8911111355,"33":0.9022222161,"34":0.9066666365,"35":0.8888888955,"36":0.9199999571,"37":0.8999999762,"38":0.9044444561,"39":0.8911111355,"40":0.8955555558,"41":0.9022222161,"42":0.8955555558,"43":0.8955555558,"44":0.9044443965,"45":0.9000000358,"46":0.9044444561,"47":0.9000000358,"48":0.8977777958,"49":0.8933333158},"datetime_start":{"0":1702566772986,"1":1702567177690,"2":1702567836022,"3":1702568241353,"4":1702568665946,"5":1702568954155,"6":1702569491755,"7":1702570097534,"8":1702570398995,"9":1702570419410,"10":1702570925428,"11":1702571209224,"12":1702571515074,"13":1702572009147,"14":1702572258510,"15":1702572628041,"16":1702572949151,"17":1702573262559,"18":1702573562900,"19":1702573860476,"20":1702574158028,"21":1702574455957,"22":1702574733486,"23":1702575215287,"24":1702575527479,"25":1702575830106,"26":1702576151442,"27":1702576453373,"28":1702576768562,"29":1702577089989,"30":1702577406807,"31":1702577721280,"32":1702578035687,"33":1702578349777,"34":1702578658888,"35":1702578964804,"36":1702579262575,"37":1702579572743,"38":1702579886288,"39":1702580198821,"40":1702580517489,"41":1702580823564,"42":1702581130412,"43":1702581436962,"44":1702581743517,"45":1702582053066,"46":1702582360785,"47":1702582672185,"48":1702582981593,"49":1702583288733},"datetime_complete":{"0":1702567177539,"1":1702567835885,"2":1702568241218,"3":1702568665788,"4":1702568953969,"5":1702569491621,"6":1702570097366,"7":1702570398864,"8":1702570419277,"9":1702570925296,"10":1702571209053,"11":1702571514882,"12":1702572008989,"13":1702572258314,"14":1702572627894,"15":1702572948991,"16":1702573262416,"17":1702573562748,"18":1702573860314,"19":1702574157877,"20":1702574455819,"21":1702574733354,"22":1702575215131,"23":1702575527322,"24":1702575829968,"25":1702576151280,"26":1702576453235,"27":1702576768346,"28":1702577089811,"29":1702577406630,"30":1702577721113,"31":1702578035532,"32":1702578349643,"33":1702578658730,"34":1702578964614,"35":1702579262444,"36":1702579572598,"37":1702579886122,"38":1702580198619,"39":1702580517352,"40":1702580823394,"41":1702581130255,"42":1702581436829,"43":1702581743373,"44":1702582052924,"45":1702582360621,"46":1702582672052,"47":1702582981439,"48":1702583288571,"49":1702583595286},"duration":{"0":404553,"1":658195,"2":405196,"3":424434,"4":288022,"5":537465,"6":605610,"7":301329,"8":20281,"9":505885,"10":283625,"11":305658,"12":493915,"13":249166,"14":369384,"15":320950,"16":313264,"17":300188,"18":297413,"19":297401,"20":297791,"21":277397,"22":481644,"23":312034,"24":302489,"25":321173,"26":301792,"27":314972,"28":321248,"29":316640,"30":314306,"31":314251,"32":313955,"33":308952,"34":305726,"35":297639,"36":310022,"37":313378,"38":312330,"39":318530,"40":305904,"41":306691,"42":306416,"43":306411,"44":309407,"45":307555,"46":311266,"47":309253,"48":306978,"49":306553},"params_batch_size":{"0":256,"1":512,"2":512,"3":4500,"4":512,"5":4096,"6":256,"7":4500,"8":256,"9":4096,"10":4500,"11":4500,"12":512,"13":4500,"14":4500,"15":4500,"16":4500,"17":4500,"18":4500,"19":4500,"20":4500,"21":4500,"22":4096,"23":4500,"24":4500,"25":4500,"26":4500,"27":4500,"28":4500,"29":4500,"30":4500,"31":4500,"32":4500,"33":4500,"34":4500,"35":4500,"36":4500,"37":4500,"38":4500,"39":4500,"40":4500,"41":4500,"42":4500,"43":4500,"44":4500,"45":4500,"46":4500,"47":4500,"48":4500,"49":4500},"params_epochs":{"0":75,"1":142,"2":87,"3":103,"4":61,"5":133,"6":120,"7":72,"8":2,"9":125,"10":67,"11":73,"12":106,"13":59,"14":88,"15":77,"16":75,"17":72,"18":71,"19":71,"20":71,"21":66,"22":119,"23":74,"24":72,"25":77,"26":72,"27":75,"28":77,"29":76,"30":75,"31":75,"32":75,"33":74,"34":73,"35":71,"36":74,"37":75,"38":75,"39":76,"40":73,"41":73,"42":73,"43":73,"44":74,"45":73,"46":74,"47":74,"48":73,"49":73},"params_learning_rate":{"0":0.01574189,"1":0.0000066904,"2":0.0051410966,"3":0.0622002598,"4":0.0285708008,"5":0.0433504539,"6":0.0000042471,"7":0.0043000016,"8":0.0000004957,"9":0.0210511805,"10":0.0025192651,"11":0.0027287118,"12":0.0015846608,"13":0.0034723894,"14":0.0069321027,"15":0.003822409,"16":0.0032280214,"17":0.0027907305,"18":0.0024297969,"19":0.0024568437,"20":0.0024199087,"21":0.0013971121,"22":0.0122496622,"23":0.003041998,"24":0.0035125626,"25":0.0029975698,"26":0.0031260696,"27":0.003023053,"28":0.0029767591,"29":0.0030122111,"30":0.0030499716,"31":0.0030349287,"32":0.0030355295,"33":0.0031016593,"34":0.0030422444,"35":0.0031104402,"36":0.0029669971,"37":0.0029292139,"38":0.0029118057,"39":0.0028567881,"40":0.0030214841,"41":0.0030166359,"42":0.0030148196,"43":0.0030045513,"44":0.0030253632,"45":0.0030296313,"46":0.0030159481,"47":0.0030105094,"48":0.0029916528,"49":0.0030198991},"params_max_grad_norm":{"0":6.0909271151,"1":5.34261303,"2":2.1568030652,"3":8.1222940115,"4":2.7360438197,"5":8.9693080342,"6":8.3216275897,"7":2.147413679,"8":8.6584135736,"9":4.8277062666,"10":0.9255993534,"11":1.3350357622,"12":1.6492654301,"13":1.4466542912,"14":0.4095786863,"15":1.0729684505,"16":1.1612653234,"17":1.3029120515,"18":1.3671525339,"19":1.3454902477,"20":1.3527342955,"21":1.6423911778,"22":1.8644102189,"23":1.2598571788,"24":1.192096008,"25":1.2321967829,"26":1.3157886237,"27":1.268529948,"28":1.2531636611,"29":1.2727215467,"30":1.2864891302,"31":1.2917932247,"32":1.2618838421,"33":1.2723565343,"34":1.2556883101,"35":1.2220625551,"36":1.2367845278,"37":1.1547717643,"38":1.0968329582,"39":1.0550333328,"40":1.2548095858,"41":1.2554448682,"42":1.2406459236,"43":1.244291344,"44":1.2582972092,"45":1.2609375892,"46":1.3083883137,"47":1.2650644209,"48":1.2894522009,"49":1.2859853986},"state":{"0":"COMPLETE","1":"COMPLETE","2":"COMPLETE","3":"COMPLETE","4":"COMPLETE","5":"COMPLETE","6":"COMPLETE","7":"COMPLETE","8":"COMPLETE","9":"COMPLETE","10":"COMPLETE","11":"COMPLETE","12":"COMPLETE","13":"COMPLETE","14":"COMPLETE","15":"COMPLETE","16":"COMPLETE","17":"COMPLETE","18":"COMPLETE","19":"COMPLETE","20":"COMPLETE","21":"COMPLETE","22":"COMPLETE","23":"COMPLETE","24":"COMPLETE","25":"COMPLETE","26":"COMPLETE","27":"COMPLETE","28":"COMPLETE","29":"COMPLETE","30":"COMPLETE","31":"COMPLETE","32":"COMPLETE","33":"COMPLETE","34":"COMPLETE","35":"COMPLETE","36":"COMPLETE","37":"COMPLETE","38":"COMPLETE","39":"COMPLETE","40":"COMPLETE","41":"COMPLETE","42":"COMPLETE","43":"COMPLETE","44":"COMPLETE","45":"COMPLETE","46":"COMPLETE","47":"COMPLETE","48":"COMPLETE","49":"COMPLETE"}}