{"epochs": 70, "learning_rate": 0.0032484596448771686, "max_grad_norm": 1.7414784080781225}