{"number":{"0":0,"1":1,"2":2,"3":3,"4":4,"5":5,"6":6,"7":7,"8":8,"9":9,"10":10,"11":11,"12":12,"13":13,"14":14,"15":15,"16":16,"17":17,"18":18,"19":19},"value":{"0":0.0099999998,"1":0.0065000001,"2":0.0914999992,"3":0.0140000004,"4":0.0099999998,"5":0.0109999999,"6":0.0180000011,"7":0.0089999996,"8":0.6779999733,"9":0.2804999948,"10":0.0099999998,"11":0.7070000172,"12":0.8599999547,"13":0.8489999771,"14":0.8519999981,"15":0.8385000229,"16":0.8374999762,"17":0.8594999909,"18":0.8525000215,"19":0.8535000086},"datetime_start":{"0":1703005409714,"1":1703006139351,"2":1703007265112,"3":1703007397611,"4":1703008734677,"5":1703010308967,"6":1703010675179,"7":1703011494224,"8":1703011774583,"9":1703012635214,"10":1703013605863,"11":1703014555862,"12":1703014746767,"13":1703015416802,"14":1703016177088,"15":1703017088209,"16":1703017858898,"17":1703018952110,"18":1703019788985,"19":1703020463391},"datetime_complete":{"0":1703006139221,"1":1703007264977,"2":1703007397422,"3":1703008734488,"4":1703010308729,"5":1703010674955,"6":1703011494040,"7":1703011774451,"8":1703012635008,"9":1703013605650,"10":1703014555714,"11":1703014746638,"12":1703015416602,"13":1703016176888,"14":1703017088076,"15":1703017858742,"16":1703018951963,"17":1703019788757,"18":1703020463170,"19":1703021261995},"duration":{"0":729507,"1":1125625,"2":132310,"3":1336877,"4":1574051,"5":365988,"6":818861,"7":280227,"8":860424,"9":970435,"10":949850,"11":190775,"12":669834,"13":760086,"14":910987,"15":770532,"16":1093064,"17":836646,"18":674185,"19":798603},"params_epochs":{"0":75,"1":120,"2":12,"3":142,"4":167,"5":37,"6":87,"7":28,"8":92,"9":103,"10":100,"11":18,"12":70,"13":79,"14":96,"15":81,"16":116,"17":88,"18":70,"19":84},"params_learning_rate":{"0":0.0506157689,"1":0.0000008632,"2":0.01574189,"3":0.0000001329,"4":0.0000018795,"5":0.0000066904,"6":0.0000055895,"7":0.0000056607,"8":0.0051410966,"9":0.0003584986,"10":0.0139270631,"11":0.0030803316,"12":0.0032484596,"13":0.0024497826,"14":0.0025740417,"15":0.0028213786,"16":0.0027018752,"17":0.0028811476,"18":0.0030350619,"19":0.0029630339},"params_max_grad_norm":{"0":7.3735406298,"1":1.7287462993,"2":6.0909271151,"3":9.7051165512,"4":1.9818846786,"5":5.34261303,"6":6.1961583683,"7":3.7903460643,"8":2.1568030652,"9":0.6552140447,"10":1.5396924325,"11":0.2453893406,"12":1.7414784081,"13":2.8158361224,"14":1.0018617817,"15":1.844751627,"16":2.749829355,"17":2.1811539169,"18":3.864600798,"19":2.7355156534},"state":{"0":"COMPLETE","1":"COMPLETE","2":"COMPLETE","3":"COMPLETE","4":"COMPLETE","5":"COMPLETE","6":"COMPLETE","7":"COMPLETE","8":"COMPLETE","9":"COMPLETE","10":"COMPLETE","11":"COMPLETE","12":"COMPLETE","13":"COMPLETE","14":"COMPLETE","15":"COMPLETE","16":"COMPLETE","17":"COMPLETE","18":"COMPLETE","19":"COMPLETE"}}