{"epochs": 92, "learning_rate": 0.005141096648805749, "max_grad_norm": 2.1568030651519257}