{"number":{"0":0,"1":1,"2":2,"3":3,"4":4,"5":5,"6":6,"7":7,"8":8,"9":9,"10":10,"11":11,"12":12,"13":13,"14":14,"15":15,"16":16,"17":17,"18":18,"19":19},"value":{"0":0.0099999998,"1":0.0065000001,"2":0.0109999999,"3":0.0140000004,"4":0.0074999998,"5":0.0109999999,"6":0.0180000011,"7":0.0089999996,"8":0.1150000021,"9":0.0384999961,"10":0.0099999998,"11":0.0189999994,"12":0.0659999996,"13":0.0124999993,"14":0.0130000003,"15":0.0114999991,"16":0.0865000039,"17":0.0120000001,"18":0.0170000009,"19":0.0140000004},"datetime_start":{"0":1703005407709,"1":1703006128412,"2":1703007241676,"3":1703007371979,"4":1703008684571,"5":1703010219377,"6":1703010582456,"7":1703011394417,"8":1703011674085,"9":1703012538055,"10":1703013501553,"11":1703014474492,"12":1703016179512,"13":1703016427728,"14":1703016458917,"15":1703016525521,"16":1703018347384,"17":1703020193263,"18":1703022039443,"19":1703023884311},"datetime_complete":{"0":1703006128252,"1":1703007241528,"2":1703007371785,"3":1703008684418,"4":1703010219224,"5":1703010582322,"6":1703011394231,"7":1703011673880,"8":1703012537872,"9":1703013501338,"10":1703014474300,"11":1703016179379,"12":1703016427573,"13":1703016458766,"14":1703016525388,"15":1703018347219,"16":1703020193039,"17":1703022039279,"18":1703023884169,"19":1703023914896},"duration":{"0":720543,"1":1113116,"2":130109,"3":1312439,"4":1534652,"5":362944,"6":811775,"7":279463,"8":863786,"9":963283,"10":972746,"11":1704886,"12":248061,"13":31038,"14":66471,"15":1821697,"16":1845654,"17":1846015,"18":1844726,"19":30585},"params_epochs":{"0":75,"1":120,"2":12,"3":142,"4":167,"5":37,"6":87,"7":28,"8":92,"9":103,"10":104,"11":186,"12":25,"13":1,"14":5,"15":200,"16":200,"17":200,"18":200,"19":1},"params_learning_rate":{"0":0.0506157689,"1":0.0000008632,"2":0.01574189,"3":0.0000001329,"4":0.0000018795,"5":0.0000066904,"6":0.0000055895,"7":0.0000056607,"8":0.0051410966,"9":0.0003584986,"10":0.0129416296,"11":0.0072544472,"12":0.009198144,"13":0.1,"14":0.0003751217,"15":0.1,"16":0.0004870418,"17":0.0065429796,"18":0.0000407781,"19":0.0004418442},"params_max_grad_norm":{"0":7.3735406298,"1":1.7287462993,"2":6.0909271151,"3":9.7051165512,"4":1.9818846786,"5":5.34261303,"6":6.1961583683,"7":3.7903460643,"8":2.1568030652,"9":0.6552140447,"10":1.7477724338,"11":3.9498980315,"12":0.2,"13":0.2,"14":0.2,"15":0.2,"16":10.0,"17":10.0,"18":10.0,"19":10.0},"state":{"0":"COMPLETE","1":"COMPLETE","2":"COMPLETE","3":"COMPLETE","4":"COMPLETE","5":"COMPLETE","6":"COMPLETE","7":"COMPLETE","8":"COMPLETE","9":"COMPLETE","10":"COMPLETE","11":"COMPLETE","12":"COMPLETE","13":"COMPLETE","14":"COMPLETE","15":"COMPLETE","16":"COMPLETE","17":"COMPLETE","18":"COMPLETE","19":"COMPLETE"}}