{"epochs": 73, "batch_size": 4500, "learning_rate": 0.0025538495343984833, "max_grad_norm": 1.4282155137319335}