{"number":{"0":0,"1":1,"2":2,"3":3,"4":4,"5":5,"6":6,"7":7,"8":8,"9":9,"10":10,"11":11,"12":12,"13":13,"14":14,"15":15,"16":16,"17":17,"18":18,"19":19,"20":20,"21":21,"22":22,"23":23,"24":24,"25":25,"26":26,"27":27,"28":28,"29":29,"30":30,"31":31,"32":32,"33":33,"34":34,"35":35,"36":36,"37":37,"38":38,"39":39,"40":40,"41":41,"42":42,"43":43,"44":44,"45":45,"46":46,"47":47,"48":48,"49":49},"value":{"0":0.0109999999,"1":0.0254999995,"2":0.5909999609,"3":0.0060000001,"4":0.0070000002,"5":0.0154999997,"6":0.0024999999,"7":0.6734999418,"8":0.0040000002,"9":0.5410000086,"10":0.6740000248,"11":0.6985000372,"12":0.6634999514,"13":0.4444999993,"14":0.6769999862,"15":0.6359999776,"16":0.6794999838,"17":0.6704999804,"18":0.6295000315,"19":0.6850000024,"20":0.5674999952,"21":0.6794999838,"22":0.6775000095,"23":0.6729999781,"24":0.6805000305,"25":0.6625000238,"26":0.689999938,"27":0.6625000238,"28":0.6855000257,"29":0.6895000339,"30":0.6754999757,"31":0.6740000248,"32":0.6674999595,"33":0.6775000095,"34":0.681499958,"35":0.6899999976,"36":0.6744999886,"37":0.6920000315,"38":0.6829999685,"39":0.684499979,"40":0.6829999685,"41":0.6679999828,"42":0.6654999852,"43":0.6775000095,"44":0.6854999661,"45":0.6754999757,"46":0.6940000057,"47":0.6739999652,"48":0.6660000086,"49":0.6644999981},"datetime_start":{"0":1702566772059,"1":1702567747825,"2":1702569385251,"3":1702570399227,"4":1702571431147,"5":1702572145688,"6":1702573446728,"7":1702574974774,"8":1702575703259,"9":1702575746200,"10":1702576963632,"11":1702577643882,"12":1702578380950,"13":1702579154389,"14":1702579802080,"15":1702580505887,"16":1702581742585,"17":1702582417925,"18":1702583181449,"19":1702584307350,"20":1702584982676,"21":1702586237237,"22":1702586954564,"23":1702587596303,"24":1702588281633,"25":1702588959163,"26":1702589635709,"27":1702590315794,"28":1702590998220,"29":1702591687497,"30":1702592384528,"31":1702593093416,"32":1702593793171,"33":1702594485485,"34":1702595174085,"35":1702595859085,"36":1702596545835,"37":1702597235149,"38":1702597922017,"39":1702598605175,"40":1702599295919,"41":1702599990398,"42":1702600688003,"43":1702601378571,"44":1702602063111,"45":1702602742251,"46":1702603421196,"47":1702604103946,"48":1702604769436,"49":1702605449895},"datetime_complete":{"0":1702567747676,"1":1702569385089,"2":1702570399096,"3":1702571430942,"4":1702572145556,"5":1702573446589,"6":1702574974617,"7":1702575703127,"8":1702575746013,"9":1702576963501,"10":1702577643711,"11":1702578380750,"12":1702579154238,"13":1702579801948,"14":1702580505724,"15":1702581742435,"16":1702582417796,"17":1702583181293,"18":1702584307178,"19":1702584982533,"20":1702586237082,"21":1702586954377,"22":1702587596116,"23":1702588281478,"24":1702588959007,"25":1702589635539,"26":1702590315619,"27":1702590998055,"28":1702591687364,"29":1702592384379,"30":1702593093252,"31":1702593793024,"32":1702594485329,"33":1702595173924,"34":1702595858911,"35":1702596545675,"36":1702597234997,"37":1702597921862,"38":1702598605034,"39":1702599295748,"40":1702599990267,"41":1702600687812,"42":1702601378414,"43":1702602062945,"44":1702602742047,"45":1702603421023,"46":1702604103804,"47":1702604769267,"48":1702605449760,"49":1702606144844},"duration":{"0":975616,"1":1637263,"2":1013844,"3":1031714,"4":714409,"5":1300901,"6":1527888,"7":728353,"8":42753,"9":1217300,"10":680078,"11":736867,"12":773287,"13":647559,"14":703643,"15":1236547,"16":675210,"17":763367,"18":1125728,"19":675182,"20":1254406,"21":717139,"22":641552,"23":685174,"24":677374,"25":676376,"26":679910,"27":682261,"28":689143,"29":696882,"30":708724,"31":699608,"32":692158,"33":688439,"34":684825,"35":686590,"36":689162,"37":686713,"38":683017,"39":690573,"40":694348,"41":697414,"42":690410,"43":684373,"44":678936,"45":678771,"46":682608,"47":665321,"48":680323,"49":694949},"params_batch_size":{"0":256,"1":512,"2":512,"3":4500,"4":512,"5":4096,"6":256,"7":4500,"8":256,"9":4096,"10":4500,"11":4500,"12":4500,"13":4500,"14":4500,"15":512,"16":4500,"17":4500,"18":512,"19":4500,"20":512,"21":4500,"22":4500,"23":4500,"24":4500,"25":4500,"26":4500,"27":4500,"28":4500,"29":4500,"30":4500,"31":4500,"32":4500,"33":4500,"34":4500,"35":4500,"36":4500,"37":4500,"38":4500,"39":4500,"40":4500,"41":4500,"42":4500,"43":4500,"44":4500,"45":4500,"46":4500,"47":4500,"48":4500,"49":4500},"params_epochs":{"0":75,"1":142,"2":87,"3":103,"4":61,"5":133,"6":120,"7":72,"8":2,"9":125,"10":67,"11":73,"12":77,"13":64,"14":69,"15":107,"16":66,"17":76,"18":97,"19":66,"20":108,"21":71,"22":63,"23":67,"24":67,"25":67,"26":67,"27":67,"28":68,"29":69,"30":70,"31":69,"32":68,"33":68,"34":68,"35":68,"36":68,"37":68,"38":68,"39":68,"40":69,"41":69,"42":68,"43":68,"44":67,"45":67,"46":67,"47":66,"48":67,"49":68},"params_learning_rate":{"0":0.01574189,"1":0.0000066904,"2":0.0051410966,"3":0.0622002598,"4":0.0285708008,"5":0.0433504539,"6":0.0000042471,"7":0.0043000016,"8":0.0000004957,"9":0.0210511805,"10":0.0025604401,"11":0.0025538495,"12":0.0025475004,"13":0.0006400393,"14":0.0045967206,"15":0.0015704511,"16":0.0034914143,"17":0.003633516,"18":0.0022949213,"19":0.0035696665,"20":0.0047449723,"21":0.0030861043,"22":0.0037165104,"23":0.0037445869,"24":0.0038305482,"25":0.0040474674,"26":0.0036185447,"27":0.0035573534,"28":0.0035887516,"29":0.003585583,"30":0.00355969,"31":0.0035944755,"32":0.0036335504,"33":0.0036601682,"34":0.0036974717,"35":0.0037199993,"36":0.0036786581,"37":0.0037118326,"38":0.003675613,"39":0.0036782682,"40":0.0036847554,"41":0.0037065716,"42":0.0037096021,"43":0.0037063325,"44":0.0037296202,"45":0.0037434765,"46":0.0038062113,"47":0.0037585535,"48":0.0037491248,"49":0.0037325454},"params_max_grad_norm":{"0":6.0909271151,"1":5.34261303,"2":2.1568030652,"3":8.1222940115,"4":2.7360438197,"5":8.9693080342,"6":8.3216275897,"7":2.147413679,"8":8.6584135736,"9":4.8277062666,"10":0.9427065598,"11":1.4282155137,"12":1.6891595318,"13":2.1631874082,"14":1.290203696,"15":1.5649023831,"16":1.513511326,"17":1.2571004924,"18":1.3632388425,"19":1.4685078558,"20":3.1199942707,"21":1.4710203449,"22":1.504807717,"23":1.4927424887,"24":1.5056200656,"25":1.5575107778,"26":1.4582164181,"27":1.4580396195,"28":1.4203919168,"29":1.4225074086,"30":1.4147999245,"31":1.4299971434,"32":1.4431973808,"33":1.444712056,"34":1.4586082185,"35":1.4676367482,"36":1.4544831087,"37":1.465360246,"38":1.4525948668,"39":1.4567353605,"40":1.4609501803,"41":1.4711548297,"42":1.4706263981,"43":1.4654952172,"44":1.4758708071,"45":1.4809080812,"46":1.4969556828,"47":1.4844799864,"48":1.481519417,"49":1.4680102255},"state":{"0":"COMPLETE","1":"COMPLETE","2":"COMPLETE","3":"COMPLETE","4":"COMPLETE","5":"COMPLETE","6":"COMPLETE","7":"COMPLETE","8":"COMPLETE","9":"COMPLETE","10":"COMPLETE","11":"COMPLETE","12":"COMPLETE","13":"COMPLETE","14":"COMPLETE","15":"COMPLETE","16":"COMPLETE","17":"COMPLETE","18":"COMPLETE","19":"COMPLETE","20":"COMPLETE","21":"COMPLETE","22":"COMPLETE","23":"COMPLETE","24":"COMPLETE","25":"COMPLETE","26":"COMPLETE","27":"COMPLETE","28":"COMPLETE","29":"COMPLETE","30":"COMPLETE","31":"COMPLETE","32":"COMPLETE","33":"COMPLETE","34":"COMPLETE","35":"COMPLETE","36":"COMPLETE","37":"COMPLETE","38":"COMPLETE","39":"COMPLETE","40":"COMPLETE","41":"COMPLETE","42":"COMPLETE","43":"COMPLETE","44":"COMPLETE","45":"COMPLETE","46":"COMPLETE","47":"COMPLETE","48":"COMPLETE","49":"COMPLETE"}}