{"epochs": 88, "batch_size": 4500, "learning_rate": 0.0029559877679356354, "max_grad_norm": 1.2437912565695604}