{"number":{"0":0,"1":1,"2":2,"3":3,"4":4,"5":5,"6":6,"7":7,"8":8,"9":9,"10":10,"11":11,"12":12,"13":13,"14":14,"15":15,"16":16,"17":17,"18":18,"19":19,"20":20,"21":21,"22":22,"23":23,"24":24,"25":25,"26":26,"27":27,"28":28,"29":29,"30":30,"31":31,"32":32,"33":33,"34":34,"35":35,"36":36,"37":37,"38":38,"39":39,"40":40,"41":41,"42":42,"43":43,"44":44,"45":45,"46":46,"47":47,"48":48,"49":49},"value":{"0":0.1933333278,"1":0.0711111128,"2":0.6022222042,"3":0.1822222322,"4":0.1155555546,"5":0.200000003,"6":0.0755555555,"7":0.7866667509,"8":0.0844444484,"9":0.3866666555,"10":0.8066666722,"11":0.8000000119,"12":0.7555555701,"13":0.7933333516,"14":0.7488889098,"15":0.7999999523,"16":0.8000000715,"17":0.7977777719,"18":0.8044444919,"19":0.8177777529,"20":0.8199999928,"21":0.8088889122,"22":0.7911111116,"23":0.782222271,"24":0.8200000525,"25":0.8044444323,"26":0.7977777719,"27":0.7866666317,"28":0.8088889122,"29":0.8066666126,"30":0.8133333325,"31":0.8044444323,"32":0.7888888717,"33":0.8222222328,"34":0.8111110926,"35":0.8111110926,"36":0.8044444323,"37":0.795555532,"38":0.8022222519,"39":0.8177778125,"40":0.8111111522,"41":0.7977777719,"42":0.8222222328,"43":0.8111110926,"44":0.8155555725,"45":0.7955555916,"46":0.8199999928,"47":0.7911111116,"48":0.8266667128,"49":0.8111110926},"datetime_start":{"0":1702565471358,"1":1702565709238,"2":1702566054300,"3":1702566268042,"4":1702566475244,"5":1702566629909,"6":1702566886305,"7":1702567222503,"8":1702567370466,"9":1702567385580,"10":1702567626577,"11":1702567764759,"12":1702567911726,"13":1702568037442,"14":1702568175602,"15":1702568316693,"16":1702568431242,"17":1702568562269,"18":1702568692989,"19":1702568831900,"20":1702568975278,"21":1702569138718,"22":1702569335195,"23":1702569501119,"24":1702569663057,"25":1702569848037,"26":1702570060259,"27":1702570241627,"28":1702570425010,"29":1702570603507,"30":1702570786661,"31":1702570967326,"32":1702571146835,"33":1702571370829,"34":1702571550135,"35":1702571727190,"36":1702571905638,"37":1702572082673,"38":1702572261212,"39":1702572442535,"40":1702572621117,"41":1702572803233,"42":1702572983823,"43":1702573163140,"44":1702573342368,"45":1702573521413,"46":1702573700498,"47":1702573879684,"48":1702574058823,"49":1702574237944},"datetime_complete":{"0":1702565709101,"1":1702566054154,"2":1702566267894,"3":1702566475111,"4":1702566629764,"5":1702566886173,"6":1702567222351,"7":1702567370315,"8":1702567385451,"9":1702567626418,"10":1702567764624,"11":1702567911596,"12":1702568037311,"13":1702568175424,"14":1702568316530,"15":1702568431082,"16":1702568562134,"17":1702568692840,"18":1702568831769,"19":1702568975121,"20":1702569138584,"21":1702569335064,"22":1702569500968,"23":1702569662903,"24":1702569847887,"25":1702570060122,"26":1702570241499,"27":1702570424844,"28":1702570603358,"29":1702570786524,"30":1702570967197,"31":1702571146703,"32":1702571370076,"33":1702571549976,"34":1702571727054,"35":1702571905508,"36":1702572082530,"37":1702572261081,"38":1702572442381,"39":1702572620946,"40":1702572803072,"41":1702572983691,"42":1702573162998,"43":1702573342238,"44":1702573521282,"45":1702573700359,"46":1702573879538,"47":1702574058661,"48":1702574237790,"49":1702574414476},"duration":{"0":237743,"1":344916,"2":213594,"3":207069,"4":154519,"5":256263,"6":336045,"7":147812,"8":14984,"9":240838,"10":138047,"11":146837,"12":125584,"13":137981,"14":140927,"15":114388,"16":130891,"17":130571,"18":138780,"19":143220,"20":163306,"21":196345,"22":165772,"23":161783,"24":184830,"25":212085,"26":181240,"27":183216,"28":178348,"29":183016,"30":180536,"31":179377,"32":223240,"33":179147,"34":176918,"35":178318,"36":176891,"37":178408,"38":181169,"39":178410,"40":181954,"41":180457,"42":179174,"43":179098,"44":178914,"45":178945,"46":179040,"47":178977,"48":178967,"49":176532},"params_batch_size":{"0":256,"1":512,"2":512,"3":4500,"4":512,"5":4096,"6":256,"7":4500,"8":256,"9":4096,"10":4500,"11":4500,"12":4500,"13":4500,"14":4500,"15":4500,"16":4500,"17":4500,"18":4500,"19":4500,"20":4500,"21":4500,"22":4500,"23":4500,"24":4500,"25":4500,"26":4500,"27":4500,"28":4500,"29":4500,"30":4500,"31":4500,"32":4500,"33":4500,"34":4500,"35":4500,"36":4500,"37":4500,"38":4500,"39":4500,"40":4500,"41":4500,"42":4500,"43":4500,"44":4500,"45":4500,"46":4500,"47":4500,"48":4500,"49":4500},"params_epochs":{"0":75,"1":142,"2":87,"3":103,"4":61,"5":133,"6":120,"7":72,"8":2,"9":125,"10":67,"11":71,"12":60,"13":67,"14":68,"15":54,"16":63,"17":63,"18":67,"19":70,"20":80,"21":97,"22":81,"23":79,"24":91,"25":105,"26":89,"27":90,"28":87,"29":90,"30":88,"31":88,"32":89,"33":88,"34":87,"35":87,"36":87,"37":88,"38":88,"39":88,"40":88,"41":89,"42":88,"43":88,"44":88,"45":88,"46":88,"47":88,"48":88,"49":87},"params_learning_rate":{"0":0.01574189,"1":0.0000066904,"2":0.0051410966,"3":0.0622002598,"4":0.0285708008,"5":0.0433504539,"6":0.0000042471,"7":0.0043000016,"8":0.0000004957,"9":0.0210511805,"10":0.0026589687,"11":0.0025362944,"12":0.0012530809,"13":0.0039503765,"14":0.0013440846,"15":0.0027443866,"16":0.0027734427,"17":0.0028507459,"18":0.0028828402,"19":0.0029115759,"20":0.0029992397,"21":0.0032285072,"22":0.0028820726,"23":0.0032752899,"24":0.0029668192,"25":0.0029574065,"26":0.0029152331,"27":0.0029801635,"28":0.0029472006,"29":0.0029478792,"30":0.0029574201,"31":0.0029502849,"32":0.0029602879,"33":0.0029584842,"34":0.0029376333,"35":0.0029337697,"36":0.0029292601,"37":0.002932708,"38":0.0029501753,"39":0.0029686304,"40":0.0029724924,"41":0.0029821281,"42":0.0029694717,"43":0.0029699326,"44":0.0029613183,"45":0.0029801264,"46":0.002947819,"47":0.0029486903,"48":0.0029559878,"49":0.0029338015},"params_max_grad_norm":{"0":6.0909271151,"1":5.34261303,"2":2.1568030652,"3":8.1222940115,"4":2.7360438197,"5":8.9693080342,"6":8.3216275897,"7":2.147413679,"8":8.6584135736,"9":4.8277062666,"10":1.0014886917,"11":1.5169263225,"12":2.407054157,"13":1.3399922973,"14":0.93694611,"15":1.860836962,"16":1.5793505842,"17":1.2581967653,"18":1.3936143479,"19":1.2432047376,"20":1.0073117452,"21":0.3313588897,"22":1.2734295632,"23":0.3109193452,"24":1.2592944689,"25":1.3157303368,"26":1.3440341865,"27":1.2558997795,"28":1.2455974188,"29":1.1737694402,"30":1.2313325052,"31":1.2233869614,"32":1.2282797488,"33":1.2205912785,"34":1.2592090648,"35":1.2641851926,"36":1.2679041905,"37":1.2606454932,"38":1.2400496514,"39":1.2200176223,"40":1.2277403979,"41":1.2225453913,"42":1.2224128487,"43":1.2365808833,"44":1.2437609331,"45":1.2351249264,"46":1.2473089895,"47":1.2528107385,"48":1.2437912566,"49":1.2740684123},"state":{"0":"COMPLETE","1":"COMPLETE","2":"COMPLETE","3":"COMPLETE","4":"COMPLETE","5":"COMPLETE","6":"COMPLETE","7":"COMPLETE","8":"COMPLETE","9":"COMPLETE","10":"COMPLETE","11":"COMPLETE","12":"COMPLETE","13":"COMPLETE","14":"COMPLETE","15":"COMPLETE","16":"COMPLETE","17":"COMPLETE","18":"COMPLETE","19":"COMPLETE","20":"COMPLETE","21":"COMPLETE","22":"COMPLETE","23":"COMPLETE","24":"COMPLETE","25":"COMPLETE","26":"COMPLETE","27":"COMPLETE","28":"COMPLETE","29":"COMPLETE","30":"COMPLETE","31":"COMPLETE","32":"COMPLETE","33":"COMPLETE","34":"COMPLETE","35":"COMPLETE","36":"COMPLETE","37":"COMPLETE","38":"COMPLETE","39":"COMPLETE","40":"COMPLETE","41":"COMPLETE","42":"COMPLETE","43":"COMPLETE","44":"COMPLETE","45":"COMPLETE","46":"COMPLETE","47":"COMPLETE","48":"COMPLETE","49":"COMPLETE"}}