{"number":{"0":0,"1":1,"2":2,"3":3,"4":4,"5":5,"6":6,"7":7,"8":8,"9":9,"10":10,"11":11,"12":12,"13":13,"14":14,"15":15,"16":16,"17":17,"18":18,"19":19},"value":{"0":0.7866666317,"1":0.3244444728,"2":0.9622222781,"3":0.6866666675,"4":0.722222209,"5":0.7688888907,"6":0.2155555487,"7":0.9711111188,"8":0.0222222228,"9":0.928888917,"10":0.9799999595,"11":0.982222259,"12":0.9800000191,"13":0.9777777791,"14":0.9822221994,"15":0.9644444585,"16":0.9711111188,"17":0.9711110592,"18":0.9777777791,"19":0.9688888788},"datetime_start":{"0":1702474788553,"1":1702475027489,"2":1702475410375,"3":1702475695399,"4":1702475957593,"5":1702476131098,"6":1702476464935,"7":1702476808765,"8":1702476996950,"9":1702477022369,"10":1702477335924,"11":1702477673603,"12":1702477892144,"13":1702478173679,"14":1702478425897,"15":1702478701835,"16":1702478851199,"17":1702479048079,"18":1702479147211,"19":1702479327365},"datetime_complete":{"0":1702475027358,"1":1702475410212,"2":1702475695067,"3":1702475957379,"4":1702476130891,"5":1702476464803,"6":1702476808628,"7":1702476996752,"8":1702477022227,"9":1702477335710,"10":1702477673339,"11":1702477891955,"12":1702478173533,"13":1702478425713,"14":1702478701651,"15":1702478850966,"16":1702479047896,"17":1702479147018,"18":1702479327154,"19":1702479493791},"duration":{"0":238805,"1":382723,"2":284691,"3":261980,"4":173297,"5":333704,"6":343692,"7":187986,"8":25276,"9":313341,"10":337415,"11":218352,"12":281388,"13":252033,"14":275753,"15":149130,"16":196696,"17":98939,"18":179942,"19":166425},"params_batch_size":{"0":256,"1":512,"2":512,"3":4500,"4":512,"5":4096,"6":256,"7":4500,"8":256,"9":4096,"10":512,"11":512,"12":512,"13":512,"14":512,"15":4500,"16":4500,"17":4500,"18":4500,"19":4500},"params_epochs":{"0":75,"1":142,"2":87,"3":103,"4":61,"5":133,"6":120,"7":72,"8":2,"9":125,"10":124,"11":78,"12":102,"13":91,"14":100,"15":54,"16":75,"17":34,"18":68,"19":62},"params_learning_rate":{"0":0.01574189,"1":0.0000066904,"2":0.0051410966,"3":0.0622002598,"4":0.0285708008,"5":0.0433504539,"6":0.0000042471,"7":0.0043000016,"8":0.0000004957,"9":0.0210511805,"10":0.0033448637,"11":0.0014341017,"12":0.0021537093,"13":0.003037627,"14":0.002293299,"15":0.0009525021,"16":0.0033059816,"17":0.0027810993,"18":0.0018595798,"19":0.0021163685},"params_max_grad_norm":{"0":6.0909271151,"1":5.34261303,"2":2.1568030652,"3":8.1222940115,"4":2.7360438197,"5":8.9693080342,"6":8.3216275897,"7":2.147413679,"8":8.6584135736,"9":4.8277062666,"10":0.2,"11":0.2,"12":0.9189693883,"13":0.2,"14":0.3774907971,"15":0.2,"16":0.2,"17":1.1012913937,"18":1.4336676849,"19":1.0874483102},"state":{"0":"COMPLETE","1":"COMPLETE","2":"COMPLETE","3":"COMPLETE","4":"COMPLETE","5":"COMPLETE","6":"COMPLETE","7":"COMPLETE","8":"COMPLETE","9":"COMPLETE","10":"COMPLETE","11":"COMPLETE","12":"COMPLETE","13":"COMPLETE","14":"COMPLETE","15":"COMPLETE","16":"COMPLETE","17":"COMPLETE","18":"COMPLETE","19":"COMPLETE"}}