{"epochs": 109, "batch_size": 512, "learning_rate": 0.0017888104141115793, "max_grad_norm": 1.3638390844872519}