{"number":{"0":0,"1":1,"2":2,"3":3,"4":4,"5":5,"6":6,"7":7,"8":8,"9":9,"10":10,"11":11,"12":12,"13":13,"14":14,"15":15,"16":16,"17":17,"18":18,"19":19,"20":20,"21":21,"22":22,"23":23,"24":24,"25":25,"26":26,"27":27,"28":28,"29":29,"30":30,"31":31,"32":32,"33":33,"34":34,"35":35,"36":36,"37":37,"38":38,"39":39,"40":40,"41":41,"42":42,"43":43,"44":44,"45":45,"46":46,"47":47,"48":48,"49":49},"value":{"0":0.5911111236,"1":0.455555588,"2":0.8955556154,"3":0.5333333611,"4":0.5533334017,"5":0.6888889074,"6":0.3755555749,"7":0.9422222376,"8":0.088888891,"9":0.8377777934,"10":0.944444418,"11":0.9422222376,"12":0.9488888979,"13":0.9488888979,"14":0.9399999976,"15":0.9355555773,"16":0.9311110973,"17":0.9488888979,"18":0.9466667175,"19":0.9422222376,"20":0.9533333182,"21":0.9511110783,"22":0.9533333778,"23":0.944444418,"24":0.9466666579,"25":0.944444418,"26":0.944444418,"27":0.9377777576,"28":0.9488888979,"29":0.9422222376,"30":0.9466666579,"31":0.9466666579,"32":0.9466665983,"33":0.9488888979,"34":0.9488888979,"35":0.9488888979,"36":0.9377777576,"37":0.9422222376,"38":0.944444418,"39":0.9422222376,"40":0.9422222376,"41":0.9333333373,"42":0.9422222376,"43":0.9377777576,"44":0.942222178,"45":0.9466667175,"46":0.944444418,"47":0.9399999976,"48":0.944444418,"49":0.944444418},"datetime_start":{"0":1702566772214,"1":1702567008633,"2":1702567352532,"3":1702567569426,"4":1702567775223,"5":1702567929423,"6":1702568184626,"7":1702568522207,"8":1702568669746,"9":1702568686552,"10":1702568927614,"11":1702569064890,"12":1702569195356,"13":1702569475867,"14":1702569719953,"15":1702569858665,"16":1702570036685,"17":1702570346981,"18":1702570592176,"19":1702570859631,"20":1702571107314,"21":1702571372131,"22":1702571637984,"23":1702571906775,"24":1702572180957,"25":1702572440759,"26":1702572705468,"27":1702572962378,"28":1702573219944,"29":1702573480253,"30":1702573740293,"31":1702574000773,"32":1702574259325,"33":1702574514915,"34":1702574768354,"35":1702575016249,"36":1702575260404,"37":1702575389230,"38":1702575531073,"39":1702575669794,"40":1702575808405,"41":1702575947537,"42":1702576087228,"43":1702576228311,"44":1702576367616,"45":1702576502347,"46":1702576632811,"47":1702576742723,"48":1702576867409,"49":1702576995525},"datetime_complete":{"0":1702567008501,"1":1702567352402,"2":1702567569293,"3":1702567775094,"4":1702567929294,"5":1702568184486,"6":1702568522077,"7":1702568669590,"8":1702568686424,"9":1702568927477,"10":1702569064752,"11":1702569195202,"12":1702569475729,"13":1702569719819,"14":1702569858534,"15":1702570036544,"16":1702570346822,"17":1702570592020,"18":1702570859502,"19":1702571107166,"20":1702571371983,"21":1702571637844,"22":1702571906631,"23":1702572180824,"24":1702572440603,"25":1702572705328,"26":1702572962225,"27":1702573219796,"28":1702573480096,"29":1702573740140,"30":1702574000620,"31":1702574259177,"32":1702574514767,"33":1702574768212,"34":1702575016104,"35":1702575260264,"36":1702575389083,"37":1702575530923,"38":1702575669662,"39":1702575808273,"40":1702575947397,"41":1702576087097,"42":1702576228178,"43":1702576367418,"44":1702576502216,"45":1702576632656,"46":1702576742575,"47":1702576867274,"48":1702576995376,"49":1702577126029},"duration":{"0":236287,"1":343768,"2":216761,"3":205668,"4":154070,"5":255062,"6":337451,"7":147382,"8":16678,"9":240925,"10":137137,"11":130312,"12":280373,"13":243952,"14":138580,"15":177879,"16":310137,"17":245038,"18":267326,"19":247534,"20":264669,"21":265713,"22":268646,"23":274048,"24":259646,"25":264569,"26":256757,"27":257417,"28":260151,"29":259887,"30":260327,"31":258403,"32":255442,"33":253296,"34":247749,"35":244015,"36":128679,"37":141693,"38":138588,"39":138478,"40":138992,"41":139560,"42":140950,"43":139107,"44":134600,"45":130308,"46":109763,"47":124550,"48":127966,"49":130504},"params_batch_size":{"0":256,"1":512,"2":512,"3":4500,"4":512,"5":4096,"6":256,"7":4500,"8":256,"9":4096,"10":4500,"11":4500,"12":512,"13":512,"14":4500,"15":4500,"16":512,"17":512,"18":512,"19":512,"20":512,"21":512,"22":512,"23":512,"24":512,"25":512,"26":512,"27":512,"28":512,"29":512,"30":512,"31":512,"32":512,"33":512,"34":512,"35":512,"36":4500,"37":4500,"38":4500,"39":4500,"40":4500,"41":4500,"42":4500,"43":4500,"44":4500,"45":4500,"46":4500,"47":4500,"48":4500,"49":4500},"params_epochs":{"0":75,"1":142,"2":87,"3":103,"4":61,"5":133,"6":120,"7":72,"8":2,"9":125,"10":66,"11":63,"12":114,"13":99,"14":67,"15":88,"16":127,"17":99,"18":108,"19":99,"20":107,"21":107,"22":109,"23":111,"24":105,"25":107,"26":104,"27":104,"28":105,"29":105,"30":104,"31":104,"32":103,"33":102,"34":100,"35":99,"36":62,"37":69,"38":67,"39":67,"40":68,"41":67,"42":69,"43":68,"44":65,"45":63,"46":52,"47":60,"48":62,"49":63},"params_learning_rate":{"0":0.01574189,"1":0.0000066904,"2":0.0051410966,"3":0.0622002598,"4":0.0285708008,"5":0.0433504539,"6":0.0000042471,"7":0.0043000016,"8":0.0000004957,"9":0.0210511805,"10":0.0021768048,"11":0.002161575,"12":0.0015599727,"13":0.0013003869,"14":0.0046649483,"15":0.0021087209,"16":0.0024834392,"17":0.0017230807,"18":0.0015824534,"19":0.0013659676,"20":0.0016763106,"21":0.0017287953,"22":0.0017888104,"23":0.001951502,"24":0.0015962988,"25":0.0015589907,"26":0.0015873397,"27":0.0015521283,"28":0.001590039,"29":0.001581159,"30":0.0015765166,"31":0.0015634871,"32":0.0015532015,"33":0.0015396532,"34":0.0015381072,"35":0.0015627363,"36":0.0028016727,"37":0.0020914524,"38":0.0020330807,"39":0.0019069521,"40":0.0021786839,"41":0.0020640044,"42":0.0022779121,"43":0.0022831206,"44":0.0020056863,"45":0.0019446657,"46":0.0013957749,"47":0.0020516722,"48":0.001746405,"49":0.0016522682},"params_max_grad_norm":{"0":6.0909271151,"1":5.34261303,"2":2.1568030652,"3":8.1222940115,"4":2.7360438197,"5":8.9693080342,"6":8.3216275897,"7":2.147413679,"8":8.6584135736,"9":4.8277062666,"10":0.3712526954,"11":1.427891023,"12":0.7358941931,"13":2.2092567945,"14":0.6358419526,"15":0.9507677449,"16":2.6194398193,"17":1.2959022366,"18":1.5540042088,"19":1.0018991407,"20":1.4129766161,"21":1.4990772247,"22":1.3638390845,"23":1.0397866331,"24":2.0018909495,"25":1.7585297212,"26":1.771711496,"27":1.7195886437,"28":1.4646189691,"29":1.5036996622,"30":1.499018307,"31":1.5384276421,"32":1.6057591134,"33":1.6568184817,"34":1.7329498707,"35":1.7978197335,"36":0.7912859645,"37":0.480889333,"38":0.4778371392,"39":0.4582277526,"40":0.483466933,"41":0.4211049024,"42":0.8330372922,"43":0.8408221533,"44":0.6288180073,"45":0.68517219,"46":0.7993627572,"47":0.8042645055,"48":0.7194620709,"49":0.7151066467},"state":{"0":"COMPLETE","1":"COMPLETE","2":"COMPLETE","3":"COMPLETE","4":"COMPLETE","5":"COMPLETE","6":"COMPLETE","7":"COMPLETE","8":"COMPLETE","9":"COMPLETE","10":"COMPLETE","11":"COMPLETE","12":"COMPLETE","13":"COMPLETE","14":"COMPLETE","15":"COMPLETE","16":"COMPLETE","17":"COMPLETE","18":"COMPLETE","19":"COMPLETE","20":"COMPLETE","21":"COMPLETE","22":"COMPLETE","23":"COMPLETE","24":"COMPLETE","25":"COMPLETE","26":"COMPLETE","27":"COMPLETE","28":"COMPLETE","29":"COMPLETE","30":"COMPLETE","31":"COMPLETE","32":"COMPLETE","33":"COMPLETE","34":"COMPLETE","35":"COMPLETE","36":"COMPLETE","37":"COMPLETE","38":"COMPLETE","39":"COMPLETE","40":"COMPLETE","41":"COMPLETE","42":"COMPLETE","43":"COMPLETE","44":"COMPLETE","45":"COMPLETE","46":"COMPLETE","47":"COMPLETE","48":"COMPLETE","49":"COMPLETE"}}