{"epochs": 102, "learning_rate": 0.003285184726659948, "max_grad_norm": 0.25112372977897546}