{"number":{"0":0,"1":1,"2":2,"3":3,"4":4,"5":5,"6":6,"7":7,"8":8,"9":9,"10":10,"11":11,"12":12,"13":13,"14":14,"15":15,"16":16,"17":17,"18":18,"19":19},"value":{"0":0.0405000001,"1":0.0149999987,"2":0.5519999862,"3":0.0130000003,"4":0.0040000002,"5":0.0164999999,"6":0.0020000001,"7":0.0104999999,"8":0.6679999828,"9":0.4079999924,"10":0.6710000038,"11":0.6694999933,"12":0.6664999723,"13":0.0870000049,"14":0.6499999762,"15":0.6739999652,"16":0.6799999475,"17":0.1134999916,"18":0.6669999957,"19":0.6719999313},"datetime_start":{"0":1703005410715,"1":1703006180713,"2":1703007368599,"3":1703007503434,"4":1703008903448,"5":1703010552968,"6":1703010929184,"7":1703011794864,"8":1703012087643,"9":1703013003679,"10":1703014024220,"11":1703014286124,"12":1703014891337,"13":1703015504804,"14":1703015529709,"15":1703015994195,"16":1703016489980,"17":1703017505886,"18":1703017531798,"19":1703018367380},"datetime_complete":{"0":1703006180574,"1":1703007368456,"2":1703007503280,"3":1703008903288,"4":1703010552838,"5":1703010929055,"6":1703011794697,"7":1703012087431,"8":1703013003539,"9":1703014024058,"10":1703014285984,"11":1703014891181,"12":1703015504672,"13":1703015529546,"14":1703015994032,"15":1703016489832,"16":1703017505754,"17":1703017531612,"18":1703018367225,"19":1703019210455},"duration":{"0":769858,"1":1187742,"2":134681,"3":1399853,"4":1649390,"5":376086,"6":865512,"7":292567,"8":915895,"9":1020379,"10":261763,"11":605057,"12":613334,"13":24742,"14":464322,"15":495636,"16":1015773,"17":25726,"18":835426,"19":843074},"params_epochs":{"0":75,"1":120,"2":12,"3":142,"4":167,"5":37,"6":87,"7":28,"8":92,"9":103,"10":25,"11":60,"12":61,"13":1,"14":46,"15":49,"16":102,"17":1,"18":84,"19":84},"params_learning_rate":{"0":0.0506157689,"1":0.0000008632,"2":0.01574189,"3":0.0000001329,"4":0.0000018795,"5":0.0000066904,"6":0.0000055895,"7":0.0000056607,"8":0.0051410966,"9":0.0003584986,"10":0.005851353,"11":0.0065894647,"12":0.0032265434,"13":0.0034728688,"14":0.0085014273,"15":0.0050111338,"16":0.0032851847,"17":0.0044356528,"18":0.0034495469,"19":0.0055084843},"params_max_grad_norm":{"0":7.3735406298,"1":1.7287462993,"2":6.0909271151,"3":9.7051165512,"4":1.9818846786,"5":5.34261303,"6":6.1961583683,"7":3.7903460643,"8":2.1568030652,"9":0.6552140447,"10":2.8179643717,"11":0.544600513,"12":1.7761224683,"13":5.502749633,"14":2.2229155808,"15":1.5059523686,"16":0.2511237298,"17":0.2,"18":0.2,"19":0.9879479877},"state":{"0":"COMPLETE","1":"COMPLETE","2":"COMPLETE","3":"COMPLETE","4":"COMPLETE","5":"COMPLETE","6":"COMPLETE","7":"COMPLETE","8":"COMPLETE","9":"COMPLETE","10":"COMPLETE","11":"COMPLETE","12":"COMPLETE","13":"COMPLETE","14":"COMPLETE","15":"COMPLETE","16":"COMPLETE","17":"COMPLETE","18":"COMPLETE","19":"COMPLETE"}}