{"epochs": 71, "batch_size": 2048, "learning_rate": 0.002014058321303711, "max_grad_norm": 4.829713152446883}