{"number":{"0":0,"1":1,"2":2,"3":3,"4":4,"5":5,"6":6,"7":7,"8":8,"9":9,"10":10,"11":11,"12":12,"13":13,"14":14,"15":15,"16":16,"17":17,"18":18,"19":19},"value":{"0":0.0081999991,"1":0.0139999995,"2":0.0489999987,"3":0.0109999999,"4":0.0168000013,"5":0.7430000305,"6":0.0148,"7":0.7481999993,"8":0.0149999997,"9":0.0213999972,"10":0.714599967,"11":0.7533999681,"12":0.7400000095,"13":0.7369999886,"14":0.7527999878,"15":0.744599998,"16":0.7508000135,"17":0.7526000142,"18":0.7508000135,"19":0.7527999878},"datetime_start":{"0":1702474792221,"1":1702482201830,"2":1702495349492,"3":1702502568171,"4":1702507451341,"5":1702517771942,"6":1702523900451,"7":1702524151813,"8":1702529389468,"9":1702537688103,"10":1702541536511,"11":1702547473909,"12":1702553374622,"13":1702557883228,"14":1702564608565,"15":1702570514114,"16":1702576116495,"17":1702582359539,"18":1702588215021,"19":1702594036366},"datetime_complete":{"0":1702482201609,"1":1702495349328,"2":1702502568042,"3":1702507451141,"4":1702517771789,"5":1702523900224,"6":1702524151639,"7":1702529389270,"8":1702537687934,"9":1702541536349,"10":1702547473748,"11":1702553374440,"12":1702557883095,"13":1702564608408,"14":1702570513974,"15":1702576116312,"16":1702582359411,"17":1702588214736,"18":1702594036223,"19":1702599864776},"duration":{"0":7409387,"1":13147498,"2":7218549,"3":4882969,"4":10320448,"5":6128282,"6":251188,"7":5237456,"8":8298465,"9":3848245,"10":5937236,"11":5900531,"12":4508472,"13":6725180,"14":5905408,"15":5602197,"16":6242915,"17":5855196,"18":5821202,"19":5828409},"params_batch_size":{"0":256,"1":32768,"2":45000,"3":16384,"4":512,"5":45000,"6":32768,"7":2048,"8":32768,"9":2048,"10":45000,"11":2048,"12":2048,"13":2048,"14":2048,"15":2048,"16":2048,"17":2048,"18":2048,"19":2048},"params_epochs":{"0":75,"1":167,"2":92,"3":61,"4":110,"5":78,"6":2,"7":63,"8":105,"9":46,"10":75,"11":71,"12":54,"13":81,"14":71,"15":67,"16":75,"17":70,"18":70,"19":70},"params_learning_rate":{"0":0.0000001329,"1":0.0000056607,"2":0.0622002598,"3":0.0000074177,"4":0.0000001868,"5":0.0043000016,"6":0.0000096691,"7":0.0042247701,"8":0.0000289933,"9":0.0226649096,"10":0.0025021802,"11":0.0020140583,"12":0.0023731057,"13":0.0029822437,"14":0.0025842007,"15":0.0027339072,"16":0.001886009,"17":0.002495163,"18":0.0026136076,"19":0.0026217928},"params_max_grad_norm":{"0":9.7051165512,"1":3.7903460643,"2":8.1222940115,"3":5.2966666075,"4":3.3882372415,"5":2.147413679,"6":0.8228718328,"7":5.0391968444,"8":7.6044011577,"9":5.4855539708,"10":0.827709779,"11":4.8297131524,"12":4.9929254744,"13":4.8136775651,"14":6.3180910172,"15":5.3351658559,"16":5.8338774139,"17":5.7670904705,"18":5.8220616941,"19":5.8466587919},"state":{"0":"COMPLETE","1":"COMPLETE","2":"COMPLETE","3":"COMPLETE","4":"COMPLETE","5":"COMPLETE","6":"COMPLETE","7":"COMPLETE","8":"COMPLETE","9":"COMPLETE","10":"COMPLETE","11":"COMPLETE","12":"COMPLETE","13":"COMPLETE","14":"COMPLETE","15":"COMPLETE","16":"COMPLETE","17":"COMPLETE","18":"COMPLETE","19":"COMPLETE"}}