{"epochs": 75, "learning_rate": 0.0031329663617851696, "max_grad_norm": 2.3899047207853767}