{"number":{"0":0,"1":1,"2":2,"3":3,"4":4,"5":5,"6":6,"7":7,"8":8,"9":9,"10":10,"11":11,"12":12,"13":13,"14":14,"15":15,"16":16,"17":17,"18":18,"19":19},"value":{"0":0.0144999996,"1":0.0115,"2":0.0234999992,"3":0.0040000002,"4":0.0020000001,"5":0.0085000005,"6":0.0120000001,"7":0.0065000001,"8":0.0394999981,"9":0.0115,"10":0.0250000004,"11":0.0294999983,"12":0.0415000021,"13":0.0434999987,"14":0.0419999994,"15":0.0069999998,"16":0.0094999997,"17":0.0324999988,"18":0.0310000014,"19":0.0340000018},"datetime_start":{"0":1703005408289,"1":1703006008445,"2":1703006922820,"3":1703007027281,"4":1703008113897,"5":1703009387370,"6":1703009682520,"7":1703010354794,"8":1703010579659,"9":1703011292629,"10":1703012085610,"11":1703012638694,"12":1703013625419,"13":1703014145864,"14":1703014727553,"15":1703015153622,"16":1703015176701,"17":1703015198907,"18":1703015744995,"19":1703015890559},"datetime_complete":{"0":1703006008251,"1":1703006922687,"2":1703007027096,"3":1703008113753,"4":1703009387192,"5":1703009682372,"6":1703010354646,"7":1703010579447,"8":1703011292414,"9":1703012085479,"10":1703012638514,"11":1703013625284,"12":1703014145723,"13":1703014727366,"14":1703015153472,"15":1703015176527,"16":1703015198694,"17":1703015744852,"18":1703015890368,"19":1703016614741},"duration":{"0":599961,"1":914242,"2":104275,"3":1086472,"4":1273295,"5":295001,"6":672125,"7":224652,"8":712754,"9":792850,"10":552903,"11":986589,"12":520304,"13":581501,"14":425918,"15":22905,"16":21993,"17":545945,"18":145373,"19":724182},"params_epochs":{"0":75,"1":120,"2":12,"3":142,"4":167,"5":37,"6":87,"7":28,"8":92,"9":103,"10":71,"11":126,"12":67,"13":75,"14":54,"15":1,"16":1,"17":70,"18":17,"19":94},"params_learning_rate":{"0":0.0506157689,"1":0.0000008632,"2":0.01574189,"3":0.0000001329,"4":0.0000018795,"5":0.0000066904,"6":0.0000055895,"7":0.0000056607,"8":0.0051410966,"9":0.0003584986,"10":0.0100093657,"11":0.0061151201,"12":0.0028535359,"13":0.0031329664,"14":0.0035764347,"15":0.0004418442,"16":0.0000010547,"17":0.0030884523,"18":0.0037251562,"19":0.0028893383},"params_max_grad_norm":{"0":7.3735406298,"1":1.7287462993,"2":6.0909271151,"3":9.7051165512,"4":1.9818846786,"5":5.34261303,"6":6.1961583683,"7":3.7903460643,"8":2.1568030652,"9":0.6552140447,"10":1.6429906396,"11":3.5467922129,"12":3.9728146336,"13":2.3899047208,"14":2.3908570314,"15":0.2,"16":0.2,"17":2.9945968431,"18":3.8599277296,"19":0.6732711645},"state":{"0":"COMPLETE","1":"COMPLETE","2":"COMPLETE","3":"COMPLETE","4":"COMPLETE","5":"COMPLETE","6":"COMPLETE","7":"COMPLETE","8":"COMPLETE","9":"COMPLETE","10":"COMPLETE","11":"COMPLETE","12":"COMPLETE","13":"COMPLETE","14":"COMPLETE","15":"COMPLETE","16":"COMPLETE","17":"COMPLETE","18":"COMPLETE","19":"COMPLETE"}}