{"epochs": 70, "batch_size": 4500, "learning_rate": 0.0029115758629839083, "max_grad_norm": 1.2432047376499595}