{"number":{"0":0,"1":1,"2":2,"3":3,"4":4,"5":5,"6":6,"7":7,"8":8,"9":9,"10":10,"11":11,"12":12,"13":13,"14":14,"15":15,"16":16,"17":17,"18":18,"19":19},"value":{"0":0.1933333278,"1":0.0711111128,"2":0.6022222042,"3":0.1822222322,"4":0.1155555546,"5":0.200000003,"6":0.0755555555,"7":0.7866667509,"8":0.0844444484,"9":0.3866666555,"10":0.8066666722,"11":0.8000000119,"12":0.7555555701,"13":0.7933333516,"14":0.7488889098,"15":0.7999999523,"16":0.8000000715,"17":0.7977777719,"18":0.8044444919,"19":0.8177777529},"datetime_start":{"0":1702474793256,"1":1702475031056,"2":1702475379240,"3":1702475695399,"4":1702475900338,"5":1702476055223,"6":1702476310286,"7":1702476654534,"8":1702476943034,"9":1702476957724,"10":1702477198588,"11":1702477336261,"12":1702477482231,"13":1702477606477,"14":1702477745123,"15":1702477885683,"16":1702477999026,"17":1702478129219,"18":1702478259931,"19":1702478398166},"datetime_complete":{"0":1702475030914,"1":1702475379096,"2":1702475695053,"3":1702475900196,"4":1702476055051,"5":1702476310146,"6":1702476654394,"7":1702476942905,"8":1702476957582,"9":1702477198450,"10":1702477336119,"11":1702477482097,"12":1702477606326,"13":1702477744990,"14":1702477885552,"15":1702477998894,"16":1702478129085,"17":1702478259794,"18":1702478398031,"19":1702478542342},"duration":{"0":237658,"1":348039,"2":315813,"3":204797,"4":154713,"5":254922,"6":344107,"7":288370,"8":14548,"9":240725,"10":137531,"11":145836,"12":124095,"13":138513,"14":140429,"15":113210,"16":130058,"17":130575,"18":138099,"19":144175},"params_batch_size":{"0":256,"1":512,"2":512,"3":4500,"4":512,"5":4096,"6":256,"7":4500,"8":256,"9":4096,"10":4500,"11":4500,"12":4500,"13":4500,"14":4500,"15":4500,"16":4500,"17":4500,"18":4500,"19":4500},"params_epochs":{"0":75,"1":142,"2":87,"3":103,"4":61,"5":133,"6":120,"7":72,"8":2,"9":125,"10":67,"11":71,"12":60,"13":67,"14":68,"15":54,"16":63,"17":63,"18":67,"19":70},"params_learning_rate":{"0":0.01574189,"1":0.0000066904,"2":0.0051410966,"3":0.0622002598,"4":0.0285708008,"5":0.0433504539,"6":0.0000042471,"7":0.0043000016,"8":0.0000004957,"9":0.0210511805,"10":0.0026589687,"11":0.0025362944,"12":0.0012530809,"13":0.0039503765,"14":0.0013440846,"15":0.0027443866,"16":0.0027734427,"17":0.0028507459,"18":0.0028828402,"19":0.0029115759},"params_max_grad_norm":{"0":6.0909271151,"1":5.34261303,"2":2.1568030652,"3":8.1222940115,"4":2.7360438197,"5":8.9693080342,"6":8.3216275897,"7":2.147413679,"8":8.6584135736,"9":4.8277062666,"10":1.0014886917,"11":1.5169263225,"12":2.407054157,"13":1.3399922973,"14":0.93694611,"15":1.860836962,"16":1.5793505842,"17":1.2581967653,"18":1.3936143479,"19":1.2432047376},"state":{"0":"COMPLETE","1":"COMPLETE","2":"COMPLETE","3":"COMPLETE","4":"COMPLETE","5":"COMPLETE","6":"COMPLETE","7":"COMPLETE","8":"COMPLETE","9":"COMPLETE","10":"COMPLETE","11":"COMPLETE","12":"COMPLETE","13":"COMPLETE","14":"COMPLETE","15":"COMPLETE","16":"COMPLETE","17":"COMPLETE","18":"COMPLETE","19":"COMPLETE"}}