{"epochs": 125, "batch_size": 4500, "learning_rate": 0.0029174298539092337, "max_grad_norm": 1.6840853585319822}