{"number":{"0":0,"1":1,"2":2,"3":3,"4":4,"5":5,"6":6,"7":7,"8":8,"9":9,"10":10,"11":11,"12":12,"13":13,"14":14,"15":15,"16":16,"17":17,"18":18,"19":19,"20":20,"21":21,"22":22,"23":23,"24":24,"25":25,"26":26,"27":27,"28":28,"29":29,"30":30,"31":31,"32":32,"33":33,"34":34,"35":35,"36":36,"37":37,"38":38,"39":39,"40":40,"41":41,"42":42,"43":43,"44":44,"45":45,"46":46,"47":47,"48":48,"49":49},"value":{"0":0.0109999999,"1":0.0149999987,"2":0.0254999995,"3":0.0100000007,"4":0.0194999985,"5":0.0090000005,"6":0.0044999998,"7":0.0360000022,"8":0.0040000002,"9":0.0329999998,"10":0.0355000012,"11":0.0190000013,"12":0.0445000008,"13":0.0445000008,"14":0.0419999994,"15":0.0120000001,"16":0.0494999997,"17":0.0329999998,"18":0.0490000024,"19":0.0450000018,"20":0.0545000024,"21":0.0529999994,"22":0.0584999993,"23":0.0390000008,"24":0.0604999997,"25":0.0489999987,"26":0.0484999977,"27":0.0524999984,"28":0.0464999974,"29":0.0460000001,"30":0.0480000004,"31":0.0410000011,"32":0.0429999977,"33":0.0595000014,"34":0.0544999987,"35":0.0455000028,"36":0.0545000024,"37":0.0410000011,"38":0.0485000014,"39":0.0489999987,"40":0.049999997,"41":0.0434999987,"42":0.0470000058,"43":0.0490000024,"44":0.0530000031,"45":0.0524999984,"46":0.0629999936,"47":0.0349999964,"48":0.0349999964,"49":0.050499998},"datetime_start":{"0":1702566771991,"1":1702567755308,"2":1702569409424,"3":1702570422148,"4":1702571469902,"5":1702572192044,"6":1702573502679,"7":1702575044476,"8":1702575785109,"9":1702575825031,"10":1702577064518,"11":1702577777854,"12":1702578379836,"13":1702579626359,"14":1702581076471,"15":1702582474839,"16":1702583782587,"17":1702585105810,"18":1702586409726,"19":1702587763367,"20":1702589099990,"21":1702590398399,"22":1702591658286,"23":1702592857783,"24":1702593996620,"25":1702595287587,"26":1702596600445,"27":1702597909785,"28":1702599204234,"29":1702600495477,"30":1702601788145,"31":1702603070798,"32":1702604358373,"33":1702605670448,"34":1702606958840,"35":1702608247086,"36":1702609523388,"37":1702610810066,"38":1702612083397,"39":1702613391030,"40":1702614686179,"41":1702615979036,"42":1702617276127,"43":1702618565124,"44":1702619855219,"45":1702621131884,"46":1702622410806,"47":1702623673590,"48":1702624907676,"49":1702626272076},"datetime_complete":{"0":1702567755133,"1":1702569409265,"2":1702570422001,"3":1702571469761,"4":1702572191909,"5":1702573502520,"6":1702575044325,"7":1702575784950,"8":1702575824879,"9":1702577064373,"10":1702577777722,"11":1702578379700,"12":1702579626217,"13":1702581076338,"14":1702582474690,"15":1702583782433,"16":1702585105665,"17":1702586409578,"18":1702587763222,"19":1702589099846,"20":1702590398249,"21":1702591658123,"22":1702592857638,"23":1702593996461,"24":1702595287440,"25":1702596600275,"26":1702597909638,"27":1702599204087,"28":1702600495311,"29":1702601787985,"30":1702603070656,"31":1702604358206,"32":1702605670278,"33":1702606958676,"34":1702608246915,"35":1702609523220,"36":1702610809919,"37":1702612083243,"38":1702613390875,"39":1702614686031,"40":1702615978887,"41":1702617275981,"42":1702618564965,"43":1702619855061,"44":1702621131734,"45":1702622410631,"46":1702623673430,"47":1702624907481,"48":1702626271903,"49":1702627508039},"duration":{"0":983142,"1":1653956,"2":1012576,"3":1047613,"4":722006,"5":1310475,"6":1541646,"7":740474,"8":39770,"9":1239342,"10":713204,"11":601845,"12":1246380,"13":1449978,"14":1398218,"15":1307594,"16":1323077,"17":1303768,"18":1353495,"19":1336479,"20":1298259,"21":1259724,"22":1199352,"23":1138677,"24":1290820,"25":1312687,"26":1309192,"27":1294301,"28":1291077,"29":1292507,"30":1282510,"31":1287408,"32":1311905,"33":1288227,"34":1288075,"35":1276134,"36":1286531,"37":1273177,"38":1307477,"39":1295001,"40":1292707,"41":1296944,"42":1288838,"43":1289937,"44":1276514,"45":1278747,"46":1262623,"47":1233891,"48":1364226,"49":1235962},"params_batch_size":{"0":256,"1":512,"2":512,"3":4500,"4":512,"5":4096,"6":256,"7":4500,"8":256,"9":4096,"10":4500,"11":4500,"12":4500,"13":4500,"14":4500,"15":4500,"16":4500,"17":4500,"18":4500,"19":4500,"20":4500,"21":4500,"22":4500,"23":4500,"24":4500,"25":4500,"26":4500,"27":4500,"28":4500,"29":4500,"30":4500,"31":4500,"32":4500,"33":4500,"34":4500,"35":4500,"36":4500,"37":4500,"38":4500,"39":4500,"40":4500,"41":4500,"42":4500,"43":4500,"44":4500,"45":4500,"46":4500,"47":4500,"48":4500,"49":4500},"params_epochs":{"0":75,"1":142,"2":87,"3":103,"4":61,"5":133,"6":120,"7":72,"8":2,"9":125,"10":70,"11":59,"12":123,"13":142,"14":138,"15":129,"16":131,"17":129,"18":134,"19":132,"20":129,"21":125,"22":119,"23":112,"24":128,"25":130,"26":128,"27":128,"28":127,"29":128,"30":127,"31":127,"32":130,"33":127,"34":127,"35":126,"36":127,"37":126,"38":129,"39":128,"40":128,"41":128,"42":128,"43":127,"44":127,"45":126,"46":125,"47":122,"48":135,"49":122},"params_learning_rate":{"0":0.01574189,"1":0.0000066904,"2":0.0051410966,"3":0.0622002598,"4":0.0285708008,"5":0.0433504539,"6":0.0000042471,"7":0.0043000016,"8":0.0000004957,"9":0.0210511805,"10":0.0027965611,"11":0.0033612261,"12":0.0038411322,"13":0.0042782956,"14":0.0029197623,"15":0.0329436609,"16":0.0021469921,"17":0.0012724443,"18":0.002751834,"19":0.0026384156,"20":0.0028935656,"21":0.0028390908,"22":0.0028337603,"23":0.002678525,"24":0.0028181604,"25":0.0026122212,"26":0.002719474,"27":0.0027917788,"28":0.0027952325,"29":0.0028545865,"30":0.0028565046,"31":0.002871286,"32":0.0027928597,"33":0.0028302241,"34":0.0027860569,"35":0.0027597464,"36":0.0028110051,"37":0.0028045259,"38":0.0028008701,"39":0.0028235926,"40":0.0028425637,"41":0.0028603893,"42":0.0028399521,"43":0.002851481,"44":0.0028657179,"45":0.002889152,"46":0.0029174299,"47":0.0029467507,"48":0.0026715102,"49":0.002826553},"params_max_grad_norm":{"0":6.0909271151,"1":5.34261303,"2":2.1568030652,"3":8.1222940115,"4":2.7360438197,"5":8.9693080342,"6":8.3216275897,"7":2.147413679,"8":8.6584135736,"9":4.8277062666,"10":1.0788375145,"11":1.7315222401,"12":1.0104923641,"13":0.8598014986,"14":1.1223475327,"15":0.6402489703,"16":0.5982355796,"17":0.2,"18":1.5264413666,"19":2.0911461835,"20":1.5711386351,"21":1.8477445747,"22":1.9590952933,"23":2.2508774605,"24":1.8320634344,"25":1.9249278075,"26":1.8507273981,"27":1.8168735611,"28":1.7575268207,"29":1.8131981747,"30":1.8125520164,"31":1.7936913198,"32":1.8852921027,"33":1.778076111,"34":1.7708412687,"35":1.725008956,"36":1.7758740276,"37":1.7400007999,"38":1.8682432094,"39":1.8380199842,"40":1.8161171892,"41":1.7986986783,"42":1.7954216407,"43":1.7785483647,"44":1.7616173058,"45":1.7300818564,"46":1.6840853585,"47":1.5652712709,"48":2.0871661683,"49":1.5604431415},"state":{"0":"COMPLETE","1":"COMPLETE","2":"COMPLETE","3":"COMPLETE","4":"COMPLETE","5":"COMPLETE","6":"COMPLETE","7":"COMPLETE","8":"COMPLETE","9":"COMPLETE","10":"COMPLETE","11":"COMPLETE","12":"COMPLETE","13":"COMPLETE","14":"COMPLETE","15":"COMPLETE","16":"COMPLETE","17":"COMPLETE","18":"COMPLETE","19":"COMPLETE","20":"COMPLETE","21":"COMPLETE","22":"COMPLETE","23":"COMPLETE","24":"COMPLETE","25":"COMPLETE","26":"COMPLETE","27":"COMPLETE","28":"COMPLETE","29":"COMPLETE","30":"COMPLETE","31":"COMPLETE","32":"COMPLETE","33":"COMPLETE","34":"COMPLETE","35":"COMPLETE","36":"COMPLETE","37":"COMPLETE","38":"COMPLETE","39":"COMPLETE","40":"COMPLETE","41":"COMPLETE","42":"COMPLETE","43":"COMPLETE","44":"COMPLETE","45":"COMPLETE","46":"COMPLETE","47":"COMPLETE","48":"COMPLETE","49":"COMPLETE"}}