{"epochs": 73, "batch_size": 4500, "learning_rate": 0.002728711828044748, "max_grad_norm": 1.3350357621922186}