{"number":{"0":0,"1":1,"2":2,"3":3,"4":4,"5":5,"6":6,"7":7,"8":8,"9":9,"10":10,"11":11,"12":12,"13":13,"14":14,"15":15,"16":16,"17":17,"18":18,"19":19},"value":{"0":0.1222222224,"1":0.177777797,"2":0.8000000119,"3":0.1066666692,"4":0.1111111119,"5":0.1311111152,"6":0.1822222322,"7":0.8888889551,"8":0.1533333361,"9":0.8000000119,"10":0.8977777362,"11":0.9022222757,"12":0.866666615,"13":0.8933333158,"14":0.8755555153,"15":0.8999999762,"16":0.8955556154,"17":0.9000000358,"18":0.9022222161,"19":0.9022222757},"datetime_start":{"0":1702474788294,"1":1702475194294,"2":1702475852396,"3":1702476257927,"4":1702476681654,"5":1702477084510,"6":1702477620765,"7":1702478225805,"8":1702478525868,"9":1702478547954,"10":1702479052349,"11":1702479334967,"12":1702479640428,"13":1702480134165,"14":1702480382218,"15":1702480748356,"16":1702481068774,"17":1702481380872,"18":1702481681291,"19":1702481978036},"datetime_complete":{"0":1702475194162,"1":1702475852250,"2":1702476257762,"3":1702476681512,"4":1702477084362,"5":1702477620589,"6":1702478225623,"7":1702478525688,"8":1702478547747,"9":1702479052214,"10":1702479334813,"11":1702479640273,"12":1702480134029,"13":1702480382083,"14":1702480748200,"15":1702481068624,"16":1702481380737,"17":1702481681151,"18":1702481977852,"19":1702482273438},"duration":{"0":405868,"1":657955,"2":405365,"3":423584,"4":402707,"5":536079,"6":604857,"7":299882,"8":21879,"9":504259,"10":282464,"11":305306,"12":493600,"13":247918,"14":365981,"15":320268,"16":311962,"17":300278,"18":296561,"19":295402},"params_batch_size":{"0":256,"1":512,"2":512,"3":4500,"4":512,"5":4096,"6":256,"7":4500,"8":256,"9":4096,"10":4500,"11":4500,"12":512,"13":4500,"14":4500,"15":4500,"16":4500,"17":4500,"18":4500,"19":4500},"params_epochs":{"0":75,"1":142,"2":87,"3":103,"4":61,"5":133,"6":120,"7":72,"8":2,"9":125,"10":67,"11":73,"12":106,"13":59,"14":88,"15":77,"16":75,"17":72,"18":71,"19":71},"params_learning_rate":{"0":0.01574189,"1":0.0000066904,"2":0.0051410966,"3":0.0622002598,"4":0.0285708008,"5":0.0433504539,"6":0.0000042471,"7":0.0043000016,"8":0.0000004957,"9":0.0210511805,"10":0.0025192651,"11":0.0027287118,"12":0.0015846608,"13":0.0034723894,"14":0.0069321027,"15":0.003822409,"16":0.0032280214,"17":0.0027907305,"18":0.0024297969,"19":0.0024568437},"params_max_grad_norm":{"0":6.0909271151,"1":5.34261303,"2":2.1568030652,"3":8.1222940115,"4":2.7360438197,"5":8.9693080342,"6":8.3216275897,"7":2.147413679,"8":8.6584135736,"9":4.8277062666,"10":0.9255993534,"11":1.3350357622,"12":1.6492654301,"13":1.4466542912,"14":0.4095786863,"15":1.0729684505,"16":1.1612653234,"17":1.3029120515,"18":1.3671525339,"19":1.3454902477},"state":{"0":"COMPLETE","1":"COMPLETE","2":"COMPLETE","3":"COMPLETE","4":"COMPLETE","5":"COMPLETE","6":"COMPLETE","7":"COMPLETE","8":"COMPLETE","9":"COMPLETE","10":"COMPLETE","11":"COMPLETE","12":"COMPLETE","13":"COMPLETE","14":"COMPLETE","15":"COMPLETE","16":"COMPLETE","17":"COMPLETE","18":"COMPLETE","19":"COMPLETE"}}