{"epochs": 130, "batch_size": 4096, "sample_rate": null, "learning_rate": 0.00046647444607293996, "noise_multiplier": null, "max_grad_norm": 1.9622523668125513, "target_epsilon": 2.0, "privacy": true}