{"epochs": 54, "learning_rate": 0.00317774652022284, "max_grad_norm": 1.1939888119541215}