{"number":{"0":0,"1":1,"2":2,"3":3,"4":4,"5":5,"6":6,"7":7,"8":8,"9":9,"10":10,"11":11,"12":12,"13":13,"14":14,"15":15,"16":16,"17":17,"18":18,"19":19},"value":{"0":0.2422222197,"1":0.0888888836,"2":0.851111114,"3":0.0399999991,"4":0.0977777839,"5":0.12666668,"6":0.0799999982,"7":0.0977777839,"8":0.8755555749,"9":0.8288888931,"10":0.8799999952,"11":0.9022222161,"12":0.8955556154,"13":0.2599999905,"14":0.8777777553,"15":0.9088888168,"16":0.7977777719,"17":0.8866666555,"18":0.8777778149,"19":0.8999999762},"datetime_start":{"0":1703005407940,"1":1703005748371,"2":1703006238502,"3":1703006296280,"4":1703006875568,"5":1703007554021,"6":1703007714095,"7":1703008072019,"8":1703008193637,"9":1703008572479,"10":1703008994643,"11":1703009053087,"12":1703009356079,"13":1703009644149,"14":1703009658081,"15":1703009841561,"16":1703010067979,"17":1703010151202,"18":1703010409220,"19":1703010603224},"datetime_complete":{"0":1703005748185,"1":1703006238372,"2":1703006296100,"3":1703006875436,"4":1703007553863,"5":1703007713965,"6":1703008071863,"7":1703008193467,"8":1703008572320,"9":1703008994498,"10":1703009052956,"11":1703009355884,"12":1703009644014,"13":1703009657952,"14":1703009841428,"15":1703010067785,"16":1703010151028,"17":1703010409087,"18":1703010603091,"19":1703011053520},"duration":{"0":340245,"1":490000,"2":57597,"3":579155,"4":678295,"5":159944,"6":357767,"7":121447,"8":378683,"9":422019,"10":58312,"11":302796,"12":287935,"13":13802,"14":183346,"15":226224,"16":83048,"17":257884,"18":193870,"19":450295},"params_epochs":{"0":75,"1":120,"2":12,"3":142,"4":167,"5":37,"6":87,"7":28,"8":92,"9":103,"10":12,"11":73,"12":69,"13":1,"14":43,"15":54,"16":18,"17":62,"18":46,"19":110},"params_learning_rate":{"0":0.0506157689,"1":0.0000008632,"2":0.01574189,"3":0.0000001329,"4":0.0000018795,"5":0.0000066904,"6":0.0000055895,"7":0.0000056607,"8":0.0051410966,"9":0.0003584986,"10":0.0044621726,"11":0.0023184993,"12":0.0015525215,"13":0.0036986419,"14":0.0092538584,"15":0.0031777465,"16":0.0338143039,"17":0.0029825503,"18":0.000928519,"19":0.0011101605},"params_max_grad_norm":{"0":7.3735406298,"1":1.7287462993,"2":6.0909271151,"3":9.7051165512,"4":1.9818846786,"5":5.34261303,"6":6.1961583683,"7":3.7903460643,"8":2.1568030652,"9":0.6552140447,"10":3.1362114683,"11":0.231808213,"12":2.4656030976,"13":5.8078540232,"14":1.2848650796,"15":1.193988812,"16":2.615884954,"17":1.3121267285,"18":0.5032150598,"19":1.1050554237},"state":{"0":"COMPLETE","1":"COMPLETE","2":"COMPLETE","3":"COMPLETE","4":"COMPLETE","5":"COMPLETE","6":"COMPLETE","7":"COMPLETE","8":"COMPLETE","9":"COMPLETE","10":"COMPLETE","11":"COMPLETE","12":"COMPLETE","13":"COMPLETE","14":"COMPLETE","15":"COMPLETE","16":"COMPLETE","17":"COMPLETE","18":"COMPLETE","19":"COMPLETE"}}