{"epochs": 45, "learning_rate": 0.005225083589935301, "max_grad_norm": 2.0056504416161496}