{"number":{"0":0,"1":1,"2":2,"3":3,"4":4,"5":5,"6":6,"7":7,"8":8,"9":9,"10":10,"11":11,"12":12,"13":13,"14":14,"15":15,"16":16,"17":17,"18":18,"19":19},"value":{"0":0.1333333254,"1":0.1000000015,"2":0.8288888931,"3":0.1155555621,"4":0.1022222191,"5":0.1000000089,"6":0.0711111128,"7":0.0888888836,"8":0.8288888931,"9":0.4022222161,"10":0.8444445133,"11":0.4688888788,"12":0.7977777719,"13":0.8222222328,"14":0.6022222042,"15":0.8577777743,"16":0.6911110878,"17":0.8488888741,"18":0.835555613,"19":0.8022222519},"datetime_start":{"0":1703004980408,"1":1703005197659,"2":1703005498375,"3":1703005542833,"4":1703005895954,"5":1703006310411,"6":1703006415398,"7":1703006637692,"8":1703006720631,"9":1703006955280,"10":1703007216282,"11":1703007268792,"12":1703007287907,"13":1703007390120,"14":1703007520478,"15":1703007540277,"16":1703007664232,"17":1703007685995,"18":1703007837839,"19":1703008006396},"datetime_complete":{"0":1703005197520,"1":1703005498206,"2":1703005542625,"3":1703005895758,"4":1703006310272,"5":1703006415242,"6":1703006637500,"7":1703006720459,"8":1703006955128,"9":1703007216148,"10":1703007268630,"11":1703007287768,"12":1703007389957,"13":1703007520306,"14":1703007540063,"15":1703007664077,"16":1703007685820,"17":1703007837699,"18":1703008006189,"19":1703008128013},"duration":{"0":217112,"1":300546,"2":44250,"3":352925,"4":414317,"5":104831,"6":222101,"7":82766,"8":234497,"9":260868,"10":52348,"11":18976,"12":102050,"13":130185,"14":19584,"15":123800,"16":21588,"17":151703,"18":168349,"19":121617},"params_epochs":{"0":75,"1":120,"2":12,"3":142,"4":167,"5":37,"6":87,"7":28,"8":92,"9":103,"10":15,"11":1,"12":36,"13":48,"14":1,"15":45,"16":2,"17":57,"18":64,"19":44},"params_learning_rate":{"0":0.0506157689,"1":0.0000008632,"2":0.01574189,"3":0.0000001329,"4":0.0000018795,"5":0.0000066904,"6":0.0000055895,"7":0.0000056607,"8":0.0051410966,"9":0.0003584986,"10":0.0069592015,"11":0.0059569243,"12":0.0176831941,"13":0.0082112035,"14":0.0295876838,"15":0.0052250836,"16":0.0107360747,"17":0.005972529,"18":0.0073529087,"19":0.0102907615},"params_max_grad_norm":{"0":7.3735406298,"1":1.7287462993,"2":6.0909271151,"3":9.7051165512,"4":1.9818846786,"5":5.34261303,"6":6.1961583683,"7":3.7903460643,"8":2.1568030652,"9":0.6552140447,"10":3.8167440125,"11":6.0726546522,"12":2.4764444845,"13":2.986912085,"14":3.6098388497,"15":2.0056504416,"16":2.8196936686,"17":2.9013404896,"18":1.1695816408,"19":3.8093655944},"state":{"0":"COMPLETE","1":"COMPLETE","2":"COMPLETE","3":"COMPLETE","4":"COMPLETE","5":"COMPLETE","6":"COMPLETE","7":"COMPLETE","8":"COMPLETE","9":"COMPLETE","10":"COMPLETE","11":"COMPLETE","12":"COMPLETE","13":"COMPLETE","14":"COMPLETE","15":"COMPLETE","16":"COMPLETE","17":"COMPLETE","18":"COMPLETE","19":"COMPLETE"}}