{"epochs": 94, "batch_size": 4500, "learning_rate": 0.002715362673658919, "max_grad_norm": 2.9766621834187434}