{"number":{"0":0,"1":1,"2":2,"3":3,"4":4,"5":5,"6":6,"7":7,"8":8,"9":9,"10":10,"11":11,"12":12,"13":13,"14":14,"15":15,"16":16,"17":17,"18":18,"19":19,"20":20,"21":21,"22":22,"23":23,"24":24,"25":25,"26":26,"27":27,"28":28,"29":29,"30":30,"31":31,"32":32,"33":33,"34":34,"35":35,"36":36,"37":37,"38":38,"39":39,"40":40,"41":41,"42":42,"43":43,"44":44,"45":45,"46":46,"47":47,"48":48,"49":49},"value":{"0":0.0085000005,"1":0.0125000002,"2":0.0219999999,"3":0.0130000003,"4":0.0089999996,"5":0.0094999997,"6":0.0049999999,"7":0.0679999962,"8":0.0090000005,"9":0.0044999998,"10":0.0450000018,"11":0.0529999994,"12":0.0480000004,"13":0.0459999964,"14":0.0060000001,"15":0.0549999997,"16":0.0529999994,"17":0.049999997,"18":0.0335000008,"19":0.0600000024,"20":0.0820000023,"21":0.0309999995,"22":0.0505000018,"23":0.0495000035,"24":0.0455000028,"25":0.057500001,"26":0.0595000014,"27":0.0539999977,"28":0.0494999997,"29":0.0515000001,"30":0.0670000017,"31":0.0569999963,"32":0.0515000001,"33":0.057,"34":0.0515000001,"35":0.049999997,"36":0.0520000011,"37":0.0734999999,"38":0.0675000027,"39":0.0535000004,"40":0.063000001,"41":0.0484999977,"42":0.0529999994,"43":0.0450000018,"44":0.0615000017,"45":0.0515000001,"46":0.0530000031,"47":0.0485000014,"48":0.0364999995,"49":0.0485000014},"datetime_start":{"0":1702564941907,"1":1702565741195,"2":1702567099528,"3":1702567941124,"4":1702568806415,"5":1702569406586,"6":1702570484410,"7":1702571746187,"8":1702572357112,"9":1702572399029,"10":1702573423765,"11":1702573993624,"12":1702574628987,"13":1702575565720,"14":1702576061983,"15":1702576668929,"16":1702577245139,"17":1702577879996,"18":1702578494227,"19":1702579119725,"20":1702579823987,"21":1702580609235,"22":1702581506392,"23":1702582325755,"24":1702583118902,"25":1702583882925,"26":1702584633142,"27":1702585384076,"28":1702586135220,"29":1702586885946,"30":1702587634889,"31":1702588373388,"32":1702589122727,"33":1702589862389,"34":1702590615862,"35":1702591366485,"36":1702592112737,"37":1702592854884,"38":1702593598752,"39":1702594351157,"40":1702595106966,"41":1702595858504,"42":1702596608043,"43":1702597363439,"44":1702598121223,"45":1702598872083,"46":1702599630782,"47":1702600384489,"48":1702601133203,"49":1702601894730},"datetime_complete":{"0":1702565741018,"1":1702567099369,"2":1702567940966,"3":1702568806281,"4":1702569406431,"5":1702570484279,"6":1702571746032,"7":1702572356947,"8":1702572398876,"9":1702573423612,"10":1702573993462,"11":1702574628844,"12":1702575565519,"13":1702576061825,"14":1702576668788,"15":1702577244988,"16":1702577879824,"17":1702578494064,"18":1702579119588,"19":1702579823837,"20":1702580609075,"21":1702581506255,"22":1702582325581,"23":1702583118755,"24":1702583882754,"25":1702584632979,"26":1702585383875,"27":1702586135082,"28":1702586885794,"29":1702587634750,"30":1702588373201,"31":1702589122564,"32":1702589862233,"33":1702590615707,"34":1702591366333,"35":1702592112581,"36":1702592854722,"37":1702593598602,"38":1702594350986,"39":1702595106811,"40":1702595858344,"41":1702596607015,"42":1702597363283,"43":1702598121070,"44":1702598871932,"45":1702599630628,"46":1702600384339,"47":1702601133015,"48":1702601894579,"49":1702602647301},"duration":{"0":799110,"1":1358174,"2":841438,"3":865157,"4":600016,"5":1077692,"6":1261622,"7":610760,"8":41763,"9":1024583,"10":569696,"11":635219,"12":936532,"13":496105,"14":606804,"15":576058,"16":634684,"17":614068,"18":625361,"19":704112,"20":785088,"21":897019,"22":819189,"23":792999,"24":763851,"25":750054,"26":750732,"27":751006,"28":750574,"29":748803,"30":738311,"31":749176,"32":739506,"33":753318,"34":750471,"35":746096,"36":741985,"37":743718,"38":752233,"39":755653,"40":751378,"41":748510,"42":755240,"43":757631,"44":750709,"45":758545,"46":753556,"47":748526,"48":761376,"49":752570},"params_batch_size":{"0":256,"1":512,"2":512,"3":4500,"4":512,"5":4096,"6":256,"7":4500,"8":256,"9":4096,"10":4500,"11":4500,"12":4500,"13":4500,"14":4500,"15":4500,"16":4500,"17":4500,"18":4500,"19":4500,"20":4500,"21":4500,"22":4500,"23":4500,"24":4500,"25":4500,"26":4500,"27":4500,"28":4500,"29":4500,"30":4500,"31":4500,"32":4500,"33":4500,"34":4500,"35":4500,"36":4500,"37":4500,"38":4500,"39":4500,"40":4500,"41":4500,"42":4500,"43":4500,"44":4500,"45":4500,"46":4500,"47":4500,"48":4500,"49":4500},"params_epochs":{"0":75,"1":142,"2":87,"3":103,"4":61,"5":133,"6":120,"7":72,"8":2,"9":125,"10":67,"11":75,"12":113,"13":58,"14":71,"15":68,"16":75,"17":73,"18":74,"19":83,"20":94,"21":107,"22":98,"23":94,"24":91,"25":88,"26":89,"27":89,"28":89,"29":89,"30":88,"31":89,"32":88,"33":89,"34":89,"35":89,"36":88,"37":88,"38":89,"39":89,"40":89,"41":89,"42":89,"43":89,"44":89,"45":89,"46":89,"47":88,"48":89,"49":88},"params_learning_rate":{"0":0.01574189,"1":0.0000066904,"2":0.0051410966,"3":0.0622002598,"4":0.0285708008,"5":0.0433504539,"6":0.0000042471,"7":0.0043000016,"8":0.0000004957,"9":0.0210511805,"10":0.0026925708,"11":0.0069774892,"12":0.0053337807,"13":0.0026852707,"14":0.0901393027,"15":0.0059324944,"16":0.0050164706,"17":0.0050820145,"18":0.0049376475,"19":0.0036405985,"20":0.0027153627,"21":0.0008951963,"22":0.003112767,"23":0.0030802625,"24":0.0031663659,"25":0.0032136124,"26":0.0032369046,"27":0.0032565287,"28":0.0032879893,"29":0.0033018892,"30":0.0033290788,"31":0.003309188,"32":0.0033309931,"33":0.0033330841,"34":0.0033541788,"35":0.0033545795,"36":0.0033607425,"37":0.0033765796,"38":0.0033273093,"39":0.0033235893,"40":0.003326506,"41":0.0033421639,"42":0.0033038347,"43":0.0033181645,"44":0.003333816,"45":0.0033300317,"46":0.0033456893,"47":0.003356642,"48":0.0033653696,"49":0.0033386403},"params_max_grad_norm":{"0":6.0909271151,"1":5.34261303,"2":2.1568030652,"3":8.1222940115,"4":2.7360438197,"5":8.9693080342,"6":8.3216275897,"7":2.147413679,"8":8.6584135736,"9":4.8277062666,"10":1.0904000014,"11":3.2629780682,"12":2.2070142953,"13":2.6531699213,"14":1.8452571927,"15":1.7921245164,"16":2.3644806633,"17":2.3025852919,"18":2.348516633,"19":2.45169709,"20":2.9766621834,"21":4.0249887058,"22":2.9610586204,"23":2.6868168561,"24":2.7128318134,"25":2.633298521,"26":2.684538728,"27":2.7528881812,"28":2.7663193659,"29":2.6947029842,"30":2.6973941975,"31":2.7839455603,"32":2.8313344985,"33":2.7583229731,"34":2.7971770961,"35":2.7523762911,"36":2.7187942558,"37":2.7176480607,"38":2.7581009863,"39":2.8338543095,"40":2.8022629981,"41":2.8891228031,"42":2.7126351282,"43":2.72997483,"44":2.7067212778,"45":2.7079990568,"46":2.7236390434,"47":2.7305011793,"48":2.7101454632,"49":2.6685706202},"state":{"0":"COMPLETE","1":"COMPLETE","2":"COMPLETE","3":"COMPLETE","4":"COMPLETE","5":"COMPLETE","6":"COMPLETE","7":"COMPLETE","8":"COMPLETE","9":"COMPLETE","10":"COMPLETE","11":"COMPLETE","12":"COMPLETE","13":"COMPLETE","14":"COMPLETE","15":"COMPLETE","16":"COMPLETE","17":"COMPLETE","18":"COMPLETE","19":"COMPLETE","20":"COMPLETE","21":"COMPLETE","22":"COMPLETE","23":"COMPLETE","24":"COMPLETE","25":"COMPLETE","26":"COMPLETE","27":"COMPLETE","28":"COMPLETE","29":"COMPLETE","30":"COMPLETE","31":"COMPLETE","32":"COMPLETE","33":"COMPLETE","34":"COMPLETE","35":"COMPLETE","36":"COMPLETE","37":"COMPLETE","38":"COMPLETE","39":"COMPLETE","40":"COMPLETE","41":"COMPLETE","42":"COMPLETE","43":"COMPLETE","44":"COMPLETE","45":"COMPLETE","46":"COMPLETE","47":"COMPLETE","48":"COMPLETE","49":"COMPLETE"}}