{"epochs": 52, "batch_size": 4500, "learning_rate": 0.003443351075426822, "max_grad_norm": 1.6105083948092678}