{"number":{"0":0,"1":1,"2":2,"3":3,"4":4,"5":5,"6":6,"7":7,"8":8,"9":9,"10":10,"11":11,"12":12,"13":13,"14":14,"15":15,"16":16,"17":17,"18":18,"19":19,"20":20,"21":21,"22":22,"23":23,"24":24,"25":25,"26":26,"27":27,"28":28,"29":29,"30":30,"31":31,"32":32,"33":33,"34":34,"35":35,"36":36,"37":37,"38":38,"39":39,"40":40,"41":41,"42":42,"43":43,"44":44,"45":45,"46":46,"47":47,"48":48,"49":49},"value":{"0":0.2911111116,"1":0.1577777863,"2":0.8111111522,"3":0.3888888955,"4":0.3000000119,"5":0.3955555558,"6":0.1222222224,"7":0.9066666961,"8":0.0844444484,"9":0.7088888884,"10":0.9155555964,"11":0.908888936,"12":0.8911111355,"13":0.9111111164,"14":0.9044444561,"15":0.8955555558,"16":0.6622222066,"17":0.9155555964,"18":0.9066666365,"19":0.9177777767,"20":0.9177777767,"21":0.9222222567,"22":0.8977777958,"23":0.9155555367,"24":0.9222221971,"25":0.9177777767,"26":0.9200000167,"27":0.9155555367,"28":0.9022221565,"29":0.9155555964,"30":0.8777777553,"31":0.8977777958,"32":0.9133332968,"33":0.8911111355,"34":0.9111111164,"35":0.9177777767,"36":0.9155555964,"37":0.8999999762,"38":0.9088888764,"39":0.9066666365,"40":0.9133333564,"41":0.908888936,"42":0.9088888764,"43":0.9133332968,"44":0.9222222567,"45":0.9133332968,"46":0.9200000763,"47":0.911111176,"48":0.9111110568,"49":0.9155555964},"datetime_start":{"0":1702566772088,"1":1702567008824,"2":1702567356685,"3":1702567572750,"4":1702567778450,"5":1702567932897,"6":1702568188556,"7":1702568527392,"8":1702568674515,"9":1702568690326,"10":1702568929172,"11":1702569070670,"12":1702569207668,"13":1702569343302,"14":1702569493585,"15":1702569773077,"16":1702569925857,"17":1702570182159,"18":1702570286110,"19":1702570406716,"20":1702570518017,"21":1702570629534,"22":1702570739337,"23":1702570825186,"24":1702570944225,"25":1702571064811,"26":1702571183271,"27":1702571370253,"28":1702571490030,"29":1702571747898,"30":1702571872270,"31":1702572148916,"32":1702572299501,"33":1702572421194,"34":1702572642680,"35":1702572952653,"36":1702573071699,"37":1702573192486,"38":1702573462832,"39":1702573795901,"40":1702574072830,"41":1702574341066,"42":1702574621006,"43":1702574875587,"44":1702575121302,"45":1702575328747,"46":1702575505851,"47":1702575764063,"48":1702576003611,"49":1702576260229},"datetime_complete":{"0":1702567008687,"1":1702567356542,"2":1702567572589,"3":1702567778316,"4":1702567932759,"5":1702568188409,"6":1702568527255,"7":1702568674386,"8":1702568690155,"9":1702568929039,"10":1702569070510,"11":1702569207539,"12":1702569343172,"13":1702569493436,"14":1702569772930,"15":1702569925722,"16":1702570182003,"17":1702570285971,"18":1702570406586,"19":1702570517867,"20":1702570629393,"21":1702570739183,"22":1702570825056,"23":1702570944082,"24":1702571064680,"25":1702571183142,"26":1702571370075,"27":1702571489875,"28":1702571747751,"29":1702571872122,"30":1702572148765,"31":1702572299355,"32":1702572421064,"33":1702572642539,"34":1702572952512,"35":1702573071569,"36":1702573192339,"37":1702573462690,"38":1702573795755,"39":1702574072697,"40":1702574340916,"41":1702574620871,"42":1702574875439,"43":1702575121124,"44":1702575328616,"45":1702575505707,"46":1702575763930,"47":1702576003457,"48":1702576260097,"49":1702576519294},"duration":{"0":236598,"1":347718,"2":215904,"3":205566,"4":154308,"5":255511,"6":338699,"7":146993,"8":15640,"9":238712,"10":141337,"11":136868,"12":135504,"13":150133,"14":279345,"15":152644,"16":256145,"17":103812,"18":120475,"19":111151,"20":111375,"21":109648,"22":85718,"23":118895,"24":120454,"25":118330,"26":186803,"27":119621,"28":257721,"29":124223,"30":276495,"31":150439,"32":121563,"33":221345,"34":309832,"35":118916,"36":120640,"37":270203,"38":332923,"39":276795,"40":268085,"41":279805,"42":254433,"43":245537,"44":207314,"45":176960,"46":258079,"47":239394,"48":256486,"49":259064},"params_batch_size":{"0":256,"1":512,"2":512,"3":4500,"4":512,"5":4096,"6":256,"7":4500,"8":256,"9":4096,"10":4500,"11":4500,"12":4500,"13":4500,"14":512,"15":4500,"16":512,"17":4500,"18":4500,"19":4500,"20":4500,"21":4500,"22":4500,"23":4500,"24":4500,"25":4500,"26":4500,"27":4500,"28":512,"29":4500,"30":512,"31":512,"32":4500,"33":512,"34":512,"35":4500,"36":4500,"37":512,"38":512,"39":512,"40":512,"41":512,"42":512,"43":512,"44":512,"45":512,"46":512,"47":512,"48":512,"49":512},"params_epochs":{"0":75,"1":142,"2":87,"3":103,"4":61,"5":133,"6":120,"7":72,"8":2,"9":125,"10":69,"11":67,"12":66,"13":73,"14":113,"15":75,"16":103,"17":49,"18":58,"19":53,"20":53,"21":52,"22":39,"23":57,"24":58,"25":57,"26":58,"27":57,"28":104,"29":58,"30":112,"31":59,"32":58,"33":89,"34":126,"35":57,"36":58,"37":109,"38":136,"39":112,"40":108,"41":114,"42":102,"43":98,"44":83,"45":70,"46":104,"47":95,"48":103,"49":104},"params_learning_rate":{"0":0.01574189,"1":0.0000066904,"2":0.0051410966,"3":0.0622002598,"4":0.0285708008,"5":0.0433504539,"6":0.0000042471,"7":0.0043000016,"8":0.0000004957,"9":0.0210511805,"10":0.0028159064,"11":0.0022079873,"12":0.0070501532,"13":0.002089159,"14":0.0014791619,"15":0.0032192263,"16":0.0095789859,"17":0.0027008678,"18":0.0021725498,"19":0.003319802,"20":0.0032279185,"21":0.0034433511,"22":0.0053344975,"23":0.0031941811,"24":0.0030966119,"25":0.0032435722,"26":0.0032884359,"27":0.0034315786,"28":0.0009148618,"29":0.0032786965,"30":0.0017359422,"31":0.0013179994,"32":0.0033444159,"33":0.0012931489,"34":0.0007385281,"35":0.002986459,"36":0.0032919687,"37":0.0009947844,"38":0.0009865044,"39":0.0009501062,"40":0.0009927345,"41":0.0010380447,"42":0.0009231349,"43":0.0008630458,"44":0.000785132,"45":0.0006720177,"46":0.0010468557,"47":0.0010954562,"48":0.0009907859,"49":0.0009945216},"params_max_grad_norm":{"0":6.0909271151,"1":5.34261303,"2":2.1568030652,"3":8.1222940115,"4":2.7360438197,"5":8.9693080342,"6":8.3216275897,"7":2.147413679,"8":8.6584135736,"9":4.8277062666,"10":0.8426622682,"11":1.6444404875,"12":1.2337559004,"13":1.2381131333,"14":0.8990962044,"15":1.2422173728,"16":0.2,"17":1.0630762215,"18":0.7113917168,"19":1.6114420121,"20":1.5418201563,"21":1.6105083948,"22":2.4216856944,"23":1.3458073129,"24":1.3342741873,"25":1.3652998885,"26":1.352689246,"27":1.3327396629,"28":1.9383572057,"29":1.444675024,"30":2.3672821003,"31":1.1017191596,"32":1.4669831778,"33":1.3842879227,"34":0.8290801422,"35":1.7284713562,"36":1.4414334222,"37":1.0143579366,"38":1.0197014645,"39":0.9133898984,"40":0.6991906999,"41":0.2,"42":0.5674110558,"43":0.6655859128,"44":0.25254764,"45":0.2,"46":0.2,"47":0.2,"48":0.2,"49":0.2},"state":{"0":"COMPLETE","1":"COMPLETE","2":"COMPLETE","3":"COMPLETE","4":"COMPLETE","5":"COMPLETE","6":"COMPLETE","7":"COMPLETE","8":"COMPLETE","9":"COMPLETE","10":"COMPLETE","11":"COMPLETE","12":"COMPLETE","13":"COMPLETE","14":"COMPLETE","15":"COMPLETE","16":"COMPLETE","17":"COMPLETE","18":"COMPLETE","19":"COMPLETE","20":"COMPLETE","21":"COMPLETE","22":"COMPLETE","23":"COMPLETE","24":"COMPLETE","25":"COMPLETE","26":"COMPLETE","27":"COMPLETE","28":"COMPLETE","29":"COMPLETE","30":"COMPLETE","31":"COMPLETE","32":"COMPLETE","33":"COMPLETE","34":"COMPLETE","35":"COMPLETE","36":"COMPLETE","37":"COMPLETE","38":"COMPLETE","39":"COMPLETE","40":"COMPLETE","41":"COMPLETE","42":"COMPLETE","43":"COMPLETE","44":"COMPLETE","45":"COMPLETE","46":"COMPLETE","47":"COMPLETE","48":"COMPLETE","49":"COMPLETE"}}