{"epochs": 70, "batch_size": 45000, "learning_rate": 0.0033765099396661814, "max_grad_norm": 1.354415923064534}