{"number":{"0":0,"1":1,"2":2,"3":3,"4":4,"5":5,"6":6,"7":7,"8":8,"9":9,"10":10,"11":11,"12":12,"13":13,"14":14,"15":15,"16":16,"17":17,"18":18,"19":19},"value":{"0":0.0157999992,"1":0.0362000018,"2":0.0182000007,"3":0.0329999998,"4":0.0126,"5":0.785400033,"6":0.0077999998,"7":0.7483999729,"8":0.217200011,"9":0.0588000007,"10":0.7860000134,"11":0.7698000073,"12":0.7804000378,"13":0.7933999896,"14":0.7807999849,"15":0.7951999903,"16":0.7912000418,"17":0.7889999151,"18":0.7844000459,"19":0.793200016},"datetime_start":{"0":1702474818222,"1":1702483950393,"2":1702499946281,"3":1702508755582,"4":1702514686438,"5":1702527321498,"6":1702534823742,"7":1702535117287,"8":1702541490123,"9":1702551585621,"10":1702556254138,"11":1702563446278,"12":1702570729347,"13":1702578208430,"14":1702585616940,"15":1702590442880,"16":1702597202437,"17":1702604268446,"18":1702611175957,"19":1702618327731},"datetime_complete":{"0":1702483950255,"1":1702499946094,"2":1702508755418,"3":1702514686287,"4":1702527321305,"5":1702534823601,"6":1702535117142,"7":1702541489990,"8":1702551585456,"9":1702556253996,"10":1702563446060,"11":1702570729177,"12":1702578208268,"13":1702585616805,"14":1702590442731,"15":1702597202187,"16":1702604268272,"17":1702611175778,"18":1702618327508,"19":1702625042465},"duration":{"0":9132032,"1":15995700,"2":8809137,"3":5930705,"4":12634867,"5":7502102,"6":293399,"7":6372702,"8":10095333,"9":4668375,"10":7191921,"11":7282898,"12":7478921,"13":7408375,"14":4825790,"15":6759307,"16":7065835,"17":6907331,"18":7151550,"19":6714733},"params_batch_size":{"0":256,"1":32768,"2":45000,"3":16384,"4":512,"5":45000,"6":32768,"7":2048,"8":32768,"9":2048,"10":45000,"11":2048,"12":45000,"13":45000,"14":45000,"15":45000,"16":45000,"17":45000,"18":45000,"19":45000},"params_epochs":{"0":75,"1":167,"2":92,"3":61,"4":110,"5":78,"6":2,"7":63,"8":105,"9":46,"10":75,"11":72,"12":77,"13":77,"14":50,"15":70,"16":73,"17":72,"18":74,"19":70},"params_learning_rate":{"0":0.0000001329,"1":0.0000056607,"2":0.0622002598,"3":0.0000074177,"4":0.0000001868,"5":0.0043000016,"6":0.0000096691,"7":0.0042247701,"8":0.0000289933,"9":0.0226649096,"10":0.002554794,"11":0.0017321471,"12":0.0025430271,"13":0.0037912714,"14":0.003646186,"15":0.0033765099,"16":0.003352554,"17":0.0033811066,"18":0.0033507945,"19":0.0033705931},"params_max_grad_norm":{"0":9.7051165512,"1":3.7903460643,"2":8.1222940115,"3":5.2966666075,"4":3.3882372415,"5":2.147413679,"6":0.8228718328,"7":5.0391968444,"8":7.6044011577,"9":5.4855539708,"10":0.8968856276,"11":4.785732943,"12":1.8592805181,"13":1.1999964782,"14":1.6045401549,"15":1.3544159231,"16":1.2916619587,"17":1.2140622464,"18":1.25486797,"19":1.1567662789},"state":{"0":"COMPLETE","1":"COMPLETE","2":"COMPLETE","3":"COMPLETE","4":"COMPLETE","5":"COMPLETE","6":"COMPLETE","7":"COMPLETE","8":"COMPLETE","9":"COMPLETE","10":"COMPLETE","11":"COMPLETE","12":"COMPLETE","13":"COMPLETE","14":"COMPLETE","15":"COMPLETE","16":"COMPLETE","17":"COMPLETE","18":"COMPLETE","19":"COMPLETE"}}