{"epochs": 69, "batch_size": 4500, "learning_rate": 0.0020921166309788913, "max_grad_norm": 1.7002192009666706}