{"number":{"0":0,"1":1,"2":2,"3":3,"4":4,"5":5,"6":6,"7":7,"8":8,"9":9,"10":10,"11":11,"12":12,"13":13,"14":14,"15":15,"16":16,"17":17,"18":18,"19":19},"value":{"0":0.1066666692,"1":0.1933333427,"2":0.1355555505,"3":0.1000000015,"4":0.1022222266,"5":0.1000000015,"6":0.1044444442,"7":0.9200000763,"8":0.0844444409,"9":0.1044444442,"10":0.9533333182,"11":0.944444418,"12":0.8600000143,"13":0.426666677,"14":0.9533333778,"15":0.9488888979,"16":0.9444444776,"17":0.9644445181,"18":0.9333333969,"19":0.944444418},"datetime_start":{"0":1702474790218,"1":1702475098175,"2":1702475695482,"3":1702476023519,"4":1702476380065,"5":1702476611252,"6":1702477071495,"7":1702477541743,"8":1702477799347,"9":1702477824586,"10":1702478260485,"11":1702478501691,"12":1702478652987,"13":1702478909824,"14":1702479103384,"15":1702479365282,"16":1702479606044,"17":1702479857562,"18":1702480106996,"19":1702480345010},"datetime_complete":{"0":1702475098040,"1":1702475695065,"2":1702476023341,"3":1702476379914,"4":1702476611081,"5":1702477071339,"6":1702477541596,"7":1702477799201,"8":1702477824432,"9":1702478260350,"10":1702478501530,"11":1702478652817,"12":1702478909678,"13":1702479103206,"14":1702479365137,"15":1702479605890,"16":1702479857387,"17":1702480106861,"18":1702480344861,"19":1702480592843},"duration":{"0":307822,"1":596889,"2":327858,"3":356394,"4":231016,"5":460087,"6":470100,"7":257457,"8":25084,"9":435763,"10":241044,"11":151125,"12":256691,"13":193382,"14":261752,"15":240607,"16":251342,"17":249298,"18":237864,"19":247833},"params_batch_size":{"0":256,"1":512,"2":512,"3":4500,"4":512,"5":4096,"6":256,"7":4500,"8":256,"9":4096,"10":4500,"11":4500,"12":4500,"13":4500,"14":4500,"15":4500,"16":4500,"17":4500,"18":4500,"19":4500},"params_epochs":{"0":75,"1":142,"2":87,"3":103,"4":61,"5":133,"6":120,"7":72,"8":2,"9":125,"10":67,"11":40,"12":66,"13":52,"14":73,"15":67,"16":70,"17":69,"18":66,"19":69},"params_learning_rate":{"0":0.01574189,"1":0.0000066904,"2":0.0051410966,"3":0.0622002598,"4":0.0285708008,"5":0.0433504539,"6":0.0000042471,"7":0.0043000016,"8":0.0000004957,"9":0.0210511805,"10":0.0027812112,"11":0.0021785931,"12":0.000405035,"13":0.0081392744,"14":0.0016051162,"15":0.0014596203,"16":0.0026556297,"17":0.0020921166,"18":0.0019784007,"19":0.0019648129},"params_max_grad_norm":{"0":6.0909271151,"1":5.34261303,"2":2.1568030652,"3":8.1222940115,"4":2.7360438197,"5":8.9693080342,"6":8.3216275897,"7":2.147413679,"8":8.6584135736,"9":4.8277062666,"10":1.1653388554,"11":1.5569451802,"12":1.5532256787,"13":1.1594075336,"14":2.2248332655,"15":1.7068036674,"16":2.3880291278,"17":1.700219201,"18":1.7158033842,"19":1.7944948792},"state":{"0":"COMPLETE","1":"COMPLETE","2":"COMPLETE","3":"COMPLETE","4":"COMPLETE","5":"COMPLETE","6":"COMPLETE","7":"COMPLETE","8":"COMPLETE","9":"COMPLETE","10":"COMPLETE","11":"COMPLETE","12":"COMPLETE","13":"COMPLETE","14":"COMPLETE","15":"COMPLETE","16":"COMPLETE","17":"COMPLETE","18":"COMPLETE","19":"COMPLETE"}}