{"epochs": 130, "batch_size": 2048, "sample_rate": null, "learning_rate": 0.00044184415211997183, "noise_multiplier": null, "max_grad_norm": 5.6431300356202945, "target_epsilon": 0.5, "privacy": true}