{"epochs": 79, "batch_size": 45000, "learning_rate": 0.002686204188045817, "max_grad_norm": 1.508691901095582}