{"number":{"0":0,"1":1,"2":2,"3":3,"4":4,"5":5,"6":6,"7":7,"8":8,"9":9,"10":10,"11":11,"12":12,"13":13,"14":14,"15":15,"16":16,"17":17,"18":18,"19":19},"value":{"0":0.0148,"1":0.008799999,"2":0.0123999994,"3":0.0118000004,"4":0.0062000002,"5":0.586400032,"6":0.0135999992,"7":0.3906000257,"8":0.0149999987,"9":0.0181999989,"10":0.5966000557,"11":0.5983999968,"12":0.6022000313,"13":0.5888000131,"14":0.5612000227,"15":0.5958000422,"16":0.6036000252,"17":0.600399971,"18":0.6021999717,"19":0.5983999968},"datetime_start":{"0":1702474815614,"1":1702482305629,"2":1702494596388,"3":1702501370673,"4":1702505914743,"5":1702516107349,"6":1702521888931,"7":1702522118687,"8":1702527058719,"9":1702534845588,"10":1702538451866,"11":1702544005870,"12":1702549927751,"13":1702555701293,"14":1702561497665,"15":1702565221678,"16":1702571057396,"17":1702576829820,"18":1702582920804,"19":1702589379887},"datetime_complete":{"0":1702482305469,"1":1702494596253,"2":1702501370524,"3":1702505914578,"4":1702516107165,"5":1702521888787,"6":1702522118533,"7":1702527058557,"8":1702534845428,"9":1702538451724,"10":1702544005708,"11":1702549927606,"12":1702555701151,"13":1702561497505,"14":1702565221521,"15":1702571057242,"16":1702576829669,"17":1702582920660,"18":1702589379716,"19":1702596197828},"duration":{"0":7489855,"1":12290623,"2":6774136,"3":4543904,"4":10192422,"5":5781437,"6":229601,"7":4939869,"8":7786708,"9":3606135,"10":5553841,"11":5921735,"12":5773399,"13":5796212,"14":3723855,"15":5835564,"16":5772273,"17":6090840,"18":6458912,"19":6817940},"params_batch_size":{"0":256,"1":32768,"2":45000,"3":16384,"4":512,"5":45000,"6":32768,"7":2048,"8":32768,"9":2048,"10":45000,"11":45000,"12":45000,"13":45000,"14":45000,"15":45000,"16":45000,"17":45000,"18":45000,"19":45000},"params_epochs":{"0":75,"1":167,"2":92,"3":61,"4":110,"5":78,"6":2,"7":63,"8":105,"9":46,"10":75,"11":80,"12":78,"13":78,"14":50,"15":79,"16":79,"17":82,"18":88,"19":92},"params_learning_rate":{"0":0.0000001329,"1":0.0000056607,"2":0.0622002598,"3":0.0000074177,"4":0.0000001868,"5":0.0043000016,"6":0.0000096691,"7":0.0042247701,"8":0.0000289933,"9":0.0226649096,"10":0.0026976264,"11":0.0024139394,"12":0.0029848835,"13":0.0029001068,"14":0.0023156117,"15":0.0027786526,"16":0.0026862042,"17":0.0026276066,"18":0.0026061764,"19":0.0026301744},"params_max_grad_norm":{"0":9.7051165512,"1":3.7903460643,"2":8.1222940115,"3":5.2966666075,"4":3.3882372415,"5":2.147413679,"6":0.8228718328,"7":5.0391968444,"8":7.6044011577,"9":5.4855539708,"10":1.0219204825,"11":1.8075298213,"12":1.5238519518,"13":1.5285171856,"14":2.2253281932,"15":1.5315246392,"16":1.5086919011,"17":1.4656236625,"18":1.3993442613,"19":1.3850735198},"state":{"0":"COMPLETE","1":"COMPLETE","2":"COMPLETE","3":"COMPLETE","4":"COMPLETE","5":"COMPLETE","6":"COMPLETE","7":"COMPLETE","8":"COMPLETE","9":"COMPLETE","10":"COMPLETE","11":"COMPLETE","12":"COMPLETE","13":"COMPLETE","14":"COMPLETE","15":"COMPLETE","16":"COMPLETE","17":"COMPLETE","18":"COMPLETE","19":"COMPLETE"}}