{"number":{"0":0,"1":1,"2":2,"3":3,"4":4,"5":5,"6":6,"7":7,"8":8,"9":9,"10":10,"11":11,"12":12,"13":13,"14":14,"15":15,"16":16,"17":17,"18":18,"19":19,"20":20,"21":21,"22":22,"23":23,"24":24,"25":25,"26":26,"27":27,"28":28,"29":29,"30":30,"31":31,"32":32,"33":33,"34":34,"35":35,"36":36,"37":37,"38":38,"39":39,"40":40,"41":41,"42":42,"43":43,"44":44,"45":45,"46":46,"47":47,"48":48,"49":49},"value":{"0":0.0094999997,"1":0.0144999996,"2":0.2024999857,"3":0.0109999999,"4":0.0160000008,"5":0.0185000002,"6":0.0020000001,"7":0.2800000012,"8":0.0040000002,"9":0.1484999955,"10":0.2545000017,"11":0.2740000188,"12":0.2479999959,"13":0.2109999955,"14":0.2515000105,"15":0.2670000196,"16":0.2870000005,"17":0.2529999912,"18":0.2785000205,"19":0.2624999881,"20":0.2685000002,"21":0.2680000067,"22":0.2705000043,"23":0.2709999979,"24":0.2569999993,"25":0.25,"26":0.2709999979,"27":0.2669999897,"28":0.2579999864,"29":0.2655000091,"30":0.2575000226,"31":0.2419999987,"32":0.2745000124,"33":0.2520000041,"34":0.2580000162,"35":0.2554999888,"36":0.2595000267,"37":0.2725000083,"38":0.2625000179,"39":0.2790000141,"40":0.2409999967,"41":0.2515000105,"42":0.2480000257,"43":0.2565000057,"44":0.2689999938,"45":0.2574999928,"46":0.271999985,"47":0.2415000051,"48":0.2509999871,"49":0.2620000243},"datetime_start":{"0":1702566771993,"1":1702567733286,"2":1702569352606,"3":1702570347900,"4":1702571370315,"5":1702572077425,"6":1702573358383,"7":1702574876997,"8":1702575595290,"9":1702575634758,"10":1702576844463,"11":1702577519674,"12":1702578267215,"13":1702578940334,"14":1702579731710,"15":1702580649479,"16":1702581387460,"17":1702582159028,"18":1702582965683,"19":1702583734637,"20":1702584505754,"21":1702585259838,"22":1702586013753,"23":1702586772299,"24":1702587534856,"25":1702588305008,"26":1702589047992,"27":1702589806451,"28":1702590561149,"29":1702591327150,"30":1702592077336,"31":1702592830238,"32":1702593594707,"33":1702594333283,"34":1702595066819,"35":1702595820688,"36":1702596565161,"37":1702597323877,"38":1702598071864,"39":1702598825982,"40":1702599592979,"41":1702600349171,"42":1702601094055,"43":1702601849115,"44":1702602611192,"45":1702603362536,"46":1702604114241,"47":1702604858534,"48":1702605607347,"49":1702606352029},"datetime_complete":{"0":1702567733143,"1":1702569352450,"2":1702570347750,"3":1702571370137,"4":1702572077288,"5":1702573358240,"6":1702574876864,"7":1702575595136,"8":1702575634597,"9":1702576844325,"10":1702577519513,"11":1702578267066,"12":1702578940172,"13":1702579731543,"14":1702580649345,"15":1702581387310,"16":1702582158869,"17":1702582965543,"18":1702583734489,"19":1702584505622,"20":1702585259662,"21":1702586013608,"22":1702586772151,"23":1702587534715,"24":1702588304845,"25":1702589047857,"26":1702589806283,"27":1702590560992,"28":1702591326996,"29":1702592077184,"30":1702592830095,"31":1702593594573,"32":1702594328412,"33":1702595066672,"34":1702595820539,"35":1702596565000,"36":1702597323712,"37":1702598071700,"38":1702598825799,"39":1702599592841,"40":1702600349022,"41":1702601093886,"42":1702601848961,"43":1702602611018,"44":1702603362364,"45":1702604114081,"46":1702604858360,"47":1702605607197,"48":1702606351871,"49":1702607109205},"duration":{"0":961149,"1":1619163,"2":995143,"3":1022236,"4":706972,"5":1280815,"6":1518481,"7":718139,"8":39306,"9":1209566,"10":675050,"11":747392,"12":672956,"13":791209,"14":917634,"15":737830,"16":771409,"17":806514,"18":768805,"19":770985,"20":753907,"21":753770,"22":758397,"23":762416,"24":769988,"25":742848,"26":758291,"27":754540,"28":765846,"29":750033,"30":752759,"31":764335,"32":733705,"33":733388,"34":753720,"35":744311,"36":758551,"37":747822,"38":753934,"39":766859,"40":756043,"41":744714,"42":754906,"43":761902,"44":751171,"45":751544,"46":744118,"47":748662,"48":744523,"49":757175},"params_batch_size":{"0":256,"1":512,"2":512,"3":4500,"4":512,"5":4096,"6":256,"7":4500,"8":256,"9":4096,"10":4500,"11":4500,"12":4500,"13":4500,"14":4500,"15":4500,"16":4500,"17":4500,"18":4500,"19":4500,"20":4500,"21":4500,"22":4500,"23":4500,"24":4500,"25":4500,"26":4500,"27":4500,"28":4500,"29":4500,"30":4500,"31":4500,"32":4500,"33":4500,"34":4500,"35":4500,"36":4500,"37":4500,"38":4500,"39":4500,"40":4500,"41":4500,"42":4500,"43":4500,"44":4500,"45":4500,"46":4500,"47":4500,"48":4500,"49":4500},"params_epochs":{"0":75,"1":142,"2":87,"3":103,"4":61,"5":133,"6":120,"7":72,"8":2,"9":125,"10":67,"11":75,"12":67,"13":79,"14":92,"15":74,"16":77,"17":80,"18":76,"19":77,"20":76,"21":76,"22":76,"23":76,"24":77,"25":74,"26":76,"27":76,"28":77,"29":75,"30":75,"31":76,"32":73,"33":72,"34":75,"35":75,"36":76,"37":75,"38":75,"39":76,"40":76,"41":74,"42":75,"43":76,"44":75,"45":75,"46":75,"47":75,"48":75,"49":76},"params_learning_rate":{"0":0.01574189,"1":0.0000066904,"2":0.0051410966,"3":0.0622002598,"4":0.0285708008,"5":0.0433504539,"6":0.0000042471,"7":0.0043000016,"8":0.0000004957,"9":0.0210511805,"10":0.0026701381,"11":0.0033449567,"12":0.0049119859,"13":0.0134818132,"14":0.0028290119,"15":0.0029050864,"16":0.0036293097,"17":0.0046624091,"18":0.0027342095,"19":0.0027951211,"20":0.0031359153,"21":0.0031938935,"22":0.0032333634,"23":0.0033024615,"24":0.0033629585,"25":0.0029250157,"26":0.0033179228,"27":0.0033613943,"28":0.0033645675,"29":0.0032340087,"30":0.0032465097,"31":0.0032330227,"32":0.0031776258,"33":0.003139259,"34":0.0032309816,"35":0.0032401851,"36":0.0032418592,"37":0.0032379287,"38":0.003241293,"39":0.0032447083,"40":0.0032631173,"41":0.0032008626,"42":0.003229409,"43":0.0032373718,"44":0.0032331747,"45":0.0032326466,"46":0.0032358708,"47":0.0032354747,"48":0.0032356086,"49":0.0032360256},"params_max_grad_norm":{"0":6.0909271151,"1":5.34261303,"2":2.1568030652,"3":8.1222940115,"4":2.7360438197,"5":8.9693080342,"6":8.3216275897,"7":2.147413679,"8":8.6584135736,"9":4.8277062666,"10":1.0440044523,"11":2.1716361716,"12":2.305941465,"13":1.2569548301,"14":1.8464085133,"15":1.9953900922,"16":1.8329431311,"17":1.3548877903,"18":1.9458214106,"19":1.9216610681,"20":1.9422952515,"21":1.9742825572,"22":1.9398205028,"23":1.9455979462,"24":1.951818554,"25":1.9476593002,"26":1.9788880804,"27":1.9865901398,"28":1.9843923551,"29":1.9462304117,"30":1.9530713838,"31":1.9690147611,"32":1.9351511322,"33":1.9156273336,"34":1.9686211682,"35":1.9629415483,"36":1.9590983194,"37":1.9555231042,"38":1.9562155708,"39":1.9579403051,"40":1.9679461195,"41":1.9332176701,"42":1.9533936161,"43":1.9517257069,"44":1.9496682505,"45":1.9495444761,"46":1.9520207139,"47":1.9519344107,"48":1.949546989,"49":1.9512180948},"state":{"0":"COMPLETE","1":"COMPLETE","2":"COMPLETE","3":"COMPLETE","4":"COMPLETE","5":"COMPLETE","6":"COMPLETE","7":"COMPLETE","8":"COMPLETE","9":"COMPLETE","10":"COMPLETE","11":"COMPLETE","12":"COMPLETE","13":"COMPLETE","14":"COMPLETE","15":"COMPLETE","16":"COMPLETE","17":"COMPLETE","18":"COMPLETE","19":"COMPLETE","20":"COMPLETE","21":"COMPLETE","22":"COMPLETE","23":"COMPLETE","24":"COMPLETE","25":"COMPLETE","26":"COMPLETE","27":"COMPLETE","28":"COMPLETE","29":"COMPLETE","30":"COMPLETE","31":"COMPLETE","32":"COMPLETE","33":"COMPLETE","34":"COMPLETE","35":"COMPLETE","36":"COMPLETE","37":"COMPLETE","38":"COMPLETE","39":"COMPLETE","40":"COMPLETE","41":"COMPLETE","42":"COMPLETE","43":"COMPLETE","44":"COMPLETE","45":"COMPLETE","46":"COMPLETE","47":"COMPLETE","48":"COMPLETE","49":"COMPLETE"}}