{"epochs": 152, "batch_size": 1024, "sample_rate": null, "learning_rate": 0.00044184415211997183, "noise_multiplier": null, "max_grad_norm": 5.576384175102177, "target_epsilon": 0.25, "privacy": true}