{"epochs": 65, "batch_size": 45000, "learning_rate": 0.0026989065211365394, "max_grad_norm": 1.0962266326932029}