{"number":{"0":0,"1":1,"2":2,"3":3,"4":4,"5":5,"6":6,"7":7,"8":8,"9":9,"10":10,"11":11,"12":12,"13":13,"14":14,"15":15,"16":16,"17":17,"18":18,"19":19},"value":{"0":0.0143999998,"1":0.0186000001,"2":0.0101999994,"3":0.0156000005,"4":0.0097999992,"5":0.709800005,"6":0.0075999997,"7":0.6520000696,"8":0.0395999998,"9":0.010999999,"10":0.7251999974,"11":0.7195999622,"12":0.7179999352,"13":0.6854000092,"14":0.7203999758,"15":0.7242000103,"16":0.7294000387,"17":0.7245999575,"18":0.7232000232,"19":0.72299999},"datetime_start":{"0":1702474816105,"1":1702483772155,"2":1702499590659,"3":1702508291566,"4":1702514124874,"5":1702526486626,"6":1702533850651,"7":1702534128845,"8":1702540364675,"9":1702550304899,"10":1702554875552,"11":1702561934858,"12":1702569085816,"13":1702576444692,"14":1702583671153,"15":1702588136196,"16":1702594095692,"17":1702600261420,"18":1702605906581,"19":1702611937558},"datetime_complete":{"0":1702483772013,"1":1702499590478,"2":1702508291413,"3":1702514124668,"4":1702526486473,"5":1702533850469,"6":1702534128701,"7":1702540364504,"8":1702550304765,"9":1702554875396,"10":1702561934707,"11":1702569085623,"12":1702576444518,"13":1702583670951,"14":1702588136038,"15":1702594095540,"16":1702600261265,"17":1702605906391,"18":1702611937353,"19":1702617985493},"duration":{"0":8955908,"1":15818322,"2":8700753,"3":5833102,"4":12361599,"5":7363842,"6":278050,"7":6235659,"8":9940090,"9":4570497,"10":7059155,"11":7150764,"12":7358702,"13":7226259,"14":4464885,"15":5959343,"16":6165572,"17":5644970,"18":6030771,"19":6047934},"params_batch_size":{"0":256,"1":32768,"2":45000,"3":16384,"4":512,"5":45000,"6":32768,"7":2048,"8":32768,"9":2048,"10":45000,"11":45000,"12":45000,"13":2048,"14":45000,"15":45000,"16":45000,"17":45000,"18":45000,"19":45000},"params_epochs":{"0":75,"1":167,"2":92,"3":61,"4":110,"5":78,"6":2,"7":63,"8":105,"9":46,"10":75,"11":76,"12":78,"13":73,"14":47,"15":63,"16":65,"17":59,"18":64,"19":64},"params_learning_rate":{"0":0.0000001329,"1":0.0000056607,"2":0.0622002598,"3":0.0000074177,"4":0.0000001868,"5":0.0043000016,"6":0.0000096691,"7":0.0042247701,"8":0.0000289933,"9":0.0226649096,"10":0.0025636201,"11":0.002671196,"12":0.0035126595,"13":0.0015378917,"14":0.0035326629,"15":0.0029478206,"16":0.0026989065,"17":0.0025788152,"18":0.0028672509,"19":0.0027825644},"params_max_grad_norm":{"0":9.7051165512,"1":3.7903460643,"2":8.1222940115,"3":5.2966666075,"4":3.3882372415,"5":2.147413679,"6":0.8228718328,"7":5.0391968444,"8":7.6044011577,"9":5.4855539708,"10":0.9066814931,"11":1.7336884913,"12":0.997705633,"13":4.7544469527,"14":1.2639404728,"15":1.2374304849,"16":1.0962266327,"17":0.9457991075,"18":1.1743088698,"19":1.1177672925},"state":{"0":"COMPLETE","1":"COMPLETE","2":"COMPLETE","3":"COMPLETE","4":"COMPLETE","5":"COMPLETE","6":"COMPLETE","7":"COMPLETE","8":"COMPLETE","9":"COMPLETE","10":"COMPLETE","11":"COMPLETE","12":"COMPLETE","13":"COMPLETE","14":"COMPLETE","15":"COMPLETE","16":"COMPLETE","17":"COMPLETE","18":"COMPLETE","19":"COMPLETE"}}