{"epochs": 57, "batch_size": 4500, "learning_rate": 0.0038026301624331077, "max_grad_norm": 1.813144855365853}