{"number":{"0":0,"1":1,"2":2,"3":3,"4":4,"5":5,"6":6,"7":7,"8":8,"9":9,"10":10,"11":11,"12":12,"13":13,"14":14,"15":15,"16":16,"17":17,"18":18,"19":19,"20":20,"21":21,"22":22,"23":23,"24":24,"25":25,"26":26,"27":27,"28":28,"29":29,"30":30,"31":31,"32":32,"33":33,"34":34,"35":35,"36":36,"37":37,"38":38,"39":39,"40":40,"41":41,"42":42,"43":43,"44":44,"45":45,"46":46,"47":47,"48":48,"49":49},"value":{"0":0.0109999999,"1":0.0049999999,"2":0.1274999976,"3":0.0214999989,"4":0.0085000005,"5":0.0265000015,"6":0.0185000002,"7":0.2759999931,"8":0.0060000001,"9":0.0215000007,"10":0.2804999948,"11":0.2644999921,"12":0.2644999921,"13":0.2445000112,"14":0.2904999852,"15":0.2785000205,"16":0.2845000029,"17":0.2935000062,"18":0.27700001,"19":0.2789999843,"20":0.2645000219,"21":0.282499969,"22":0.2944999933,"23":0.2894999981,"24":0.2519999743,"25":0.287499994,"26":0.2964999974,"27":0.3219999969,"28":0.2685000002,"29":0.2675000131,"30":0.28549999,"31":0.2759999931,"32":0.2870000005,"33":0.2835000157,"34":0.2899999917,"35":0.2944999933,"36":0.2925000191,"37":0.2989999652,"38":0.2899999917,"39":0.2725000083,"40":0.2879999876,"41":0.288500011,"42":0.2954999804,"43":0.2884999812,"44":0.27700001,"45":0.2650000155,"46":0.2709999979,"47":0.2845000029,"48":0.2894999981,"49":0.2779999971},"datetime_start":{"0":1702566772004,"1":1702567578314,"2":1702568892903,"3":1702569714782,"4":1702570528398,"5":1702571110156,"6":1702572123587,"7":1702573383009,"8":1702573954819,"9":1702573990325,"10":1702574934254,"11":1702575469901,"12":1702575904623,"13":1702576498972,"14":1702576990709,"15":1702577509094,"16":1702578036119,"17":1702578540679,"18":1702579054281,"19":1702579570750,"20":1702580086556,"21":1702580604953,"22":1702581118463,"23":1702581631550,"24":1702582144460,"25":1702582655268,"26":1702583151748,"27":1702583639221,"28":1702584096690,"29":1702584400978,"30":1702584851986,"31":1702585303903,"32":1702585762875,"33":1702586228936,"34":1702586695816,"35":1702587160592,"36":1702587626233,"37":1702588083418,"38":1702588537573,"39":1702588993066,"40":1702589450996,"41":1702589909298,"42":1702590363303,"43":1702590821949,"44":1702591280145,"45":1702591741029,"46":1702592197556,"47":1702592665691,"48":1702593130908,"49":1702593596995},"datetime_complete":{"0":1702567578180,"1":1702568892755,"2":1702569714627,"3":1702570528234,"4":1702571110004,"5":1702572123457,"6":1702573382834,"7":1702573954661,"8":1702573990183,"9":1702574934074,"10":1702575469764,"11":1702575904433,"12":1702576498836,"13":1702576990575,"14":1702577508950,"15":1702578035956,"16":1702578540496,"17":1702579054112,"18":1702579570577,"19":1702580086347,"20":1702580604800,"21":1702581118313,"22":1702581631418,"23":1702582144304,"24":1702582655103,"25":1702583151615,"26":1702583639024,"27":1702584096475,"28":1702584400822,"29":1702584851853,"30":1702585303764,"31":1702585762718,"32":1702586228780,"33":1702586695605,"34":1702587160434,"35":1702587626076,"36":1702588083261,"37":1702588537429,"38":1702588992864,"39":1702589450863,"40":1702589909162,"41":1702590363156,"42":1702590821783,"43":1702591279983,"44":1702591740850,"45":1702592197405,"46":1702592665534,"47":1702593130750,"48":1702593596862,"49":1702594062756},"duration":{"0":806175,"1":1314441,"2":821723,"3":813451,"4":581605,"5":1013300,"6":1259247,"7":571651,"8":35364,"9":943748,"10":535509,"11":434531,"12":594213,"13":491602,"14":518240,"15":526862,"16":504376,"17":513433,"18":516295,"19":515597,"20":518244,"21":513359,"22":512954,"23":512754,"24":510643,"25":496347,"26":487275,"27":457253,"28":304131,"29":450875,"30":451778,"31":458815,"32":465905,"33":466668,"34":464618,"35":465483,"36":457028,"37":454010,"38":455291,"39":457796,"40":458165,"41":453858,"42":458480,"43":458034,"44":460704,"45":456375,"46":467977,"47":465058,"48":465954,"49":465761},"params_batch_size":{"0":256,"1":512,"2":512,"3":4500,"4":512,"5":4096,"6":256,"7":4500,"8":256,"9":4096,"10":4500,"11":4500,"12":4500,"13":4500,"14":4500,"15":4500,"16":4500,"17":4500,"18":4500,"19":4500,"20":4500,"21":4500,"22":4500,"23":4500,"24":4500,"25":4500,"26":4500,"27":4500,"28":4500,"29":4500,"30":4500,"31":4500,"32":4500,"33":4500,"34":4500,"35":4500,"36":4500,"37":4500,"38":4500,"39":4500,"40":4500,"41":4500,"42":4500,"43":4500,"44":4500,"45":4500,"46":4500,"47":4500,"48":4500,"49":4500},"params_epochs":{"0":75,"1":142,"2":87,"3":103,"4":61,"5":133,"6":120,"7":72,"8":2,"9":125,"10":67,"11":54,"12":75,"13":61,"14":65,"15":66,"16":63,"17":64,"18":64,"19":64,"20":65,"21":64,"22":64,"23":64,"24":64,"25":62,"26":61,"27":57,"28":37,"29":56,"30":57,"31":57,"32":58,"33":58,"34":58,"35":58,"36":57,"37":57,"38":57,"39":57,"40":57,"41":57,"42":57,"43":57,"44":57,"45":57,"46":58,"47":58,"48":58,"49":58},"params_learning_rate":{"0":0.01574189,"1":0.0000066904,"2":0.0051410966,"3":0.0622002598,"4":0.0285708008,"5":0.0433504539,"6":0.0000042471,"7":0.0043000016,"8":0.0000004957,"9":0.0210511805,"10":0.0027201018,"11":0.0022462734,"12":0.0030004251,"13":0.0090068674,"14":0.0030831422,"15":0.0022508537,"16":0.0035362532,"17":0.003115904,"18":0.0029700934,"19":0.0032048083,"20":0.0030516002,"21":0.0028823543,"22":0.0028949138,"23":0.0027521793,"24":0.0025861145,"25":0.0034449485,"26":0.0035727674,"27":0.0038026302,"28":0.0043723168,"29":0.0039955784,"30":0.0037049354,"31":0.0036997413,"32":0.0036509003,"33":0.003659458,"34":0.0036523519,"35":0.0036699015,"36":0.0036986448,"37":0.003715007,"38":0.0037426061,"39":0.0037481771,"40":0.0037121806,"41":0.0037154855,"42":0.0037193855,"43":0.0037361711,"44":0.0037384343,"45":0.0037153321,"46":0.0036724941,"47":0.0036418403,"48":0.0036421249,"49":0.0036491449},"params_max_grad_norm":{"0":6.0909271151,"1":5.34261303,"2":2.1568030652,"3":8.1222940115,"4":2.7360438197,"5":8.9693080342,"6":8.3216275897,"7":2.147413679,"8":8.6584135736,"9":4.8277062666,"10":1.1049010853,"11":2.1052475466,"12":1.3869123494,"13":1.1594235423,"14":1.5920700379,"15":2.1798746967,"16":1.8333504249,"17":1.6855707488,"18":1.6356940452,"19":1.814896286,"20":1.7556078202,"21":1.6856394284,"22":1.6846937801,"23":1.638916799,"24":1.5969060254,"25":1.7851538622,"26":1.7994913859,"27":1.8131448554,"28":1.8136355803,"29":1.9114602285,"30":1.6684758029,"31":1.687332932,"32":1.7597611573,"33":1.7576831623,"34":1.7589912799,"35":1.7560819542,"36":1.7493684502,"37":1.739120397,"38":1.7123100404,"39":1.7051578452,"40":1.7779007743,"41":1.7745094303,"42":1.7752381441,"43":1.7831829473,"44":1.78335352,"45":1.7648100738,"46":1.7657370357,"47":1.7589121582,"48":1.7590603025,"49":1.7581609084},"state":{"0":"COMPLETE","1":"COMPLETE","2":"COMPLETE","3":"COMPLETE","4":"COMPLETE","5":"COMPLETE","6":"COMPLETE","7":"COMPLETE","8":"COMPLETE","9":"COMPLETE","10":"COMPLETE","11":"COMPLETE","12":"COMPLETE","13":"COMPLETE","14":"COMPLETE","15":"COMPLETE","16":"COMPLETE","17":"COMPLETE","18":"COMPLETE","19":"COMPLETE","20":"COMPLETE","21":"COMPLETE","22":"COMPLETE","23":"COMPLETE","24":"COMPLETE","25":"COMPLETE","26":"COMPLETE","27":"COMPLETE","28":"COMPLETE","29":"COMPLETE","30":"COMPLETE","31":"COMPLETE","32":"COMPLETE","33":"COMPLETE","34":"COMPLETE","35":"COMPLETE","36":"COMPLETE","37":"COMPLETE","38":"COMPLETE","39":"COMPLETE","40":"COMPLETE","41":"COMPLETE","42":"COMPLETE","43":"COMPLETE","44":"COMPLETE","45":"COMPLETE","46":"COMPLETE","47":"COMPLETE","48":"COMPLETE","49":"COMPLETE"}}