{"epochs": 67, "batch_size": 4500, "learning_rate": 0.002798857764644457, "max_grad_norm": 1.1615530677255699}