{"number":{"0":0,"1":1,"2":2,"3":3,"4":4,"5":5,"6":6,"7":7,"8":8,"9":9,"10":10,"11":11,"12":12,"13":13,"14":14,"15":15,"16":16,"17":17,"18":18,"19":19},"value":{"0":0.0130000003,"1":0.0044999998,"2":0.0145000005,"3":0.0099999998,"4":0.0105000008,"5":0.0099999998,"6":0.0240000002,"7":0.8140000105,"8":0.0135000004,"9":0.0080000004,"10":0.8645000458,"11":0.462500006,"12":0.8285000324,"13":0.0495000035,"14":0.8580000401,"15":0.8450000286,"16":0.8350000381,"17":0.8625000119,"18":0.8550000191,"19":0.8519999981},"datetime_start":{"0":1702474790328,"1":1702475696233,"2":1702477189350,"3":1702478109578,"4":1702479064247,"5":1702479721464,"6":1702480917787,"7":1702482296273,"8":1702482969339,"9":1702483020109,"10":1702484155041,"11":1702484781598,"12":1702485201214,"13":1702485919930,"14":1702486549565,"15":1702487360909,"16":1702487991091,"17":1702488716919,"18":1702489409633,"19":1702490086738},"datetime_complete":{"0":1702475695055,"1":1702477189169,"2":1702478109419,"3":1702479064082,"4":1702479721311,"5":1702480917604,"6":1702482296109,"7":1702482969203,"8":1702483019895,"9":1702484154874,"10":1702484781445,"11":1702485201037,"12":1702485919760,"13":1702486549405,"14":1702487360766,"15":1702487990957,"16":1702488716765,"17":1702489409478,"18":1702490086574,"19":1702490771180},"duration":{"0":904726,"1":1492936,"2":920069,"3":954503,"4":657064,"5":1196139,"6":1378321,"7":672930,"8":50555,"9":1134765,"10":626403,"11":419439,"12":718546,"13":629475,"14":811201,"15":630048,"16":725674,"17":692558,"18":676940,"19":684441},"params_batch_size":{"0":256,"1":512,"2":512,"3":4500,"4":512,"5":4096,"6":256,"7":4500,"8":256,"9":4096,"10":4500,"11":4500,"12":4500,"13":4500,"14":4500,"15":4500,"16":4500,"17":4500,"18":4500,"19":4500},"params_epochs":{"0":75,"1":142,"2":87,"3":103,"4":61,"5":133,"6":120,"7":72,"8":2,"9":125,"10":67,"11":44,"12":77,"13":67,"14":87,"15":67,"16":78,"17":74,"18":72,"19":73},"params_learning_rate":{"0":0.01574189,"1":0.0000066904,"2":0.0051410966,"3":0.0622002598,"4":0.0285708008,"5":0.0433504539,"6":0.0000042471,"7":0.0043000016,"8":0.0000004957,"9":0.0210511805,"10":0.0027988578,"11":0.0008813162,"12":0.004199079,"13":0.0097871575,"14":0.003208053,"15":0.0033527729,"16":0.0032015423,"17":0.0031719029,"18":0.0029439673,"19":0.0029994939},"params_max_grad_norm":{"0":6.0909271151,"1":5.34261303,"2":2.1568030652,"3":8.1222940115,"4":2.7360438197,"5":8.9693080342,"6":8.3216275897,"7":2.147413679,"8":8.6584135736,"9":4.8277062666,"10":1.1615530677,"11":1.4269133778,"12":0.5234210945,"13":0.8368847403,"14":1.517079453,"15":1.2010211603,"16":1.1840475208,"17":1.4924857421,"18":1.9407205732,"19":1.5965542925},"state":{"0":"COMPLETE","1":"COMPLETE","2":"COMPLETE","3":"COMPLETE","4":"COMPLETE","5":"COMPLETE","6":"COMPLETE","7":"COMPLETE","8":"COMPLETE","9":"COMPLETE","10":"COMPLETE","11":"COMPLETE","12":"COMPLETE","13":"COMPLETE","14":"COMPLETE","15":"COMPLETE","16":"COMPLETE","17":"COMPLETE","18":"COMPLETE","19":"COMPLETE"}}