{"epochs": 67, "batch_size": 4500, "learning_rate": 0.002805551952000326, "max_grad_norm": 1.1550595726681083}