{"number":{"0":0,"1":1,"2":2,"3":3,"4":4,"5":5,"6":6,"7":7,"8":8,"9":9,"10":10,"11":11,"12":12,"13":13,"14":14,"15":15,"16":16,"17":17,"18":18,"19":19},"value":{"0":0.1066666692,"1":0.1244444549,"2":0.1022222266,"3":0.1000000089,"4":0.1355555505,"5":0.1088888943,"6":0.0555555597,"7":0.7577778101,"8":0.0844444409,"9":0.102222234,"10":0.8844444752,"11":0.7466666698,"12":0.0933333412,"13":0.8644444942,"14":0.6866666675,"15":0.851111114,"16":0.864444375,"17":0.8711111546,"18":0.8488889337,"19":0.8666666746},"datetime_start":{"0":1702477620230,"1":1702477931987,"2":1702478457920,"3":1702478783035,"4":1702479135091,"5":1702479363530,"6":1702479818575,"7":1702480287311,"8":1702480541926,"9":1702480566601,"10":1702480998721,"11":1702481268364,"12":1702481473437,"13":1702481805155,"14":1702482030762,"15":1702482267030,"16":1702482501316,"17":1702482738974,"18":1702482972457,"19":1702483206173},"datetime_complete":{"0":1702477931768,"1":1702478457785,"2":1702478782901,"3":1702479134958,"4":1702479363333,"5":1702479818417,"6":1702480287146,"7":1702480541782,"8":1702480566452,"9":1702480998557,"10":1702481268094,"11":1702481473306,"12":1702481805000,"13":1702482030604,"14":1702482266839,"15":1702482492406,"16":1702482738828,"17":1702482972300,"18":1702483206041,"19":1702483436093},"duration":{"0":311538,"1":525798,"2":324981,"3":351923,"4":228241,"5":454886,"6":468570,"7":254471,"8":24525,"9":431956,"10":269373,"11":204941,"12":331562,"13":225449,"14":236076,"15":225376,"16":237511,"17":233326,"18":233584,"19":229919},"params_batch_size":{"0":256,"1":512,"2":512,"3":4500,"4":512,"5":4096,"6":256,"7":4500,"8":256,"9":4096,"10":4500,"11":4500,"12":4500,"13":4500,"14":4500,"15":4500,"16":4500,"17":4500,"18":4500,"19":4500},"params_epochs":{"0":75,"1":142,"2":87,"3":103,"4":61,"5":133,"6":120,"7":72,"8":2,"9":125,"10":67,"11":57,"12":88,"13":63,"14":66,"15":63,"16":65,"17":65,"18":65,"19":64},"params_learning_rate":{"0":0.01574189,"1":0.0000066904,"2":0.0051410966,"3":0.0622002598,"4":0.0285708008,"5":0.0433504539,"6":0.0000042471,"7":0.0043000016,"8":0.0000004957,"9":0.0210511805,"10":0.002805552,"11":0.0013008684,"12":0.0112711688,"13":0.0024227758,"14":0.0008147155,"15":0.003694137,"16":0.0024874227,"17":0.0026938917,"18":0.0026949941,"19":0.0027537569},"params_max_grad_norm":{"0":6.0909271151,"1":5.34261303,"2":2.1568030652,"3":8.1222940115,"4":2.7360438197,"5":8.9693080342,"6":8.3216275897,"7":2.147413679,"8":8.6584135736,"9":4.8277062666,"10":1.1550595727,"11":0.2,"12":0.6488470863,"13":2.2227461895,"14":1.4632458272,"15":0.9987408528,"16":1.2762387507,"17":1.4824493212,"18":1.4472909506,"19":1.4739388387},"state":{"0":"COMPLETE","1":"COMPLETE","2":"COMPLETE","3":"COMPLETE","4":"COMPLETE","5":"COMPLETE","6":"COMPLETE","7":"COMPLETE","8":"COMPLETE","9":"COMPLETE","10":"COMPLETE","11":"COMPLETE","12":"COMPLETE","13":"COMPLETE","14":"COMPLETE","15":"COMPLETE","16":"COMPLETE","17":"COMPLETE","18":"COMPLETE","19":"COMPLETE"}}