{"epochs": 91, "batch_size": 256, "learning_rate": 0.0004398892134581941, "max_grad_norm": 6.546135366370586}