{"number":{"0":0,"1":1,"2":2,"3":3,"4":4,"5":5,"6":6,"7":7,"8":8,"9":9,"10":10,"11":11,"12":12,"13":13,"14":14,"15":15,"16":16,"17":17,"18":18,"19":19,"20":20,"21":21,"22":22,"23":23,"24":24,"25":25,"26":26,"27":27,"28":28,"29":29,"30":30,"31":31,"32":32,"33":33,"34":34,"35":35,"36":36,"37":37,"38":38,"39":39,"40":40,"41":41,"42":42,"43":43,"44":44,"45":45,"46":46,"47":47,"48":48,"49":49},"value":{"0":0.0179999992,"1":0.0065000001,"2":0.0105000008,"3":0.0069999998,"4":0.0060000001,"5":0.0085000005,"6":0.0180000011,"7":0.0159999989,"8":0.0135000004,"9":0.0154999997,"10":0.0274999999,"11":0.0329999998,"12":0.029500002,"13":0.0234999992,"14":0.0175000001,"15":0.0245000012,"16":0.0260000005,"17":0.0264999997,"18":0.0384999998,"19":0.0410000011,"20":0.0104999999,"21":0.0384999998,"22":0.0260000005,"23":0.0215000007,"24":0.0150000006,"25":0.0199999996,"26":0.0304999985,"27":0.0350000039,"28":0.0219999999,"29":0.0295000002,"30":0.0450000018,"31":0.0350000001,"32":0.0300000012,"33":0.0380000025,"34":0.0130000003,"35":0.0370000005,"36":0.0370000005,"37":0.0375000015,"38":0.0359999985,"39":0.0435000025,"40":0.0384999998,"41":0.050999999,"42":0.0269999988,"43":0.0534999967,"44":0.0485000014,"45":0.0250000004,"46":0.0560000017,"47":0.0240000002,"48":0.0384999998,"49":0.0359999985},"datetime_start":{"0":1702565172414,"1":1702566058899,"2":1702567578677,"3":1702568517662,"4":1702569487731,"5":1702570148851,"6":1702571377468,"7":1702572782318,"8":1702573469979,"9":1702573513747,"10":1702574665323,"11":1702575810846,"12":1702577228492,"13":1702578895769,"14":1702580514499,"15":1702581773992,"16":1702583492083,"17":1702585018540,"18":1702586531128,"19":1702588008679,"20":1702589449025,"21":1702590810372,"22":1702591902761,"23":1702592989529,"24":1702594196464,"25":1702595580922,"26":1702597160887,"27":1702598514739,"28":1702599819471,"29":1702601034709,"30":1702602368798,"31":1702603688521,"32":1702604880687,"33":1702605947019,"34":1702607068470,"35":1702608342155,"36":1702609442451,"37":1702610512536,"38":1702611563797,"39":1702612607857,"40":1702613665323,"41":1702614649821,"42":1702615618546,"43":1702616199804,"44":1702617270497,"45":1702618347670,"46":1702619430460,"47":1702620499525,"48":1702621567760,"49":1702622591657},"datetime_complete":{"0":1702566058719,"1":1702567578500,"2":1702568517467,"3":1702569487571,"4":1702570148722,"5":1702571377292,"6":1702572782153,"7":1702573469844,"8":1702573513572,"9":1702574665172,"10":1702575810671,"11":1702577228307,"12":1702578895594,"13":1702580514322,"14":1702581773851,"15":1702583491949,"16":1702585018404,"17":1702586530990,"18":1702588008434,"19":1702589448883,"20":1702590810219,"21":1702591902590,"22":1702592989357,"23":1702594196322,"24":1702595580727,"25":1702597160730,"26":1702598514591,"27":1702599819336,"28":1702601034556,"29":1702602368543,"30":1702603688340,"31":1702604880529,"32":1702605946857,"33":1702607068262,"34":1702608341933,"35":1702609442264,"36":1702610512376,"37":1702611563661,"38":1702612607715,"39":1702613665165,"40":1702614649622,"41":1702615618353,"42":1702616199625,"43":1702617270264,"44":1702618347443,"45":1702619430302,"46":1702620499358,"47":1702621567622,"48":1702622591494,"49":1702623609943},"duration":{"0":886304,"1":1519600,"2":938789,"3":969909,"4":660990,"5":1228441,"6":1404685,"7":687526,"8":43593,"9":1151425,"10":1145347,"11":1417461,"12":1667102,"13":1618553,"14":1259352,"15":1717957,"16":1526320,"17":1512449,"18":1477305,"19":1440204,"20":1361193,"21":1092217,"22":1086596,"23":1206792,"24":1384263,"25":1579807,"26":1353703,"27":1304596,"28":1215085,"29":1333833,"30":1319541,"31":1192007,"32":1066169,"33":1121243,"34":1273462,"35":1100109,"36":1069925,"37":1051124,"38":1043918,"39":1057308,"40":984299,"41":968532,"42":581078,"43":1070459,"44":1076945,"45":1082631,"46":1068898,"47":1068097,"48":1023733,"49":1018286},"params_batch_size":{"0":256,"1":512,"2":512,"3":4500,"4":512,"5":4096,"6":256,"7":4500,"8":256,"9":4096,"10":256,"11":256,"12":256,"13":256,"14":256,"15":256,"16":256,"17":256,"18":256,"19":256,"20":256,"21":256,"22":256,"23":256,"24":256,"25":256,"26":256,"27":256,"28":256,"29":256,"30":256,"31":256,"32":256,"33":256,"34":256,"35":256,"36":256,"37":256,"38":256,"39":256,"40":256,"41":256,"42":256,"43":256,"44":256,"45":256,"46":256,"47":256,"48":256,"49":256},"params_epochs":{"0":75,"1":142,"2":87,"3":103,"4":61,"5":133,"6":120,"7":72,"8":2,"9":125,"10":98,"11":121,"12":142,"13":138,"14":107,"15":147,"16":130,"17":129,"18":126,"19":123,"20":116,"21":93,"22":93,"23":103,"24":118,"25":135,"26":116,"27":112,"28":104,"29":114,"30":112,"31":102,"32":91,"33":96,"34":108,"35":94,"36":91,"37":90,"38":89,"39":90,"40":84,"41":83,"42":49,"43":91,"44":92,"45":93,"46":91,"47":91,"48":87,"49":87},"params_learning_rate":{"0":0.01574189,"1":0.0000066904,"2":0.0051410966,"3":0.0622002598,"4":0.0285708008,"5":0.0433504539,"6":0.0000042471,"7":0.0043000016,"8":0.0000004957,"9":0.0210511805,"10":0.0002643162,"11":0.0002908837,"12":0.0003207623,"13":0.0006316007,"14":0.0001037404,"15":0.0006119924,"16":0.0004568704,"17":0.0004346743,"18":0.000426802,"19":0.0005622873,"20":0.0012017645,"21":0.0004317962,"22":0.0004161367,"23":0.0003892618,"24":0.0003650973,"25":0.0003342659,"26":0.0002984472,"27":0.0002730792,"28":0.0002261251,"29":0.0002865858,"30":0.0002848128,"31":0.0002631831,"32":0.0003376873,"33":0.0003333751,"34":0.0000665263,"35":0.0003987754,"36":0.000408541,"37":0.0004120586,"38":0.0004155083,"39":0.0004105084,"40":0.000434849,"41":0.0004357856,"42":0.0005332878,"43":0.0004589877,"44":0.0005789646,"45":0.0007641111,"46":0.0004398892,"47":0.0004500303,"48":0.0004349791,"49":0.0004349205},"params_max_grad_norm":{"0":6.0909271151,"1":5.34261303,"2":2.1568030652,"3":8.1222940115,"4":2.7360438197,"5":8.9693080342,"6":8.3216275897,"7":2.147413679,"8":8.6584135736,"9":4.8277062666,"10":7.1941420339,"11":6.5605856593,"12":5.9723591521,"13":7.364047357,"14":5.8588055904,"15":6.4899814409,"16":6.9235958799,"17":6.841884621,"18":6.7840002191,"19":6.9699818795,"20":7.3456012869,"21":4.6089635345,"22":4.6365429108,"23":5.5923872224,"24":5.5322632968,"25":5.2337434687,"26":6.4466740612,"27":6.6472979008,"28":7.1764221474,"29":6.4459066961,"30":6.5279838519,"31":6.7324164138,"32":6.8096539678,"33":6.7950793287,"34":6.6636829652,"35":6.5821291934,"36":6.5741487953,"37":6.5726317473,"38":6.5711911305,"39":6.5769193429,"40":6.5583155838,"41":6.5582536662,"42":6.4731849753,"43":6.5457036466,"44":6.4932314728,"45":6.4500431664,"46":6.5461353664,"47":6.5388926998,"48":6.525265481,"49":6.5286943524},"state":{"0":"COMPLETE","1":"COMPLETE","2":"COMPLETE","3":"COMPLETE","4":"COMPLETE","5":"COMPLETE","6":"COMPLETE","7":"COMPLETE","8":"COMPLETE","9":"COMPLETE","10":"COMPLETE","11":"COMPLETE","12":"COMPLETE","13":"COMPLETE","14":"COMPLETE","15":"COMPLETE","16":"COMPLETE","17":"COMPLETE","18":"COMPLETE","19":"COMPLETE","20":"COMPLETE","21":"COMPLETE","22":"COMPLETE","23":"COMPLETE","24":"COMPLETE","25":"COMPLETE","26":"COMPLETE","27":"COMPLETE","28":"COMPLETE","29":"COMPLETE","30":"COMPLETE","31":"COMPLETE","32":"COMPLETE","33":"COMPLETE","34":"COMPLETE","35":"COMPLETE","36":"COMPLETE","37":"COMPLETE","38":"COMPLETE","39":"COMPLETE","40":"COMPLETE","41":"COMPLETE","42":"COMPLETE","43":"COMPLETE","44":"COMPLETE","45":"COMPLETE","46":"COMPLETE","47":"COMPLETE","48":"COMPLETE","49":"COMPLETE"}}