{"epochs": 83, "batch_size": 2048, "learning_rate": 0.000634169630313714, "max_grad_norm": 4.519939180235149}