{"number":{"0":0,"1":1,"2":2,"3":3,"4":4,"5":5,"6":6,"7":7,"8":8,"9":9,"10":10,"11":11,"12":12,"13":13,"14":14,"15":15,"16":16,"17":17,"18":18,"19":19},"value":{"0":0.0081999991,"1":0.0169999991,"2":0.6288000345,"3":0.0130000003,"4":0.0168000013,"5":0.8678000569,"6":0.0152000003,"7":0.840200007,"8":0.0296,"9":0.5102000237,"10":0.8560000062,"11":0.871999979,"12":0.8659999967,"13":0.856400013,"14":0.8652000427,"15":0.8696000576,"16":0.8691999912,"17":0.8658000231,"18":0.8709999919,"19":0.8701999784},"datetime_start":{"0":1702474788358,"1":1702482289958,"2":1702495525899,"3":1702502880090,"4":1702507800537,"5":1702518243380,"6":1702524545083,"7":1702524802002,"8":1702530088294,"9":1702538489869,"10":1702542413720,"11":1702549043097,"12":1702555967657,"13":1702560916812,"14":1702567407932,"15":1702574260801,"16":1702580840253,"17":1702584326634,"18":1702589532825,"19":1702595113096},"datetime_complete":{"0":1702482289798,"1":1702495525745,"2":1702502879908,"3":1702507800372,"4":1702518243216,"5":1702524544846,"6":1702524801838,"7":1702530088159,"8":1702538489580,"9":1702542413564,"10":1702549042935,"11":1702555967505,"12":1702560916673,"13":1702567407773,"14":1702574260627,"15":1702580840073,"16":1702584326437,"17":1702589532650,"18":1702595112926,"19":1702600481488},"duration":{"0":7501440,"1":13235787,"2":7354009,"3":4920281,"4":10442679,"5":6301465,"6":256754,"7":5286156,"8":8401285,"9":3923695,"10":6629214,"11":6924408,"12":4949016,"13":6490960,"14":6852694,"15":6579271,"16":3486183,"17":5206016,"18":5580100,"19":5368391},"params_batch_size":{"0":256,"1":32768,"2":45000,"3":16384,"4":512,"5":45000,"6":32768,"7":2048,"8":32768,"9":2048,"10":45000,"11":2048,"12":2048,"13":2048,"14":45000,"15":45000,"16":45000,"17":45000,"18":45000,"19":45000},"params_epochs":{"0":75,"1":167,"2":92,"3":61,"4":110,"5":78,"6":2,"7":63,"8":105,"9":46,"10":82,"11":83,"12":59,"13":77,"14":84,"15":82,"16":43,"17":65,"18":70,"19":67},"params_learning_rate":{"0":0.0000001329,"1":0.0000056607,"2":0.0622002598,"3":0.0000074177,"4":0.0000001868,"5":0.0043000016,"6":0.0000096691,"7":0.0042247701,"8":0.0000289933,"9":0.0226649096,"10":0.01184244,"11":0.0006341696,"12":0.000603669,"13":0.0013576642,"14":0.0023108933,"15":0.0045969776,"16":0.0038640416,"17":0.0044479444,"18":0.0039237233,"19":0.0034972793},"params_max_grad_norm":{"0":9.7051165512,"1":3.7903460643,"2":8.1222940115,"3":5.2966666075,"4":3.3882372415,"5":2.147413679,"6":0.8228718328,"7":5.0391968444,"8":7.6044011577,"9":5.4855539708,"10":3.9487473978,"11":4.5199391802,"12":4.8220762238,"13":4.6918253883,"14":3.8165813522,"15":3.1556217444,"16":3.7834542365,"17":3.35602926,"18":3.2346280861,"19":3.1577838654},"state":{"0":"COMPLETE","1":"COMPLETE","2":"COMPLETE","3":"COMPLETE","4":"COMPLETE","5":"COMPLETE","6":"COMPLETE","7":"COMPLETE","8":"COMPLETE","9":"COMPLETE","10":"COMPLETE","11":"COMPLETE","12":"COMPLETE","13":"COMPLETE","14":"COMPLETE","15":"COMPLETE","16":"COMPLETE","17":"COMPLETE","18":"COMPLETE","19":"COMPLETE"}}