{"epochs": 12, "learning_rate": 0.01574189004745665, "max_grad_norm": 6.0909271150834465}