{"number":{"0":0,"1":1,"2":2,"3":3,"4":4,"5":5,"6":6,"7":7,"8":8,"9":9,"10":10,"11":11,"12":12,"13":13,"14":14,"15":15,"16":16,"17":17,"18":18,"19":19},"value":{"0":0.0185000002,"1":0.0149999987,"2":0.0469999984,"3":0.0130000003,"4":0.0085000005,"5":0.0164999999,"6":0.0020000001,"7":0.0065000001,"8":0.0285,"9":0.0240000002,"10":0.0120000001,"11":0.0154999997,"12":0.0099999998,"13":0.0345000029,"14":0.0219999999,"15":0.0085000005,"16":0.0060000001,"17":0.0280000009,"18":0.0089999996,"19":0.0429999977},"datetime_start":{"0":1703005407906,"1":1703006189072,"2":1703007386627,"3":1703007523895,"4":1703008941149,"5":1703010600926,"6":1703010981332,"7":1703011850939,"8":1703012143140,"9":1703013065322,"10":1703014099040,"11":1703014127563,"12":1703014152176,"13":1703015635022,"14":1703015738757,"15":1703015763759,"16":1703015790921,"17":1703017777157,"18":1703018344433,"19":1703018965607},"datetime_complete":{"0":1703006188892,"1":1703007386495,"2":1703007523745,"3":1703008940997,"4":1703010600775,"5":1703010981163,"6":1703011850787,"7":1703012143007,"8":1703013065156,"9":1703014098886,"10":1703014127435,"11":1703014152028,"12":1703015634859,"13":1703015738583,"14":1703015763580,"15":1703015790761,"16":1703017776992,"17":1703018344254,"18":1703018965472,"19":1703020377925},"duration":{"0":780986,"1":1197423,"2":137117,"3":1417101,"4":1659625,"5":380236,"6":869454,"7":292067,"8":922016,"9":1033564,"10":28394,"11":24465,"12":1482682,"13":103561,"14":24823,"15":27002,"16":1986070,"17":567096,"18":621039,"19":1412317},"params_epochs":{"0":75,"1":120,"2":12,"3":142,"4":167,"5":37,"6":87,"7":28,"8":92,"9":103,"10":1,"11":1,"12":149,"13":9,"14":1,"15":1,"16":200,"17":56,"18":61,"19":142},"params_learning_rate":{"0":0.0506157689,"1":0.0000008632,"2":0.01574189,"3":0.0000001329,"4":0.0000018795,"5":0.0000066904,"6":0.0000055895,"7":0.0000056607,"8":0.0051410966,"9":0.0003584986,"10":0.0251979726,"11":0.0070203572,"12":0.1,"13":0.0042692383,"14":0.1,"15":0.000379361,"16":0.1,"17":0.0023992261,"18":0.1,"19":0.0012099815},"params_max_grad_norm":{"0":7.3735406298,"1":1.7287462993,"2":6.0909271151,"3":9.7051165512,"4":1.9818846786,"5":5.34261303,"6":6.1961583683,"7":3.7903460643,"8":2.1568030652,"9":0.6552140447,"10":4.4904282711,"11":8.7363503393,"12":0.2,"13":0.2,"14":0.2,"15":0.2,"16":10.0,"17":4.9339491898,"18":3.0480275808,"19":5.7690063085},"state":{"0":"COMPLETE","1":"COMPLETE","2":"COMPLETE","3":"COMPLETE","4":"COMPLETE","5":"COMPLETE","6":"COMPLETE","7":"COMPLETE","8":"COMPLETE","9":"COMPLETE","10":"COMPLETE","11":"COMPLETE","12":"COMPLETE","13":"COMPLETE","14":"COMPLETE","15":"COMPLETE","16":"COMPLETE","17":"COMPLETE","18":"COMPLETE","19":"COMPLETE"}}