{"epochs": 64, "batch_size": 4500, "learning_rate": 0.0027302754051002883, "max_grad_norm": 1.3696961755717476}