{"number":{"0":0,"1":1,"2":2,"3":3,"4":4,"5":5,"6":6,"7":7,"8":8,"9":9,"10":10,"11":11,"12":12,"13":13,"14":14,"15":15,"16":16,"17":17,"18":18,"19":19,"20":20,"21":21,"22":22,"23":23,"24":24,"25":25,"26":26,"27":27,"28":28,"29":29,"30":30,"31":31,"32":32,"33":33,"34":34,"35":35,"36":36,"37":37,"38":38,"39":39,"40":40,"41":41,"42":42,"43":43,"44":44,"45":45,"46":46,"47":47,"48":48,"49":49},"value":{"0":0.1066666692,"1":0.1244444549,"2":0.1022222266,"3":0.1000000089,"4":0.1355555505,"5":0.1088888943,"6":0.0555555597,"7":0.7577778101,"8":0.0844444409,"9":0.102222234,"10":0.8844444752,"11":0.7466666698,"12":0.0933333412,"13":0.8644444942,"14":0.6866666675,"15":0.851111114,"16":0.864444375,"17":0.8711111546,"18":0.8488889337,"19":0.8666666746,"20":0.8355555534,"21":0.8400000334,"22":0.868888855,"23":0.8644444942,"24":0.8733333349,"25":0.8555555344,"26":0.8400000334,"27":0.871111095,"28":0.8800001144,"29":0.8444444537,"30":0.8666666746,"31":0.8733333349,"32":0.8866666555,"33":0.8577778339,"34":0.8822221756,"35":0.8577778339,"36":0.8511111736,"37":0.8711111546,"38":0.8777778149,"39":0.8733333349,"40":0.851111114,"41":0.8733333349,"42":0.8733333349,"43":0.8422222137,"44":0.8577777743,"45":0.8488888741,"46":0.8666666746,"47":0.8577777743,"48":0.8488888741,"49":0.8644444346},"datetime_start":{"0":1702578265264,"1":1702578573258,"2":1702579092059,"3":1702579415055,"4":1702579764104,"5":1702579991471,"6":1702580443386,"7":1702580909064,"8":1702581162006,"9":1702581186284,"10":1702581613966,"11":1702581851270,"12":1702582054766,"13":1702582360208,"14":1702582583780,"15":1702582817605,"16":1702583041633,"17":1702583272229,"18":1702583503368,"19":1702583735072,"20":1702583962899,"21":1702584193427,"22":1702584420263,"23":1702584648234,"24":1702584876185,"25":1702585104421,"26":1702585331702,"27":1702585565630,"28":1702585793865,"29":1702586020915,"30":1702586248326,"31":1702586476850,"32":1702586704783,"33":1702586932017,"34":1702587160406,"35":1702587387805,"36":1702587616981,"37":1702587844870,"38":1702588072766,"39":1702588301022,"40":1702588528518,"41":1702588755653,"42":1702588983907,"43":1702589211676,"44":1702589439306,"45":1702589667431,"46":1702589895539,"47":1702590123380,"48":1702590352490,"49":1702590580182},"datetime_complete":{"0":1702578573073,"1":1702579091911,"2":1702579414899,"3":1702579763942,"4":1702579991321,"5":1702580443238,"6":1702580908903,"7":1702581161871,"8":1702581186151,"9":1702581613805,"10":1702581851103,"11":1702582054604,"12":1702582360060,"13":1702582583643,"14":1702582817433,"15":1702583041464,"16":1702583272066,"17":1702583503213,"18":1702583734926,"19":1702583962756,"20":1702584193296,"21":1702584420105,"22":1702584648051,"23":1702584875975,"24":1702585104256,"25":1702585331536,"26":1702585565461,"27":1702585793634,"28":1702586020757,"29":1702586248173,"30":1702586476655,"31":1702586704639,"32":1702586931839,"33":1702587160187,"34":1702587387650,"35":1702587616838,"36":1702587844724,"37":1702588072616,"38":1702588300891,"39":1702588528304,"40":1702588755516,"41":1702588983773,"42":1702589211526,"43":1702589439140,"44":1702589667265,"45":1702589895353,"46":1702590123202,"47":1702590352296,"48":1702590580033,"49":1702590809062},"duration":{"0":307808,"1":518652,"2":322839,"3":348887,"4":227217,"5":451766,"6":465517,"7":252807,"8":24145,"9":427520,"10":237137,"11":203333,"12":305294,"13":223435,"14":233653,"15":223859,"16":230432,"17":230983,"18":231557,"19":227684,"20":230396,"21":226677,"22":227788,"23":227740,"24":228070,"25":227114,"26":233758,"27":228003,"28":226891,"29":227258,"30":228328,"31":227788,"32":227056,"33":228169,"34":227244,"35":229032,"36":227742,"37":227745,"38":228124,"39":227282,"40":226998,"41":228119,"42":227619,"43":227464,"44":227958,"45":227922,"46":227662,"47":228915,"48":227543,"49":228879},"params_batch_size":{"0":256,"1":512,"2":512,"3":4500,"4":512,"5":4096,"6":256,"7":4500,"8":256,"9":4096,"10":4500,"11":4500,"12":4500,"13":4500,"14":4500,"15":4500,"16":4500,"17":4500,"18":4500,"19":4500,"20":4500,"21":4500,"22":4500,"23":4500,"24":4500,"25":4500,"26":4500,"27":4500,"28":4500,"29":4500,"30":4500,"31":4500,"32":4500,"33":4500,"34":4500,"35":4500,"36":4500,"37":4500,"38":4500,"39":4500,"40":4500,"41":4500,"42":4500,"43":4500,"44":4500,"45":4500,"46":4500,"47":4500,"48":4500,"49":4500},"params_epochs":{"0":75,"1":142,"2":87,"3":103,"4":61,"5":133,"6":120,"7":72,"8":2,"9":125,"10":67,"11":57,"12":88,"13":63,"14":66,"15":63,"16":65,"17":65,"18":65,"19":64,"20":65,"21":64,"22":64,"23":64,"24":64,"25":64,"26":64,"27":64,"28":64,"29":64,"30":64,"31":64,"32":64,"33":64,"34":64,"35":64,"36":64,"37":64,"38":64,"39":64,"40":64,"41":64,"42":64,"43":64,"44":64,"45":64,"46":64,"47":64,"48":64,"49":64},"params_learning_rate":{"0":0.01574189,"1":0.0000066904,"2":0.0051410966,"3":0.0622002598,"4":0.0285708008,"5":0.0433504539,"6":0.0000042471,"7":0.0043000016,"8":0.0000004957,"9":0.0210511805,"10":0.002805552,"11":0.0013008684,"12":0.0112711688,"13":0.0024227758,"14":0.0008147155,"15":0.003694137,"16":0.0024874227,"17":0.0026938917,"18":0.0026949941,"19":0.0027537569,"20":0.0027376653,"21":0.0028256182,"22":0.0027717726,"23":0.0027483547,"24":0.002729887,"25":0.002688555,"26":0.0027065634,"27":0.0027781507,"28":0.0027901566,"29":0.0028247314,"30":0.0027116654,"31":0.0027427094,"32":0.0027302754,"33":0.0027107349,"34":0.0027144443,"35":0.002690007,"36":0.0026993361,"37":0.0027216336,"38":0.0027096103,"39":0.0026938295,"40":0.0026747442,"41":0.002706008,"42":0.0026937539,"43":0.0026710967,"44":0.0027297513,"45":0.0027267572,"46":0.0027304448,"47":0.0027266061,"48":0.00272685,"49":0.0027297873},"params_max_grad_norm":{"0":6.0909271151,"1":5.34261303,"2":2.1568030652,"3":8.1222940115,"4":2.7360438197,"5":8.9693080342,"6":8.3216275897,"7":2.147413679,"8":8.6584135736,"9":4.8277062666,"10":1.1550595727,"11":0.2,"12":0.6488470863,"13":2.2227461895,"14":1.4632458272,"15":0.9987408528,"16":1.2762387507,"17":1.4824493212,"18":1.4472909506,"19":1.4739388387,"20":1.4364020056,"21":1.5345673884,"22":1.3867298082,"23":1.3357356306,"24":1.293757196,"25":1.1914997834,"26":1.2683728659,"27":1.4420221302,"28":1.4760878631,"29":1.576657793,"30":1.4395917645,"31":1.3861775374,"32":1.3696961756,"33":1.346983109,"34":1.3538114322,"35":1.3157680224,"36":1.3361284099,"37":1.3717025836,"38":1.359032985,"39":1.333785963,"40":1.3032597951,"41":1.3635805698,"42":1.3512099475,"43":1.3349594613,"44":1.400788258,"45":1.390472005,"46":1.3784326204,"47":1.3742099446,"48":1.3700205177,"49":1.3705426608},"state":{"0":"COMPLETE","1":"COMPLETE","2":"COMPLETE","3":"COMPLETE","4":"COMPLETE","5":"COMPLETE","6":"COMPLETE","7":"COMPLETE","8":"COMPLETE","9":"COMPLETE","10":"COMPLETE","11":"COMPLETE","12":"COMPLETE","13":"COMPLETE","14":"COMPLETE","15":"COMPLETE","16":"COMPLETE","17":"COMPLETE","18":"COMPLETE","19":"COMPLETE","20":"COMPLETE","21":"COMPLETE","22":"COMPLETE","23":"COMPLETE","24":"COMPLETE","25":"COMPLETE","26":"COMPLETE","27":"COMPLETE","28":"COMPLETE","29":"COMPLETE","30":"COMPLETE","31":"COMPLETE","32":"COMPLETE","33":"COMPLETE","34":"COMPLETE","35":"COMPLETE","36":"COMPLETE","37":"COMPLETE","38":"COMPLETE","39":"COMPLETE","40":"COMPLETE","41":"COMPLETE","42":"COMPLETE","43":"COMPLETE","44":"COMPLETE","45":"COMPLETE","46":"COMPLETE","47":"COMPLETE","48":"COMPLETE","49":"COMPLETE"}}