{"epochs": 79, "batch_size": 45000, "learning_rate": 0.002336605925071076, "max_grad_norm": 1.3762014755541372}