{"number":{"0":0,"1":1,"2":2,"3":3,"4":4,"5":5,"6":6,"7":7,"8":8,"9":9,"10":10,"11":11,"12":12,"13":13,"14":14,"15":15,"16":16,"17":17,"18":18,"19":19},"value":{"0":0.0088,"1":0.0186000001,"2":0.0099999998,"3":0.0215999987,"4":0.0083999997,"5":0.8908000588,"6":0.0115999999,"7":0.0368000045,"8":0.0763999969,"9":0.0277999993,"10":0.9145999551,"11":0.8959999084,"12":0.9133999944,"13":0.9169999957,"14":0.9138000011,"15":0.9146000147,"16":0.9185999632,"17":0.9142000079,"18":0.9087999463,"19":0.9163999557},"datetime_start":{"0":1702477620279,"1":1702485747237,"2":1702500447192,"3":1702508516917,"4":1702513984998,"5":1702525303237,"6":1702532218277,"7":1702532496592,"8":1702538331632,"9":1702547848616,"10":1702552130681,"11":1702558917585,"12":1702565133077,"13":1702571499790,"14":1702578706329,"15":1702585749269,"16":1702592717732,"17":1702599712345,"18":1702606699921,"19":1702613685823},"datetime_complete":{"0":1702485747097,"1":1702500447038,"2":1702508516782,"3":1702513984862,"4":1702525303070,"5":1702532218135,"6":1702532496422,"7":1702538331476,"8":1702547848469,"9":1702552130477,"10":1702558917409,"11":1702565132937,"12":1702571499636,"13":1702578706135,"14":1702585749135,"15":1702592717582,"16":1702599712181,"17":1702606699723,"18":1702613685623,"19":1702620597544},"duration":{"0":8126817,"1":14699801,"2":8069590,"3":5467945,"4":11318071,"5":6914897,"6":278145,"7":5834883,"8":9516836,"9":4281860,"10":6786728,"11":6215352,"12":6366559,"13":7206345,"14":7042806,"15":6968313,"16":6994448,"17":6987378,"18":6985701,"19":6911720},"params_batch_size":{"0":256,"1":32768,"2":45000,"3":16384,"4":512,"5":45000,"6":32768,"7":2048,"8":32768,"9":2048,"10":45000,"11":45000,"12":45000,"13":45000,"14":45000,"15":45000,"16":45000,"17":45000,"18":45000,"19":45000},"params_epochs":{"0":75,"1":167,"2":92,"3":61,"4":110,"5":78,"6":2,"7":63,"8":105,"9":46,"10":76,"11":70,"12":71,"13":82,"14":80,"15":79,"16":79,"17":79,"18":79,"19":78},"params_learning_rate":{"0":0.0000001329,"1":0.0000056607,"2":0.0622002598,"3":0.0000074177,"4":0.0000001868,"5":0.0043000016,"6":0.0000096691,"7":0.0042247701,"8":0.0000289933,"9":0.0226649096,"10":0.0029919934,"11":0.000601984,"12":0.0024822626,"13":0.0020285604,"14":0.0022530789,"15":0.0023286013,"16":0.0023366059,"17":0.0023037264,"18":0.0023629949,"19":0.0023263192},"params_max_grad_norm":{"0":9.7051165512,"1":3.7903460643,"2":8.1222940115,"3":5.2966666075,"4":3.3882372415,"5":2.147413679,"6":0.8228718328,"7":5.0391968444,"8":7.6044011577,"9":5.4855539708,"10":1.2214843266,"11":1.7091481067,"12":1.4550608209,"13":1.4254632225,"14":1.3882312958,"15":1.3766680733,"16":1.3762014756,"17":1.3774622923,"18":1.3757053407,"19":1.3646680003},"state":{"0":"COMPLETE","1":"COMPLETE","2":"COMPLETE","3":"COMPLETE","4":"COMPLETE","5":"COMPLETE","6":"COMPLETE","7":"COMPLETE","8":"COMPLETE","9":"COMPLETE","10":"COMPLETE","11":"COMPLETE","12":"COMPLETE","13":"COMPLETE","14":"COMPLETE","15":"COMPLETE","16":"COMPLETE","17":"COMPLETE","18":"COMPLETE","19":"COMPLETE"}}