{"number":{"0":0,"1":1,"2":2,"3":3,"4":4,"5":5,"6":6,"7":7,"8":8,"9":9,"10":10,"11":11,"12":12,"13":13,"14":14,"15":15,"16":16,"17":17,"18":18,"19":19},"value":{"0":0.1000000015,"1":0.1111111045,"2":0.2222222388,"3":0.1466666609,"4":0.0822222233,"5":0.1266666651,"6":0.057777781,"7":0.1133333296,"8":0.8888888359,"9":0.9511110783,"10":0.9866666794,"11":0.9733333588,"12":0.9733332992,"13":0.1000000015,"14":0.9777777195,"15":0.9711110592,"16":0.1577777714,"17":0.9755555391,"18":0.9533333778,"19":0.9755555391},"datetime_start":{"0":1703005408195,"1":1703005688684,"2":1703006101906,"3":1703006157391,"4":1703006643631,"5":1703007212421,"6":1703007351315,"7":1703007655725,"8":1703007765117,"9":1703008085952,"10":1703008442788,"11":1703008796606,"12":1703009266342,"13":1703009600360,"14":1703010097686,"15":1703010467851,"16":1703010915149,"17":1703010935332,"18":1703011341880,"19":1703011831100},"datetime_complete":{"0":1703005688542,"1":1703006101731,"2":1703006157230,"3":1703006643479,"4":1703007212224,"5":1703007351137,"6":1703007655585,"7":1703007764926,"8":1703008085813,"9":1703008442651,"10":1703008796453,"11":1703009266106,"12":1703009600146,"13":1703010097492,"14":1703010467642,"15":1703010915014,"16":1703010935178,"17":1703011341704,"18":1703011830947,"19":1703012343301},"duration":{"0":280346,"1":413047,"2":55323,"3":486088,"4":568593,"5":138716,"6":304270,"7":109200,"8":320696,"9":356699,"10":353665,"11":469499,"12":333804,"13":497132,"14":369956,"15":447163,"16":20029,"17":406372,"18":489067,"19":512200},"params_epochs":{"0":75,"1":120,"2":12,"3":142,"4":167,"5":37,"6":87,"7":28,"8":92,"9":103,"10":102,"11":137,"12":95,"13":145,"14":107,"15":130,"16":1,"17":118,"18":143,"19":150},"params_learning_rate":{"0":0.0506157689,"1":0.0000008632,"2":0.01574189,"3":0.0000001329,"4":0.0000018795,"5":0.0000066904,"6":0.0000055895,"7":0.0000056607,"8":0.0051410966,"9":0.0003584986,"10":0.0018111683,"11":0.0014756484,"12":0.0012058994,"13":0.0142469267,"14":0.0018933489,"15":0.0006480267,"16":0.0004418442,"17":0.0011361329,"18":0.000392346,"19":0.0009666368},"params_max_grad_norm":{"0":7.3735406298,"1":1.7287462993,"2":6.0909271151,"3":9.7051165512,"4":1.9818846786,"5":5.34261303,"6":6.1961583683,"7":3.7903460643,"8":2.1568030652,"9":0.6552140447,"10":0.2,"11":0.9201892826,"12":1.0066139562,"13":0.2,"14":2.4589994742,"15":0.2,"16":0.2,"17":1.1127052338,"18":2.6949779659,"19":3.227325471},"state":{"0":"COMPLETE","1":"COMPLETE","2":"COMPLETE","3":"COMPLETE","4":"COMPLETE","5":"COMPLETE","6":"COMPLETE","7":"COMPLETE","8":"COMPLETE","9":"COMPLETE","10":"COMPLETE","11":"COMPLETE","12":"COMPLETE","13":"COMPLETE","14":"COMPLETE","15":"COMPLETE","16":"COMPLETE","17":"COMPLETE","18":"COMPLETE","19":"COMPLETE"}}