{"epochs": 75, "batch_size": 4500, "learning_rate": 0.0034799061174735353, "max_grad_norm": 1.3309031411744574}