{"number":{"0":0,"1":1,"2":2,"3":3,"4":4,"5":5,"6":6,"7":7,"8":8,"9":9,"10":10,"11":11,"12":12,"13":13,"14":14,"15":15,"16":16,"17":17,"18":18,"19":19,"20":20,"21":21,"22":22,"23":23,"24":24,"25":25,"26":26,"27":27,"28":28,"29":29,"30":30,"31":31,"32":32,"33":33,"34":34,"35":35,"36":36,"37":37,"38":38,"39":39,"40":40,"41":41,"42":42,"43":43,"44":44,"45":45,"46":46,"47":47,"48":48,"49":49},"value":{"0":0.0155000016,"1":0.0065000001,"2":0.0070000002,"3":0.0099999998,"4":0.0099999998,"5":0.0115,"6":0.0180000011,"7":0.3310000002,"8":0.0135000004,"9":0.0120000001,"10":0.3514999747,"11":0.063000001,"12":0.3414999843,"13":0.1204999983,"14":0.3725000024,"15":0.3440000117,"16":0.3794999719,"17":0.3829999864,"18":0.3729999959,"19":0.3475000262,"20":0.3724999726,"21":0.3759999871,"22":0.3770000339,"23":0.3695000112,"24":0.3740000129,"25":0.3994999826,"26":0.3474999964,"27":0.382499963,"28":0.3700000048,"29":0.3995000124,"30":0.3704999983,"31":0.3849999905,"32":0.3409999907,"33":0.3899999857,"34":0.3615000248,"35":0.3654999733,"36":0.3849999905,"37":0.3585000038,"38":0.3730000257,"39":0.3474999666,"40":0.3920000196,"41":0.3794999719,"42":0.3139999807,"43":0.3759999871,"44":0.3930000067,"45":0.4189999998,"46":0.4224999845,"47":0.3274999857,"48":0.3385000229,"49":0.3675000072},"datetime_start":{"0":1702565171793,"1":1702566048673,"2":1702567553710,"3":1702568480013,"4":1702569441517,"5":1702570097436,"6":1702571370384,"7":1702572761630,"8":1702573441796,"9":1702573487099,"10":1702574625357,"11":1702575261999,"12":1702575693543,"13":1702576370409,"14":1702577035824,"15":1702577727325,"16":1702578625736,"17":1702579320444,"18":1702580046034,"19":1702580783084,"20":1702581509246,"21":1702582225533,"22":1702582943097,"23":1702583673070,"24":1702584395616,"25":1702585118884,"26":1702585840630,"27":1702586582704,"28":1702587279761,"29":1702587969235,"30":1702588658717,"31":1702589309613,"32":1702589977525,"33":1702590630637,"34":1702591355867,"35":1702592091965,"36":1702592818696,"37":1702593548408,"38":1702594275071,"39":1702594993496,"40":1702595708986,"41":1702596418488,"42":1702597133351,"43":1702597851489,"44":1702598556451,"45":1702599263017,"46":1702599967933,"47":1702600676726,"48":1702601385631,"49":1702602082296},"datetime_complete":{"0":1702566048479,"1":1702567553564,"2":1702568479869,"3":1702569441349,"4":1702570097264,"5":1702571370133,"6":1702572761493,"7":1702573441651,"8":1702573486960,"9":1702574625175,"10":1702575261859,"11":1702575693340,"12":1702576370252,"13":1702577035676,"14":1702577727146,"15":1702578625600,"16":1702579320293,"17":1702580045880,"18":1702580782927,"19":1702581509082,"20":1702582225400,"21":1702582942960,"22":1702583672873,"23":1702584395445,"24":1702585118713,"25":1702585840468,"26":1702586582545,"27":1702587279583,"28":1702587969095,"29":1702588658581,"30":1702589309451,"31":1702589977285,"32":1702590630474,"33":1702591355630,"34":1702592091782,"35":1702592818559,"36":1702593548257,"37":1702594274708,"38":1702594993317,"39":1702595708846,"40":1702596418320,"41":1702597133183,"42":1702597851300,"43":1702598556295,"44":1702599262883,"45":1702599967787,"46":1702600676558,"47":1702601385474,"48":1702602082125,"49":1702602798538},"duration":{"0":876685,"1":1504891,"2":926159,"3":961335,"4":655747,"5":1272696,"6":1391108,"7":680020,"8":45163,"9":1138075,"10":636502,"11":431340,"12":676708,"13":665267,"14":691322,"15":898275,"16":694556,"17":725435,"18":736893,"19":725997,"20":716154,"21":717427,"22":729775,"23":722374,"24":723097,"25":721583,"26":741914,"27":696878,"28":689333,"29":689345,"30":650734,"31":667671,"32":652948,"33":724993,"34":735914,"35":726594,"36":729560,"37":726300,"38":718245,"39":715350,"40":709333,"41":714695,"42":717948,"43":704805,"44":706431,"45":704769,"46":708624,"47":708748,"48":696493,"49":716241},"params_batch_size":{"0":256,"1":512,"2":512,"3":4500,"4":512,"5":4096,"6":256,"7":4500,"8":256,"9":4096,"10":4500,"11":4500,"12":4500,"13":4500,"14":4500,"15":4500,"16":4500,"17":4500,"18":4500,"19":4500,"20":4500,"21":4500,"22":4500,"23":4500,"24":4500,"25":4500,"26":4500,"27":4500,"28":4500,"29":4500,"30":4500,"31":4500,"32":4500,"33":4500,"34":4500,"35":4500,"36":4500,"37":4500,"38":4500,"39":4500,"40":4500,"41":4500,"42":4500,"43":4500,"44":4500,"45":4500,"46":4500,"47":4500,"48":4500,"49":4500},"params_epochs":{"0":75,"1":142,"2":87,"3":103,"4":61,"5":133,"6":120,"7":72,"8":2,"9":125,"10":67,"11":45,"12":72,"13":70,"14":73,"15":96,"16":74,"17":77,"18":78,"19":77,"20":76,"21":76,"22":77,"23":77,"24":77,"25":77,"26":79,"27":74,"28":73,"29":73,"30":69,"31":71,"32":69,"33":77,"34":78,"35":77,"36":77,"37":77,"38":76,"39":76,"40":76,"41":76,"42":76,"43":75,"44":75,"45":75,"46":75,"47":75,"48":74,"49":76},"params_learning_rate":{"0":0.01574189,"1":0.0000066904,"2":0.0051410966,"3":0.0622002598,"4":0.0285708008,"5":0.0433504539,"6":0.0000042471,"7":0.0043000016,"8":0.0000004957,"9":0.0210511805,"10":0.0028026453,"11":0.0008253943,"12":0.0033423453,"13":0.000983493,"14":0.0031937569,"15":0.0030873844,"16":0.0032647569,"17":0.0036540801,"18":0.0036909146,"19":0.0037603468,"20":0.00333786,"21":0.0033108023,"22":0.003271844,"23":0.0032347058,"24":0.0032729884,"25":0.0032696193,"26":0.003179994,"27":0.0033871258,"28":0.0034022184,"29":0.0033910995,"30":0.0034388358,"31":0.0034175565,"32":0.0034323216,"33":0.0033649895,"34":0.0033617301,"35":0.0033626443,"36":0.0033618026,"37":0.0033577541,"38":0.0033617609,"39":0.0033612863,"40":0.0033705104,"41":0.0033696527,"42":0.0033666602,"43":0.0034003933,"44":0.0033998188,"45":0.0034114075,"46":0.0034799061,"47":0.003635671,"48":0.0033550006,"49":0.0034051651},"params_max_grad_norm":{"0":6.0909271151,"1":5.34261303,"2":2.1568030652,"3":8.1222940115,"4":2.7360438197,"5":8.9693080342,"6":8.3216275897,"7":2.147413679,"8":8.6584135736,"9":4.8277062666,"10":1.162475746,"11":1.417495542,"12":0.3819063294,"13":1.2088408276,"14":1.4680767219,"15":1.5535970684,"16":1.4769871054,"17":1.2458876635,"18":1.2383712731,"19":1.2745023286,"20":1.3905604356,"21":1.411571907,"22":1.4462861794,"23":1.4816894552,"24":1.4462770818,"25":1.4516526059,"26":1.5454810217,"27":1.349018806,"28":1.3450632682,"29":1.347598426,"30":1.3408754231,"31":1.3382868151,"32":1.3418364285,"33":1.3215679691,"34":1.2954926789,"35":1.3277992135,"36":1.3403243868,"37":1.3297870942,"38":1.3478191815,"39":1.3472718216,"40":1.3574838244,"41":1.3532768352,"42":1.3509084323,"43":1.3642625279,"44":1.3643741234,"45":1.3590842773,"46":1.3309031412,"47":1.2633496334,"48":1.439881804,"49":1.3628195927},"state":{"0":"COMPLETE","1":"COMPLETE","2":"COMPLETE","3":"COMPLETE","4":"COMPLETE","5":"COMPLETE","6":"COMPLETE","7":"COMPLETE","8":"COMPLETE","9":"COMPLETE","10":"COMPLETE","11":"COMPLETE","12":"COMPLETE","13":"COMPLETE","14":"COMPLETE","15":"COMPLETE","16":"COMPLETE","17":"COMPLETE","18":"COMPLETE","19":"COMPLETE","20":"COMPLETE","21":"COMPLETE","22":"COMPLETE","23":"COMPLETE","24":"COMPLETE","25":"COMPLETE","26":"COMPLETE","27":"COMPLETE","28":"COMPLETE","29":"COMPLETE","30":"COMPLETE","31":"COMPLETE","32":"COMPLETE","33":"COMPLETE","34":"COMPLETE","35":"COMPLETE","36":"COMPLETE","37":"COMPLETE","38":"COMPLETE","39":"COMPLETE","40":"COMPLETE","41":"COMPLETE","42":"COMPLETE","43":"COMPLETE","44":"COMPLETE","45":"COMPLETE","46":"COMPLETE","47":"COMPLETE","48":"COMPLETE","49":"COMPLETE"}}