{"epochs": 69, "batch_size": 4500, "learning_rate": 0.002953764977623216, "max_grad_norm": 0.8148624035900387}