{"number":{"0":0,"1":1,"2":2,"3":3,"4":4,"5":5,"6":6,"7":7,"8":8,"9":9,"10":10,"11":11,"12":12,"13":13,"14":14,"15":15,"16":16,"17":17,"18":18,"19":19,"20":20,"21":21,"22":22,"23":23,"24":24,"25":25,"26":26,"27":27,"28":28,"29":29,"30":30,"31":31,"32":32,"33":33,"34":34,"35":35,"36":36,"37":37,"38":38,"39":39,"40":40,"41":41,"42":42,"43":43,"44":44,"45":45,"46":46,"47":47,"48":48,"49":49},"value":{"0":0.1177777871,"1":0.1111111194,"2":0.6000000238,"3":0.1022222191,"4":0.1088888943,"5":0.1199999973,"6":0.086666666,"7":0.777777791,"8":0.1533333361,"9":0.5400000215,"10":0.7911111116,"11":0.7799999714,"12":0.777777791,"13":0.7799999714,"14":0.7866666913,"15":0.7866667509,"16":0.7888888717,"17":0.782222271,"18":0.7888889313,"19":0.7888889313,"20":0.7888888717,"21":0.7755556107,"22":0.7844444513,"23":0.7866666913,"24":0.7866666317,"25":0.7666667104,"26":0.7866666317,"27":0.8000000119,"28":0.7888889313,"29":0.782222271,"30":0.7911111116,"31":0.7799999714,"32":0.7711111307,"33":0.7977777719,"34":0.7688889503,"35":0.7755556107,"36":0.7844444513,"37":0.7866666317,"38":0.7933333516,"39":0.782222271,"40":0.7911111116,"41":0.7866666317,"42":0.7955555916,"43":0.7733333707,"44":0.7866666913,"45":0.780000031,"46":0.7888889313,"47":0.7755555511,"48":0.7866666913,"49":0.780000031},"datetime_start":{"0":1702566772261,"1":1702567179650,"2":1702567843529,"3":1702568253625,"4":1702568683148,"5":1702568973162,"6":1702569517033,"7":1702570125539,"8":1702570428692,"9":1702570449693,"10":1702570960780,"11":1702571370364,"12":1702571678310,"13":1702571937659,"14":1702572317644,"15":1702572654315,"16":1702572966839,"17":1702573271273,"18":1702573574101,"19":1702573864612,"20":1702574152096,"21":1702574439701,"22":1702574726957,"23":1702575051778,"24":1702575364943,"25":1702575677094,"26":1702575989375,"27":1702576287204,"28":1702576578914,"29":1702576870908,"30":1702577158288,"31":1702577450364,"32":1702577738635,"33":1702578035165,"34":1702578331835,"35":1702578636969,"36":1702578925048,"37":1702579212525,"38":1702579500353,"39":1702579784305,"40":1702580054682,"41":1702580345670,"42":1702580637253,"43":1702580928701,"44":1702581224694,"45":1702581521878,"46":1702581816102,"47":1702582108445,"48":1702582404760,"49":1702582689692},"datetime_complete":{"0":1702567179498,"1":1702567843381,"2":1702568253475,"3":1702568682972,"4":1702568973012,"5":1702569516888,"6":1702570125388,"7":1702570428556,"8":1702570449556,"9":1702570960649,"10":1702571370074,"11":1702571678173,"12":1702571937515,"13":1702572317510,"14":1702572654176,"15":1702572966704,"16":1702573271136,"17":1702573573926,"18":1702573864479,"19":1702574151932,"20":1702574439570,"21":1702574726806,"22":1702575051599,"23":1702575364784,"24":1702575676939,"25":1702575989241,"26":1702576287029,"27":1702576578746,"28":1702576870775,"29":1702577158131,"30":1702577450205,"31":1702577738478,"32":1702578035031,"33":1702578331661,"34":1702578636810,"35":1702578924914,"36":1702579212341,"37":1702579500198,"38":1702579784162,"39":1702580054549,"40":1702580345500,"41":1702580637105,"42":1702580928544,"43":1702581224530,"44":1702581521715,"45":1702581815969,"46":1702582108296,"47":1702582404606,"48":1702582689550,"49":1702582977881},"duration":{"0":407237,"1":663730,"2":409945,"3":429346,"4":289863,"5":543725,"6":608355,"7":303017,"8":20864,"9":510955,"10":409293,"11":307809,"12":259205,"13":379850,"14":336532,"15":312388,"16":304297,"17":302652,"18":290377,"19":287320,"20":287474,"21":287104,"22":324641,"23":313005,"24":311995,"25":312147,"26":297654,"27":291542,"28":291860,"29":287223,"30":291916,"31":288113,"32":296396,"33":296496,"34":304975,"35":287945,"36":287292,"37":287673,"38":283809,"39":270244,"40":290817,"41":291434,"42":291290,"43":295828,"44":297021,"45":294091,"46":292194,"47":296160,"48":284789,"49":288188},"params_batch_size":{"0":256,"1":512,"2":512,"3":4500,"4":512,"5":4096,"6":256,"7":4500,"8":256,"9":4096,"10":4500,"11":4500,"12":4500,"13":4500,"14":4500,"15":4500,"16":4500,"17":4500,"18":4500,"19":4500,"20":4500,"21":4500,"22":4500,"23":4500,"24":4500,"25":4500,"26":4500,"27":4500,"28":4500,"29":4500,"30":4500,"31":4500,"32":4500,"33":4500,"34":4500,"35":4500,"36":4500,"37":4500,"38":4500,"39":4500,"40":4500,"41":4500,"42":4500,"43":4500,"44":4500,"45":4500,"46":4500,"47":4500,"48":4500,"49":4500},"params_epochs":{"0":75,"1":142,"2":87,"3":103,"4":61,"5":133,"6":120,"7":72,"8":2,"9":125,"10":67,"11":73,"12":61,"13":91,"14":80,"15":74,"16":72,"17":72,"18":69,"19":68,"20":68,"21":68,"22":77,"23":74,"24":74,"25":74,"26":70,"27":69,"28":69,"29":68,"30":69,"31":68,"32":70,"33":70,"34":72,"35":68,"36":68,"37":68,"38":67,"39":64,"40":69,"41":69,"42":69,"43":70,"44":70,"45":69,"46":69,"47":70,"48":67,"49":68},"params_learning_rate":{"0":0.01574189,"1":0.0000066904,"2":0.0051410966,"3":0.0622002598,"4":0.0285708008,"5":0.0433504539,"6":0.0000042471,"7":0.0043000016,"8":0.0000004957,"9":0.0210511805,"10":0.0026579467,"11":0.0024618062,"12":0.0040571822,"13":0.0052026546,"14":0.0036161606,"15":0.0033210245,"16":0.0032468581,"17":0.0032777393,"18":0.002824991,"19":0.0028091642,"20":0.002842291,"21":0.002847538,"22":0.003264998,"23":0.0031917156,"24":0.0032484569,"25":0.0032080699,"26":0.0029735554,"27":0.002953765,"28":0.0030524152,"29":0.0030553745,"30":0.0029969564,"31":0.0029975271,"32":0.0030380977,"33":0.0029044258,"34":0.0028642624,"35":0.0031552531,"36":0.0030572316,"37":0.0029869693,"38":0.0029631955,"39":0.0028472519,"40":0.0031440658,"41":0.0032039339,"42":0.0032222612,"43":0.0033431451,"44":0.0032073364,"45":0.0031440872,"46":0.0031631057,"47":0.0032057209,"48":0.0030149754,"49":0.0030472141},"params_max_grad_norm":{"0":6.0909271151,"1":5.34261303,"2":2.1568030652,"3":8.1222940115,"4":2.7360438197,"5":8.9693080342,"6":8.3216275897,"7":2.147413679,"8":8.6584135736,"9":4.8277062666,"10":1.0338172374,"11":1.3630958028,"12":1.3096830628,"13":0.3254633373,"14":0.8961127314,"15":0.6779480372,"16":0.8620613988,"17":0.8538924291,"18":0.6919101034,"19":0.7321056346,"20":0.7600640039,"21":0.7607123645,"22":0.8536488582,"23":0.8485531889,"24":0.9024351699,"25":0.8622182628,"26":0.8197284084,"27":0.8148624036,"28":0.795741888,"29":0.8035616133,"30":0.7823741408,"31":0.7647102899,"32":0.8110188845,"33":0.7938584041,"34":0.7076726717,"35":1.0565523245,"36":0.8983575015,"37":0.8724093551,"38":0.8773905889,"39":0.9055546925,"40":0.8999562033,"41":0.9043455225,"42":0.9088789954,"43":0.8811706942,"44":0.9462185059,"45":0.9200798603,"46":0.9334736915,"47":0.9503156482,"48":0.8836282504,"49":0.9089138174},"state":{"0":"COMPLETE","1":"COMPLETE","2":"COMPLETE","3":"COMPLETE","4":"COMPLETE","5":"COMPLETE","6":"COMPLETE","7":"COMPLETE","8":"COMPLETE","9":"COMPLETE","10":"COMPLETE","11":"COMPLETE","12":"COMPLETE","13":"COMPLETE","14":"COMPLETE","15":"COMPLETE","16":"COMPLETE","17":"COMPLETE","18":"COMPLETE","19":"COMPLETE","20":"COMPLETE","21":"COMPLETE","22":"COMPLETE","23":"COMPLETE","24":"COMPLETE","25":"COMPLETE","26":"COMPLETE","27":"COMPLETE","28":"COMPLETE","29":"COMPLETE","30":"COMPLETE","31":"COMPLETE","32":"COMPLETE","33":"COMPLETE","34":"COMPLETE","35":"COMPLETE","36":"COMPLETE","37":"COMPLETE","38":"COMPLETE","39":"COMPLETE","40":"COMPLETE","41":"COMPLETE","42":"COMPLETE","43":"COMPLETE","44":"COMPLETE","45":"COMPLETE","46":"COMPLETE","47":"COMPLETE","48":"COMPLETE","49":"COMPLETE"}}