{"epochs": 93, "batch_size": 45000, "learning_rate": 0.0030832568706123165, "max_grad_norm": 1.920810709686112}