{"number":{"0":0,"1":1,"2":2,"3":3,"4":4,"5":5,"6":6,"7":7,"8":8,"9":9,"10":10,"11":11,"12":12,"13":13,"14":14,"15":15,"16":16,"17":17,"18":18,"19":19},"value":{"0":0.0079999994,"1":0.0114000011,"2":0.0099999998,"3":0.0111999996,"4":0.0065999995,"5":0.7066000104,"6":0.0111999996,"7":0.0115999999,"8":0.0054000001,"9":0.0120000001,"10":0.7256000042,"11":0.2678000033,"12":0.6348000169,"13":0.7455999851,"14":0.7510000467,"15":0.7389999628,"16":0.7416000366,"17":0.7568000555,"18":0.7460000515,"19":0.7477999926},"datetime_start":{"0":1702474788320,"1":1702482962872,"2":1702497644621,"3":1702505774569,"4":1702511298392,"5":1702522643168,"6":1702529517167,"7":1702529793093,"8":1702535646286,"9":1702544935385,"10":1702549213409,"11":1702555906537,"12":1702562056618,"13":1702568956585,"14":1702577291355,"15":1702585136010,"16":1702592832474,"17":1702600673221,"18":1702608862340,"19":1702617682587},"datetime_complete":{"0":1702482962717,"1":1702497644486,"2":1702505774431,"3":1702511298255,"4":1702522643035,"5":1702529517033,"6":1702529792907,"7":1702535646152,"8":1702544935224,"9":1702549213235,"10":1702555906374,"11":1702562056449,"12":1702568956424,"13":1702577291140,"14":1702585135834,"15":1702592832303,"16":1702600673021,"17":1702608862155,"18":1702617682418,"19":1702626044098},"duration":{"0":8174396,"1":14681613,"2":8129809,"3":5523686,"4":11344643,"5":6873865,"6":275739,"7":5853059,"8":9288937,"9":4277850,"10":6692965,"11":6149911,"12":6899805,"13":8334555,"14":7844478,"15":7696293,"16":7840546,"17":8188934,"18":8820078,"19":8361511},"params_batch_size":{"0":256,"1":32768,"2":45000,"3":16384,"4":512,"5":45000,"6":32768,"7":2048,"8":32768,"9":2048,"10":45000,"11":45000,"12":45000,"13":45000,"14":45000,"15":45000,"16":45000,"17":45000,"18":45000,"19":45000},"params_epochs":{"0":75,"1":167,"2":92,"3":61,"4":110,"5":78,"6":2,"7":63,"8":105,"9":46,"10":76,"11":69,"12":78,"13":94,"14":89,"15":86,"16":88,"17":93,"18":99,"19":95},"params_learning_rate":{"0":0.0000001329,"1":0.0000056607,"2":0.0622002598,"3":0.0000074177,"4":0.0000001868,"5":0.0043000016,"6":0.0000096691,"7":0.0042247701,"8":0.0000289933,"9":0.0226649096,"10":0.0029751798,"11":0.0006200542,"12":0.005021441,"13":0.0030545529,"14":0.0030567572,"15":0.0029551033,"16":0.0031112192,"17":0.0030832569,"18":0.0031326692,"19":0.0031021807},"params_max_grad_norm":{"0":9.7051165512,"1":3.7903460643,"2":8.1222940115,"3":5.2966666075,"4":3.3882372415,"5":2.147413679,"6":0.8228718328,"7":5.0391968444,"8":7.6044011577,"9":5.4855539708,"10":1.2080038051,"11":1.7081446468,"12":0.7176683174,"13":1.8360539076,"14":1.9300002029,"15":2.2544791062,"16":1.7773193838,"17":1.9208107097,"18":1.9639544157,"19":1.9207842156},"state":{"0":"COMPLETE","1":"COMPLETE","2":"COMPLETE","3":"COMPLETE","4":"COMPLETE","5":"COMPLETE","6":"COMPLETE","7":"COMPLETE","8":"COMPLETE","9":"COMPLETE","10":"COMPLETE","11":"COMPLETE","12":"COMPLETE","13":"COMPLETE","14":"COMPLETE","15":"COMPLETE","16":"COMPLETE","17":"COMPLETE","18":"COMPLETE","19":"COMPLETE"}}