{"epochs": 78, "batch_size": 45000, "learning_rate": 0.0032555477187253567, "max_grad_norm": 3.626764486568773}