{"number":{"0":0,"1":1,"2":2,"3":3,"4":4,"5":5,"6":6,"7":7,"8":8,"9":9,"10":10,"11":11,"12":12,"13":13,"14":14,"15":15,"16":16,"17":17,"18":18,"19":19},"value":{"0":0.0088,"1":0.0221999995,"2":0.7950000167,"3":0.0175999999,"4":0.0186000001,"5":0.9041999578,"6":0.0153999999,"7":0.8786000013,"8":0.0970000029,"9":0.7246000171,"10":0.8932000399,"11":0.8986000419,"12":0.8991999626,"13":0.9079999924,"14":0.9018000364,"15":0.8754000068,"16":0.9062000513,"17":0.9077999592,"18":0.9065999389,"19":0.904399991},"datetime_start":{"0":1702474788295,"1":1702482290331,"2":1702495551460,"3":1702502833797,"4":1702507748389,"5":1702518124267,"6":1702524343387,"7":1702524603956,"8":1702529898969,"9":1702538277551,"10":1702542177143,"11":1702548913861,"12":1702554442211,"13":1702562114948,"14":1702568324867,"15":1702572462738,"16":1702576854886,"17":1702582348946,"18":1702588173216,"19":1702593969406},"datetime_complete":{"0":1702482290171,"1":1702495551271,"2":1702502833650,"3":1702507748235,"4":1702518124107,"5":1702524343202,"6":1702524603821,"7":1702529898821,"8":1702538277415,"9":1702542176987,"10":1702548913695,"11":1702554442029,"12":1702562114765,"13":1702568324716,"14":1702572462586,"15":1702576854738,"16":1702582348791,"17":1702588173035,"18":1702593969249,"19":1702599855443},"duration":{"0":7501876,"1":13260939,"2":7282190,"3":4914438,"4":10375718,"5":6218935,"6":260434,"7":5294864,"8":8378445,"9":3899436,"10":6736552,"11":5528168,"12":7672553,"13":6209768,"14":4137719,"15":4391999,"16":5493904,"17":5824089,"18":5796032,"19":5886036},"params_batch_size":{"0":256,"1":32768,"2":45000,"3":16384,"4":512,"5":45000,"6":32768,"7":2048,"8":32768,"9":2048,"10":45000,"11":45000,"12":2048,"13":45000,"14":45000,"15":2048,"16":45000,"17":45000,"18":45000,"19":45000},"params_epochs":{"0":75,"1":167,"2":92,"3":61,"4":110,"5":78,"6":2,"7":63,"8":105,"9":46,"10":84,"11":69,"12":92,"13":78,"14":52,"15":52,"16":69,"17":73,"18":73,"19":74},"params_learning_rate":{"0":0.0000001329,"1":0.0000056607,"2":0.0622002598,"3":0.0000074177,"4":0.0000001868,"5":0.0043000016,"6":0.0000096691,"7":0.0042247701,"8":0.0000289933,"9":0.0226649096,"10":0.0135391374,"11":0.0012903614,"12":0.0003003609,"13":0.0032555477,"14":0.0081816839,"15":0.000174564,"16":0.0040471569,"17":0.0039512374,"18":0.003947384,"19":0.0039162835},"params_max_grad_norm":{"0":9.7051165512,"1":3.7903460643,"2":8.1222940115,"3":5.2966666075,"4":3.3882372415,"5":2.147413679,"6":0.8228718328,"7":5.0391968444,"8":7.6044011577,"9":5.4855539708,"10":4.5443958703,"11":4.6523729565,"12":4.2527387715,"13":3.6267644866,"14":3.4534095479,"15":5.8253584864,"16":3.4510554821,"17":3.4139780603,"18":3.4130027443,"19":3.3959307621},"state":{"0":"COMPLETE","1":"COMPLETE","2":"COMPLETE","3":"COMPLETE","4":"COMPLETE","5":"COMPLETE","6":"COMPLETE","7":"COMPLETE","8":"COMPLETE","9":"COMPLETE","10":"COMPLETE","11":"COMPLETE","12":"COMPLETE","13":"COMPLETE","14":"COMPLETE","15":"COMPLETE","16":"COMPLETE","17":"COMPLETE","18":"COMPLETE","19":"COMPLETE"}}