{"epochs": 106, "learning_rate": 0.0019006540469249647, "max_grad_norm": 0.6629140404513676}