{"number":{"0":0,"1":1,"2":2,"3":3,"4":4,"5":5,"6":6,"7":7,"8":8,"9":9,"10":10,"11":11,"12":12,"13":13,"14":14,"15":15,"16":16,"17":17,"18":18,"19":19},"value":{"0":0.1000000015,"1":0.1111111045,"2":0.1466666758,"3":0.1466666609,"4":0.0733333379,"5":0.1222222298,"6":0.0488888919,"7":0.0977777839,"8":0.4222222269,"9":0.380000025,"10":0.4733333588,"11":0.1400000155,"12":0.1333333254,"13":0.3555555642,"14":0.0955555588,"15":0.6600000262,"16":0.8466666341,"17":0.853333354,"18":0.8355555534,"19":0.8688889146},"datetime_start":{"0":1703004980305,"1":1703005266007,"2":1703005674643,"3":1703005729455,"4":1703006212469,"5":1703006775596,"6":1703006913502,"7":1703007216065,"8":1703007324366,"9":1703007642052,"10":1703007996009,"11":1703008332121,"12":1703008785277,"13":1703009438398,"14":1703009750570,"15":1703010098663,"16":1703010303809,"17":1703010589605,"18":1703010996886,"19":1703011339070},"datetime_complete":{"0":1703005265862,"1":1703005674470,"2":1703005729284,"3":1703006212310,"4":1703006775438,"5":1703006913326,"6":1703007215933,"7":1703007324214,"8":1703007641917,"9":1703007995855,"10":1703008331986,"11":1703008785107,"12":1703009438266,"13":1703009750410,"14":1703010098500,"15":1703010303675,"16":1703010589451,"17":1703010996736,"18":1703011338914,"19":1703011704370},"duration":{"0":285556,"1":408463,"2":54640,"3":482854,"4":562968,"5":137729,"6":302431,"7":108148,"8":317551,"9":353803,"10":335976,"11":452986,"12":652988,"13":312011,"14":347930,"15":205012,"16":285642,"17":407131,"18":342028,"19":365300},"params_epochs":{"0":75,"1":120,"2":12,"3":142,"4":167,"5":37,"6":87,"7":28,"8":92,"9":103,"10":97,"11":133,"12":200,"13":89,"14":101,"15":57,"16":82,"17":119,"18":99,"19":106},"params_learning_rate":{"0":0.0506157689,"1":0.0000008632,"2":0.01574189,"3":0.0000001329,"4":0.0000018795,"5":0.0000066904,"6":0.0000055895,"7":0.0000056607,"8":0.0051410966,"9":0.0003584986,"10":0.0049224979,"11":0.0101463268,"12":0.1,"13":0.0054811777,"14":0.0094696647,"15":0.000945454,"16":0.0016507691,"17":0.0017347005,"18":0.0017299768,"19":0.001900654},"params_max_grad_norm":{"0":7.3735406298,"1":1.7287462993,"2":6.0909271151,"3":9.7051165512,"4":1.9818846786,"5":5.34261303,"6":6.1961583683,"7":3.7903460643,"8":2.1568030652,"9":0.6552140447,"10":0.5972963229,"11":0.2,"12":10.0,"13":0.2085539536,"14":1.3684212188,"15":0.2,"16":0.8626783623,"17":1.1867554982,"18":2.4515444838,"19":0.6629140405},"state":{"0":"COMPLETE","1":"COMPLETE","2":"COMPLETE","3":"COMPLETE","4":"COMPLETE","5":"COMPLETE","6":"COMPLETE","7":"COMPLETE","8":"COMPLETE","9":"COMPLETE","10":"COMPLETE","11":"COMPLETE","12":"COMPLETE","13":"COMPLETE","14":"COMPLETE","15":"COMPLETE","16":"COMPLETE","17":"COMPLETE","18":"COMPLETE","19":"COMPLETE"}}