{"number":{"0":0,"1":1,"2":2,"3":3,"4":4,"5":5,"6":6,"7":7,"8":8,"9":9,"10":10,"11":11,"12":12,"13":13,"14":14,"15":15,"16":16,"17":17,"18":18,"19":19},"value":{"0":0.0130000003,"1":0.0125000002,"2":0.0315000005,"3":0.0065000001,"4":0.0089999996,"5":0.0255000014,"6":0.0049999999,"7":0.0185000002,"8":0.0549999997,"9":0.0215000007,"10":0.0225000009,"11":0.0040000002,"12":0.0120000001,"13":0.0219999999,"14":0.0485000014,"15":0.0219999999,"16":0.0370000005,"17":0.0329999998,"18":0.0375000015,"19":0.0094999997},"datetime_start":{"0":1703005408035,"1":1703006055793,"2":1703007049559,"3":1703007166791,"4":1703008341439,"5":1703009715819,"6":1703010037974,"7":1703010765398,"8":1703011012814,"9":1703011779148,"10":1703012634666,"11":1703013210399,"12":1703014435350,"13":1703014464310,"14":1703015240534,"15":1703016008375,"16":1703016061992,"17":1703016883337,"18":1703017591317,"19":1703018425557},"datetime_complete":{"0":1703006055641,"1":1703007049401,"2":1703007166634,"3":1703008341234,"4":1703009715651,"5":1703010037797,"6":1703010765228,"7":1703011012529,"8":1703011779012,"9":1703012634499,"10":1703013210265,"11":1703014435153,"12":1703014464151,"13":1703015240393,"14":1703016008242,"15":1703016061798,"16":1703016883098,"17":1703017591119,"18":1703018425395,"19":1703018573012},"duration":{"0":647605,"1":993607,"2":117075,"3":1174442,"4":1374212,"5":321977,"6":727253,"7":247130,"8":766198,"9":855351,"10":575599,"11":1224754,"12":28800,"13":776082,"14":767707,"15":53423,"16":821106,"17":707782,"18":834078,"19":147454},"params_epochs":{"0":75,"1":120,"2":12,"3":142,"4":167,"5":37,"6":87,"7":28,"8":92,"9":103,"10":67,"11":147,"12":1,"13":93,"14":91,"15":4,"16":98,"17":84,"18":100,"19":15},"params_learning_rate":{"0":0.0506157689,"1":0.0000008632,"2":0.01574189,"3":0.0000001329,"4":0.0000018795,"5":0.0000066904,"6":0.0000055895,"7":0.0000056607,"8":0.0051410966,"9":0.0003584986,"10":0.0165051491,"11":0.0228264856,"12":0.0045790751,"13":0.1,"14":0.0029934433,"15":0.0689093865,"16":0.0058188447,"17":0.0021965192,"18":0.0028919168,"19":0.0000004391},"params_max_grad_norm":{"0":7.3735406298,"1":1.7287462993,"2":6.0909271151,"3":9.7051165512,"4":1.9818846786,"5":5.34261303,"6":6.1961583683,"7":3.7903460643,"8":2.1568030652,"9":0.6552140447,"10":1.9722392436,"11":2.1581754767,"12":1.8151461456,"13":0.2,"14":3.7243802994,"15":10.0,"16":2.4703542454,"17":2.1139602278,"18":5.1297251993,"19":10.0},"state":{"0":"COMPLETE","1":"COMPLETE","2":"COMPLETE","3":"COMPLETE","4":"COMPLETE","5":"COMPLETE","6":"COMPLETE","7":"COMPLETE","8":"COMPLETE","9":"COMPLETE","10":"COMPLETE","11":"COMPLETE","12":"COMPLETE","13":"COMPLETE","14":"COMPLETE","15":"COMPLETE","16":"COMPLETE","17":"COMPLETE","18":"COMPLETE","19":"COMPLETE"}}