{"epochs": 77, "batch_size": 4500, "learning_rate": 0.0036540800872209805, "max_grad_norm": 1.2458876634604623}