{"number":{"0":0,"1":1,"2":2,"3":3,"4":4,"5":5,"6":6,"7":7,"8":8,"9":9,"10":10,"11":11,"12":12,"13":13,"14":14,"15":15,"16":16,"17":17,"18":18,"19":19},"value":{"0":0.0155000016,"1":0.0065000001,"2":0.0070000002,"3":0.0099999998,"4":0.0099999998,"5":0.0115,"6":0.0180000011,"7":0.3310000002,"8":0.0135000004,"9":0.0120000001,"10":0.3514999747,"11":0.063000001,"12":0.3414999843,"13":0.1204999983,"14":0.3725000024,"15":0.3440000117,"16":0.3794999719,"17":0.3829999864,"18":0.3729999959,"19":0.3475000262},"datetime_start":{"0":1702474789217,"1":1702475695214,"2":1702477194839,"3":1702478122092,"4":1702479088017,"5":1702479743443,"6":1702480947378,"7":1702482341948,"8":1702483016847,"9":1702483062538,"10":1702484192855,"11":1702484826672,"12":1702485257616,"13":1702485933157,"14":1702486592629,"15":1702487333280,"16":1702488231042,"17":1702488928928,"18":1702489651099,"19":1702490383039},"datetime_complete":{"0":1702475695050,"1":1702477194677,"2":1702478121870,"3":1702479087832,"4":1702479743292,"5":1702480947221,"6":1702482341793,"7":1702483016712,"8":1702483062292,"9":1702484192725,"10":1702484826521,"11":1702485257414,"12":1702485933004,"13":1702486592491,"14":1702487333093,"15":1702488230904,"16":1702488928797,"17":1702489650937,"18":1702490382885,"19":1702491105134},"duration":{"0":905833,"1":1499462,"2":927030,"3":965739,"4":655275,"5":1203777,"6":1394415,"7":674763,"8":45445,"9":1130186,"10":633665,"11":430741,"12":675387,"13":659333,"14":740464,"15":897624,"16":697754,"17":722008,"18":731786,"19":722095},"params_batch_size":{"0":256,"1":512,"2":512,"3":4500,"4":512,"5":4096,"6":256,"7":4500,"8":256,"9":4096,"10":4500,"11":4500,"12":4500,"13":4500,"14":4500,"15":4500,"16":4500,"17":4500,"18":4500,"19":4500},"params_epochs":{"0":75,"1":142,"2":87,"3":103,"4":61,"5":133,"6":120,"7":72,"8":2,"9":125,"10":67,"11":45,"12":72,"13":70,"14":73,"15":96,"16":74,"17":77,"18":78,"19":77},"params_learning_rate":{"0":0.01574189,"1":0.0000066904,"2":0.0051410966,"3":0.0622002598,"4":0.0285708008,"5":0.0433504539,"6":0.0000042471,"7":0.0043000016,"8":0.0000004957,"9":0.0210511805,"10":0.0028026453,"11":0.0008253943,"12":0.0033423453,"13":0.000983493,"14":0.0031937569,"15":0.0030873844,"16":0.0032647569,"17":0.0036540801,"18":0.0036909146,"19":0.0037603468},"params_max_grad_norm":{"0":6.0909271151,"1":5.34261303,"2":2.1568030652,"3":8.1222940115,"4":2.7360438197,"5":8.9693080342,"6":8.3216275897,"7":2.147413679,"8":8.6584135736,"9":4.8277062666,"10":1.162475746,"11":1.417495542,"12":0.3819063294,"13":1.2088408276,"14":1.4680767219,"15":1.5535970684,"16":1.4769871054,"17":1.2458876635,"18":1.2383712731,"19":1.2745023286},"state":{"0":"COMPLETE","1":"COMPLETE","2":"COMPLETE","3":"COMPLETE","4":"COMPLETE","5":"COMPLETE","6":"COMPLETE","7":"COMPLETE","8":"COMPLETE","9":"COMPLETE","10":"COMPLETE","11":"COMPLETE","12":"COMPLETE","13":"COMPLETE","14":"COMPLETE","15":"COMPLETE","16":"COMPLETE","17":"COMPLETE","18":"COMPLETE","19":"COMPLETE"}}