{"epochs": 64, "batch_size": 4500, "learning_rate": 0.0031159039556769717, "max_grad_norm": 1.6855707488465865}