{"number":{"0":0,"1":1,"2":2,"3":3,"4":4,"5":5,"6":6,"7":7,"8":8,"9":9,"10":10,"11":11,"12":12,"13":13,"14":14,"15":15,"16":16,"17":17,"18":18,"19":19},"value":{"0":0.0109999999,"1":0.0049999999,"2":0.1274999976,"3":0.0214999989,"4":0.0085000005,"5":0.0265000015,"6":0.0185000002,"7":0.2759999931,"8":0.0060000001,"9":0.0215000007,"10":0.2804999948,"11":0.2644999921,"12":0.2644999921,"13":0.2445000112,"14":0.2904999852,"15":0.2785000205,"16":0.2845000029,"17":0.2935000062,"18":0.27700001,"19":0.2789999843},"datetime_start":{"0":1702474810551,"1":1702475695225,"2":1702477023760,"3":1702477845433,"4":1702478658426,"5":1702479240601,"6":1702480250617,"7":1702481509868,"8":1702482085790,"9":1702482121781,"10":1702483078074,"11":1702483616272,"12":1702484051416,"13":1702484649345,"14":1702485137147,"15":1702485658471,"16":1702486187129,"17":1702486690963,"18":1702487206009,"19":1702487846251},"datetime_complete":{"0":1702475695070,"1":1702477023583,"2":1702477845276,"3":1702478658268,"4":1702479240471,"5":1702480250425,"6":1702481509726,"7":1702482085633,"8":1702482121621,"9":1702483077893,"10":1702483616137,"11":1702484051257,"12":1702484649187,"13":1702485136977,"14":1702485658320,"15":1702486186960,"16":1702486690820,"17":1702487205825,"18":1702487846097,"19":1702488358724},"duration":{"0":884519,"1":1328357,"2":821515,"3":812835,"4":582044,"5":1009823,"6":1259108,"7":575764,"8":35831,"9":956112,"10":538062,"11":434984,"12":597770,"13":487631,"14":521172,"15":528488,"16":503691,"17":514862,"18":640087,"19":512473},"params_batch_size":{"0":256,"1":512,"2":512,"3":4500,"4":512,"5":4096,"6":256,"7":4500,"8":256,"9":4096,"10":4500,"11":4500,"12":4500,"13":4500,"14":4500,"15":4500,"16":4500,"17":4500,"18":4500,"19":4500},"params_epochs":{"0":75,"1":142,"2":87,"3":103,"4":61,"5":133,"6":120,"7":72,"8":2,"9":125,"10":67,"11":54,"12":75,"13":61,"14":65,"15":66,"16":63,"17":64,"18":64,"19":64},"params_learning_rate":{"0":0.01574189,"1":0.0000066904,"2":0.0051410966,"3":0.0622002598,"4":0.0285708008,"5":0.0433504539,"6":0.0000042471,"7":0.0043000016,"8":0.0000004957,"9":0.0210511805,"10":0.0027201018,"11":0.0022462734,"12":0.0030004251,"13":0.0090068674,"14":0.0030831422,"15":0.0022508537,"16":0.0035362532,"17":0.003115904,"18":0.0029700934,"19":0.0032048083},"params_max_grad_norm":{"0":6.0909271151,"1":5.34261303,"2":2.1568030652,"3":8.1222940115,"4":2.7360438197,"5":8.9693080342,"6":8.3216275897,"7":2.147413679,"8":8.6584135736,"9":4.8277062666,"10":1.1049010853,"11":2.1052475466,"12":1.3869123494,"13":1.1594235423,"14":1.5920700379,"15":2.1798746967,"16":1.8333504249,"17":1.6855707488,"18":1.6356940452,"19":1.814896286},"state":{"0":"COMPLETE","1":"COMPLETE","2":"COMPLETE","3":"COMPLETE","4":"COMPLETE","5":"COMPLETE","6":"COMPLETE","7":"COMPLETE","8":"COMPLETE","9":"COMPLETE","10":"COMPLETE","11":"COMPLETE","12":"COMPLETE","13":"COMPLETE","14":"COMPLETE","15":"COMPLETE","16":"COMPLETE","17":"COMPLETE","18":"COMPLETE","19":"COMPLETE"}}