{"epochs": 131, "batch_size": 4500, "learning_rate": 0.0021469921480285815, "max_grad_norm": 0.5982355796298915}