{"number":{"0":0,"1":1,"2":2,"3":3,"4":4,"5":5,"6":6,"7":7,"8":8,"9":9,"10":10,"11":11,"12":12,"13":13,"14":14,"15":15,"16":16,"17":17,"18":18,"19":19},"value":{"0":0.0109999999,"1":0.0149999987,"2":0.0254999995,"3":0.0100000007,"4":0.0194999985,"5":0.0090000005,"6":0.0044999998,"7":0.0360000022,"8":0.0040000002,"9":0.0329999998,"10":0.0355000012,"11":0.0190000013,"12":0.0445000008,"13":0.0445000008,"14":0.0419999994,"15":0.0120000001,"16":0.0494999997,"17":0.0329999998,"18":0.0490000024,"19":0.0450000018},"datetime_start":{"0":1702474811603,"1":1702475773885,"2":1702477399245,"3":1702478401593,"4":1702479425676,"5":1702480134392,"6":1702481416905,"7":1702482940640,"8":1702483665260,"9":1702483706815,"10":1702484915982,"11":1702485618247,"12":1702486211916,"13":1702487437808,"14":1702488850148,"15":1702490219044,"16":1702491496680,"17":1702492797055,"18":1702494077796,"19":1702495411572},"datetime_complete":{"0":1702475773755,"1":1702477399101,"2":1702478401461,"3":1702479425528,"4":1702480134260,"5":1702481416771,"6":1702482940493,"7":1702483665117,"8":1702483706649,"9":1702484915847,"10":1702485618082,"11":1702486211760,"12":1702487437676,"13":1702488849989,"14":1702490218900,"15":1702491496523,"16":1702492796887,"17":1702494077647,"18":1702495411427,"19":1702496718945},"duration":{"0":962151,"1":1625215,"2":1002216,"3":1023934,"4":708583,"5":1282378,"6":1523587,"7":724477,"8":41388,"9":1209032,"10":702100,"11":593512,"12":1225759,"13":1412181,"14":1368751,"15":1277478,"16":1300206,"17":1280591,"18":1333630,"19":1307372},"params_batch_size":{"0":256,"1":512,"2":512,"3":4500,"4":512,"5":4096,"6":256,"7":4500,"8":256,"9":4096,"10":4500,"11":4500,"12":4500,"13":4500,"14":4500,"15":4500,"16":4500,"17":4500,"18":4500,"19":4500},"params_epochs":{"0":75,"1":142,"2":87,"3":103,"4":61,"5":133,"6":120,"7":72,"8":2,"9":125,"10":70,"11":59,"12":123,"13":142,"14":138,"15":129,"16":131,"17":129,"18":134,"19":132},"params_learning_rate":{"0":0.01574189,"1":0.0000066904,"2":0.0051410966,"3":0.0622002598,"4":0.0285708008,"5":0.0433504539,"6":0.0000042471,"7":0.0043000016,"8":0.0000004957,"9":0.0210511805,"10":0.0027965611,"11":0.0033612261,"12":0.0038411322,"13":0.0042782956,"14":0.0029197623,"15":0.0329436609,"16":0.0021469921,"17":0.0012724443,"18":0.002751834,"19":0.0026384156},"params_max_grad_norm":{"0":6.0909271151,"1":5.34261303,"2":2.1568030652,"3":8.1222940115,"4":2.7360438197,"5":8.9693080342,"6":8.3216275897,"7":2.147413679,"8":8.6584135736,"9":4.8277062666,"10":1.0788375145,"11":1.7315222401,"12":1.0104923641,"13":0.8598014986,"14":1.1223475327,"15":0.6402489703,"16":0.5982355796,"17":0.2,"18":1.5264413666,"19":2.0911461835},"state":{"0":"COMPLETE","1":"COMPLETE","2":"COMPLETE","3":"COMPLETE","4":"COMPLETE","5":"COMPLETE","6":"COMPLETE","7":"COMPLETE","8":"COMPLETE","9":"COMPLETE","10":"COMPLETE","11":"COMPLETE","12":"COMPLETE","13":"COMPLETE","14":"COMPLETE","15":"COMPLETE","16":"COMPLETE","17":"COMPLETE","18":"COMPLETE","19":"COMPLETE"}}