{"number":{"0":0,"1":1,"2":2,"3":3,"4":4,"5":5,"6":6,"7":7,"8":8,"9":9,"10":10,"11":11,"12":12,"13":13,"14":14,"15":15,"16":16,"17":17,"18":18,"19":19},"value":{"0":0.2700000405,"1":0.2644444704,"2":0.2255555689,"3":0.2700000405,"4":0.2644444704,"5":0.2700000405,"6":0.2400000095,"7":0.2255555689,"8":0.2477777898,"9":0.2644444704,"10":0.2700000405,"11":0.0800000057,"12":0.2644444704,"13":0.2477777898,"14":0.2255555689,"15":0.2644444704,"16":0.2700000405,"17":0.0466666669,"18":0.2200000137,"19":0.2700000405},"datetime_start":{"0":1727093374568,"1":1727093498566,"2":1727093533049,"3":1727093568263,"4":1727093602970,"5":1727093637411,"6":1727093671999,"7":1727093707201,"8":1727093742592,"9":1727093777373,"10":1727093812793,"11":1727093847607,"12":1727093881971,"13":1727093916539,"14":1727093951724,"15":1727093988397,"16":1727094023654,"17":1727094058780,"18":1727094094278,"19":1727094130883},"datetime_complete":{"0":1727093498418,"1":1727093532872,"2":1727093568132,"3":1727093602779,"4":1727093637283,"5":1727093671872,"6":1727093707061,"7":1727093742440,"8":1727093777224,"9":1727093812664,"10":1727093847466,"11":1727093881821,"12":1727093916370,"13":1727093951570,"14":1727093988238,"15":1727094023491,"16":1727094058643,"17":1727094094134,"18":1727094130752,"19":1727094165696},"duration":{"0":123849,"1":34306,"2":35083,"3":34515,"4":34313,"5":34461,"6":35062,"7":35238,"8":34632,"9":35290,"10":34673,"11":34213,"12":34399,"13":35030,"14":36513,"15":35093,"16":34989,"17":35353,"18":36474,"19":34813},"params_batch_size":{"0":263,"1":236,"2":203,"3":256,"4":245,"5":264,"6":207,"7":205,"8":231,"9":213,"10":266,"11":262,"12":227,"13":252,"14":194,"15":239,"16":266,"17":224,"18":192,"19":266},"params_learning_rate":{"0":0.0000176702,"1":0.0024658329,"2":0.0000008632,"3":0.0000002231,"4":0.0004042873,"5":0.0000001329,"6":0.0098777003,"7":0.000001233,"8":0.0000066904,"9":0.0000390544,"10":0.0000015118,"11":0.0202820067,"12":0.0004135461,"13":0.0000108154,"14":0.0001727809,"15":0.0004689401,"16":0.0000722061,"17":0.0408532774,"18":0.0044834087,"19":0.000034901},"state":{"0":"COMPLETE","1":"COMPLETE","2":"COMPLETE","3":"COMPLETE","4":"COMPLETE","5":"COMPLETE","6":"COMPLETE","7":"COMPLETE","8":"COMPLETE","9":"COMPLETE","10":"COMPLETE","11":"COMPLETE","12":"COMPLETE","13":"COMPLETE","14":"COMPLETE","15":"COMPLETE","16":"COMPLETE","17":"COMPLETE","18":"COMPLETE","19":"COMPLETE"}}