{"number":{"0":0,"1":1,"2":2,"3":3,"4":4,"5":5,"6":6,"7":7,"8":8,"9":9,"10":10,"11":11,"12":12,"13":13,"14":14,"15":15,"16":16,"17":17,"18":18,"19":19},"value":{"0":0.2477777898,"1":0.25111112,"2":0.203333348,"3":0.2477777898,"4":0.2255555689,"5":0.2477777898,"6":0.2266666591,"7":0.2255555689,"8":0.2255555689,"9":0.2255555689,"10":0.0833333358,"11":0.1466666758,"12":0.2066666782,"13":0.2477777898,"14":0.2255555689,"15":0.088888891,"16":0.25111112,"17":0.2477777898,"18":0.2477777898,"19":0.203333348},"datetime_start":{"0":1727093374625,"1":1727093500953,"2":1727093535672,"3":1727093570885,"4":1727093601850,"5":1727093636631,"6":1727093671873,"7":1727093707510,"8":1727093744195,"9":1727093779992,"10":1727093815322,"11":1727093850338,"12":1727093886246,"13":1727093923129,"14":1727093959261,"15":1727093994957,"16":1727094031029,"17":1727094065042,"18":1727094100943,"19":1727094136530},"datetime_complete":{"0":1727093500736,"1":1727093535543,"2":1727093570741,"3":1727093601696,"4":1727093636505,"5":1727093671732,"6":1727093707385,"7":1727093743995,"8":1727093779867,"9":1727093815188,"10":1727093850210,"11":1727093886118,"12":1727093923000,"13":1727093959130,"14":1727093994779,"15":1727094030900,"16":1727094064914,"17":1727094100808,"18":1727094136401,"19":1727094171629},"duration":{"0":126110,"1":34589,"2":35069,"3":30811,"4":34655,"5":35101,"6":35512,"7":36484,"8":35671,"9":35196,"10":34887,"11":35779,"12":36754,"13":36000,"14":35518,"15":35942,"16":33885,"17":35765,"18":35457,"19":35098},"params_batch_size":{"0":263,"1":236,"2":203,"3":256,"4":245,"5":264,"6":207,"7":205,"8":231,"9":213,"10":266,"11":226,"12":200,"13":260,"14":238,"15":240,"16":262,"17":266,"18":266,"19":192},"params_learning_rate":{"0":0.0000176702,"1":0.0024658329,"2":0.0000008632,"3":0.0000002231,"4":0.0004042873,"5":0.0000001329,"6":0.0098777003,"7":0.000001233,"8":0.0000066904,"9":0.0000390544,"10":0.1,"11":0.0159899406,"12":0.0027261969,"13":0.0000017146,"14":0.0001564772,"15":0.0249448341,"16":0.001828575,"17":0.0000004947,"18":0.0000530913,"19":0.0000048642},"state":{"0":"COMPLETE","1":"COMPLETE","2":"COMPLETE","3":"COMPLETE","4":"COMPLETE","5":"COMPLETE","6":"COMPLETE","7":"COMPLETE","8":"COMPLETE","9":"COMPLETE","10":"COMPLETE","11":"COMPLETE","12":"COMPLETE","13":"COMPLETE","14":"COMPLETE","15":"COMPLETE","16":"COMPLETE","17":"COMPLETE","18":"COMPLETE","19":"COMPLETE"}}