{"epochs": 63, "batch_size": 45000, "learning_rate": 0.0028479601710435045, "max_grad_norm": 2.290736785139718}