{"number":{"0":0,"1":1,"2":2,"3":3,"4":4,"5":5,"6":6,"7":7,"8":8,"9":9,"10":10,"11":11,"12":12,"13":13,"14":14,"15":15,"16":16,"17":17,"18":18,"19":19},"value":{"0":0.0081999991,"1":0.0130000003,"2":0.0099999998,"3":0.0141999982,"4":0.0067999996,"5":0.8470000029,"6":0.0114000002,"7":0.0260000005,"8":0.0123999994,"9":0.0089999996,"10":0.8867999911,"11":0.7243999839,"12":0.1187999994,"13":0.8718000054,"14":0.8830000162,"15":0.8887999654,"16":0.883400023,"17":0.8717999458,"18":0.8811999559,"19":0.8791999817},"datetime_start":{"0":1702474788225,"1":1702482933214,"2":1702497797452,"3":1702505938344,"4":1702511440003,"5":1702522767922,"6":1702529681755,"7":1702529956755,"8":1702535795796,"9":1702545152352,"10":1702549435175,"11":1702556187796,"12":1702562258201,"13":1702570232520,"14":1702575138943,"15":1702581720824,"16":1702587291069,"17":1702593900582,"18":1702598777819,"19":1702604897011},"datetime_complete":{"0":1702482933059,"1":1702497797313,"2":1702505938163,"3":1702511439852,"4":1702522767786,"5":1702529681613,"6":1702529956611,"7":1702535795656,"8":1702545152185,"9":1702549435044,"10":1702556187650,"11":1702562258065,"12":1702570232384,"13":1702575138799,"14":1702581720659,"15":1702587290912,"16":1702593900401,"17":1702598777637,"18":1702604896833,"19":1702612721571},"duration":{"0":8144834,"1":14864098,"2":8140710,"3":5501507,"4":11327783,"5":6913691,"6":274855,"7":5838900,"8":9356388,"9":4282692,"10":6752475,"11":6070269,"12":7974183,"13":4906279,"14":6581715,"15":5570088,"16":6609331,"17":4877055,"18":6119013,"19":7824559},"params_batch_size":{"0":256,"1":32768,"2":45000,"3":16384,"4":512,"5":45000,"6":32768,"7":2048,"8":32768,"9":2048,"10":45000,"11":45000,"12":45000,"13":45000,"14":45000,"15":45000,"16":45000,"17":45000,"18":45000,"19":45000},"params_epochs":{"0":75,"1":167,"2":92,"3":61,"4":110,"5":78,"6":2,"7":63,"8":105,"9":46,"10":76,"11":68,"12":90,"13":54,"14":74,"15":63,"16":75,"17":55,"18":69,"19":89},"params_learning_rate":{"0":0.0000001329,"1":0.0000056607,"2":0.0622002598,"3":0.0000074177,"4":0.0000001868,"5":0.0043000016,"6":0.0000096691,"7":0.0042247701,"8":0.0000289933,"9":0.0226649096,"10":0.0029708623,"11":0.0005588853,"12":0.0090135117,"13":0.0017193036,"14":0.0019890829,"15":0.0028479602,"16":0.0025748431,"17":0.0016345263,"18":0.0026961512,"19":0.0013270268},"params_max_grad_norm":{"0":9.7051165512,"1":3.7903460643,"2":8.1222940115,"3":5.2966666075,"4":3.3882372415,"5":2.147413679,"6":0.8228718328,"7":5.0391968444,"8":7.6044011577,"9":5.4855539708,"10":1.2102259431,"11":1.5232446252,"12":0.8993120403,"13":2.5811920265,"14":2.1067280134,"15":2.2907367851,"16":2.1606171941,"17":1.199215039,"18":1.9220067052,"19":2.0012540293},"state":{"0":"COMPLETE","1":"COMPLETE","2":"COMPLETE","3":"COMPLETE","4":"COMPLETE","5":"COMPLETE","6":"COMPLETE","7":"COMPLETE","8":"COMPLETE","9":"COMPLETE","10":"COMPLETE","11":"COMPLETE","12":"COMPLETE","13":"COMPLETE","14":"COMPLETE","15":"COMPLETE","16":"COMPLETE","17":"COMPLETE","18":"COMPLETE","19":"COMPLETE"}}