{"number":{"0":0,"1":1,"2":2,"3":3,"4":4,"5":5,"6":6,"7":7,"8":8,"9":9,"10":10,"11":11,"12":12,"13":13,"14":14,"15":15,"16":16,"17":17,"18":18,"19":19,"20":20,"21":21,"22":22,"23":23,"24":24,"25":25,"26":26,"27":27,"28":28,"29":29,"30":30,"31":31,"32":32,"33":33,"34":34,"35":35,"36":36,"37":37,"38":38,"39":39,"40":40,"41":41,"42":42,"43":43,"44":44,"45":45,"46":46,"47":47,"48":48,"49":49},"value":{"0":0.0250000004,"1":0.0115,"2":0.5789999962,"3":0.0040000002,"4":0.0235000011,"5":0.0240000002,"6":0.0250000004,"7":0.7354999781,"8":0.0060000001,"9":0.4439999759,"10":0.7005000114,"11":0.7220000029,"12":0.7354999781,"13":0.7210000157,"14":0.7285000086,"15":0.7204999924,"16":0.7434999943,"17":0.7285000086,"18":0.7319999933,"19":0.7285000086,"20":0.7250000238,"21":0.7269999981,"22":0.7369999886,"23":0.7315000296,"24":0.7350000143,"25":0.7324999571,"26":0.7329999804,"27":0.7254999876,"28":0.7339999676,"29":0.7319999933,"30":0.7354999781,"31":0.7350000143,"32":0.7365000248,"33":0.7285000086,"34":0.7209999561,"35":0.7400000095,"36":0.7335000038,"37":0.7339999676,"38":0.7419999838,"39":0.7285000086,"40":0.7339999676,"41":0.7395000458,"42":0.7369999886,"43":0.7329999208,"44":0.7014999986,"45":0.7394999862,"46":0.7374999523,"47":0.7269999981,"48":0.7319999933,"49":0.7365000248},"datetime_start":{"0":1702566772474,"1":1702567575127,"2":1702568903107,"3":1702569721469,"4":1702570534535,"5":1702571114820,"6":1702572121221,"7":1702573385025,"8":1702573955594,"9":1702573994079,"10":1702574943934,"11":1702575477022,"12":1702576063451,"13":1702576566065,"14":1702577240413,"15":1702577822498,"16":1702578323878,"17":1702578926427,"18":1702579570514,"19":1702580158023,"20":1702580752526,"21":1702581347397,"22":1702581948781,"23":1702582547688,"24":1702583133560,"25":1702583728472,"26":1702584332408,"27":1702584935732,"28":1702585532817,"29":1702586131226,"30":1702586726246,"31":1702587321531,"32":1702587916570,"33":1702588505683,"34":1702589086368,"35":1702589684198,"36":1702590286570,"37":1702590898328,"38":1702591509102,"39":1702592117207,"40":1702592750003,"41":1702593355037,"42":1702594059294,"43":1702594655460,"44":1702595251573,"45":1702596325459,"46":1702596920096,"47":1702597507410,"48":1702598094292,"49":1702598690771},"datetime_complete":{"0":1702567574980,"1":1702568902972,"2":1702569721267,"3":1702570534357,"4":1702571114679,"5":1702572121081,"6":1702573384881,"7":1702573955458,"8":1702573993951,"9":1702574943782,"10":1702575476888,"11":1702576063293,"12":1702576565924,"13":1702577240245,"14":1702577822355,"15":1702578323735,"16":1702578926281,"17":1702579570359,"18":1702580157891,"19":1702580752376,"20":1702581347229,"21":1702581948635,"22":1702582547543,"23":1702583133405,"24":1702583728325,"25":1702584332234,"26":1702584935583,"27":1702585532681,"28":1702586131091,"29":1702586726099,"30":1702587321379,"31":1702587916412,"32":1702588505516,"33":1702589086235,"34":1702589684042,"35":1702590286392,"36":1702590898156,"37":1702591508962,"38":1702592117030,"39":1702592749842,"40":1702593354848,"41":1702594059157,"42":1702594655288,"43":1702595251405,"44":1702596325314,"45":1702596919916,"46":1702597507251,"47":1702598094146,"48":1702598690631,"49":1702599286632},"duration":{"0":802506,"1":1327845,"2":818160,"3":812887,"4":580144,"5":1006260,"6":1263659,"7":570433,"8":38356,"9":949703,"10":532954,"11":586271,"12":502473,"13":674179,"14":581942,"15":501236,"16":602402,"17":643932,"18":587376,"19":594353,"20":594703,"21":601237,"22":598762,"23":585717,"24":594764,"25":603762,"26":603175,"27":596949,"28":598274,"29":594872,"30":595133,"31":594881,"32":588945,"33":580551,"34":597674,"35":602194,"36":611586,"37":610633,"38":607928,"39":632635,"40":604844,"41":704120,"42":595993,"43":595945,"44":1073740,"45":594456,"46":587155,"47":586735,"48":596339,"49":595861},"params_batch_size":{"0":256,"1":512,"2":512,"3":4500,"4":512,"5":4096,"6":256,"7":4500,"8":256,"9":4096,"10":4500,"11":4500,"12":4500,"13":4500,"14":4500,"15":4500,"16":4500,"17":4500,"18":4500,"19":4500,"20":4500,"21":4500,"22":4500,"23":4500,"24":4500,"25":4500,"26":4500,"27":4500,"28":4500,"29":4500,"30":4500,"31":4500,"32":4500,"33":4500,"34":4500,"35":4500,"36":4500,"37":4500,"38":4500,"39":4500,"40":4500,"41":4500,"42":4500,"43":4500,"44":512,"45":4500,"46":4500,"47":4500,"48":4500,"49":4500},"params_epochs":{"0":75,"1":142,"2":87,"3":103,"4":61,"5":133,"6":120,"7":72,"8":2,"9":125,"10":67,"11":74,"12":63,"13":85,"14":73,"15":63,"16":76,"17":81,"18":74,"19":75,"20":75,"21":75,"22":75,"23":74,"24":75,"25":76,"26":76,"27":75,"28":75,"29":75,"30":75,"31":75,"32":74,"33":73,"34":75,"35":76,"36":77,"37":77,"38":77,"39":80,"40":76,"41":76,"42":75,"43":75,"44":115,"45":75,"46":74,"47":74,"48":75,"49":75},"params_learning_rate":{"0":0.01574189,"1":0.0000066904,"2":0.0051410966,"3":0.0622002598,"4":0.0285708008,"5":0.0433504539,"6":0.0000042471,"7":0.0043000016,"8":0.0000004957,"9":0.0210511805,"10":0.0026416337,"11":0.003115016,"12":0.00475967,"13":0.0060427964,"14":0.0046196343,"15":0.0046681591,"16":0.0045036,"17":0.0043941959,"18":0.0045848357,"19":0.0045803915,"20":0.0045588217,"21":0.0045129598,"22":0.0045037808,"23":0.0045443567,"24":0.0045321529,"25":0.0045624867,"26":0.0046035733,"27":0.0046033879,"28":0.004525028,"29":0.0045276159,"30":0.0045489843,"31":0.0045448783,"32":0.0045188191,"33":0.0045064216,"34":0.0045798502,"35":0.0045751145,"36":0.0045785864,"37":0.0045734286,"38":0.0045975981,"39":0.00467434,"40":0.0045265714,"41":0.0046663237,"42":0.0045405212,"43":0.0045096895,"44":0.0011572889,"45":0.0046928295,"46":0.0047804909,"47":0.0050328624,"48":0.0044975322,"49":0.0044115565},"params_max_grad_norm":{"0":6.0909271151,"1":5.34261303,"2":2.1568030652,"3":8.1222940115,"4":2.7360438197,"5":8.9693080342,"6":8.3216275897,"7":2.147413679,"8":8.6584135736,"9":4.8277062666,"10":1.0202321301,"11":1.8749877243,"12":1.7550689609,"13":1.0845997773,"14":1.6155066762,"15":1.9549846286,"16":1.6629043923,"17":1.663219,"18":1.5832126634,"19":1.6215459273,"20":1.6484088755,"21":1.6676031761,"22":1.6787445648,"23":1.6467751567,"24":1.674243295,"25":1.6747880451,"26":1.6762831133,"27":1.6637274523,"28":1.6563456413,"29":1.6393349775,"30":1.6409319812,"31":1.6170972743,"32":1.58574334,"33":1.4698683151,"34":1.6041359196,"35":1.64465616,"36":1.6853076034,"37":1.6937797296,"38":1.7048720578,"39":1.7986221223,"40":1.6360105169,"41":1.5824294165,"42":1.6389783982,"43":1.635944009,"44":0.9896285202,"45":1.6142385742,"46":1.6289273511,"47":1.6173160383,"48":1.5999441197,"49":1.5749576512},"state":{"0":"COMPLETE","1":"COMPLETE","2":"COMPLETE","3":"COMPLETE","4":"COMPLETE","5":"COMPLETE","6":"COMPLETE","7":"COMPLETE","8":"COMPLETE","9":"COMPLETE","10":"COMPLETE","11":"COMPLETE","12":"COMPLETE","13":"COMPLETE","14":"COMPLETE","15":"COMPLETE","16":"COMPLETE","17":"COMPLETE","18":"COMPLETE","19":"COMPLETE","20":"COMPLETE","21":"COMPLETE","22":"COMPLETE","23":"COMPLETE","24":"COMPLETE","25":"COMPLETE","26":"COMPLETE","27":"COMPLETE","28":"COMPLETE","29":"COMPLETE","30":"COMPLETE","31":"COMPLETE","32":"COMPLETE","33":"COMPLETE","34":"COMPLETE","35":"COMPLETE","36":"COMPLETE","37":"COMPLETE","38":"COMPLETE","39":"COMPLETE","40":"COMPLETE","41":"COMPLETE","42":"COMPLETE","43":"COMPLETE","44":"COMPLETE","45":"COMPLETE","46":"COMPLETE","47":"COMPLETE","48":"COMPLETE","49":"COMPLETE"}}